# source, target, width, color
0,327,1.5952714681625366,"#e08f14
"
0,739,1.5020498037338257,"#bf842b
"
0,237,1.5020498037338257,"#bf842b
"
0,323,1.5237034559249878,"#c78625
"
0,480,1.5952714681625366,"#e08f14
"
0,454,1.5530887842178345,"#d18a1e
"
0,180,1.360045313835144,"#8c734d
"
0,453,1.9564969539642334,"#ff4d00
"
0,322,1.9564969539642334,"#ff4d00
"
1,769,1.3052434921264648,"#796c5a
"
6,290,1.5530887842178345,"#d18a1e
"
7,9,1.280964732170105,"#70695f
"
7,8,1.6914021968841553,"#ff9600
"
8,750,1.6914021968841553,"#ff9600
"
8,860,1.5530887842178345,"#d18a1e
"
11,12,1.4178099632263184,"#a17a3f
"
12,359,1.5422025918960571,"#cd8821
"
13,290,1.8983527421951294,"#ff5d00
"
13,376,1.6177585124969482,"#e8910f
"
13,508,1.5422025918960571,"#cd8821
"
13,505,1.6784417629241943,"#fe9901
"
13,291,1.57212233543396,"#d88c1a
"
13,509,1.5237034559249878,"#c78625
"
13,379,1.5422025918960571,"#cd8821
"
13,378,1.6449317932128906,"#f29509
"
13,392,1.6784417629241943,"#fe9901
"
13,377,1.8265273571014404,"#ff7100
"
14,393,1.7251737117767334,"#ff8d00
"
14,483,1.5581871271133423,"#d38a1d
"
14,183,1.5143017768859863,"#c38528
"
14,762,1.8017219305038452,"#ff7800
"
14,765,1.5143017768859863,"#c38528
"
14,763,1.7251737117767334,"#ff8d00
"
14,758,1.7251737117767334,"#ff8d00
"
14,761,1.7251737117767334,"#ff8d00
"
14,654,1.4785135984420776,"#b78130
"
14,772,1.6517502069473267,"#f59607
"
14,764,1.5814515352249146,"#db8d18
"
14,802,1.6753382682800293,"#fd9801
"
14,809,1.6155211925506592,"#e89110
"
14,656,1.5143017768859863,"#c38528
"
14,78,1.8813649415969849,"#ff6200
"
15,458,1.4854570627212524,"#b9822f
"
15,539,1.4854570627212524,"#b9822f
"
15,546,1.6137025356292725,"#e79110
"
16,377,1.6240448951721191,"#eb920e
"
16,174,1.4854570627212524,"#b9822f
"
16,807,1.4854570627212524,"#b9822f
"
16,369,1.5952714681625366,"#e08f14
"
18,284,1.5237034559249878,"#c78625
"
19,520,1.5422025918960571,"#cd8821
"
19,301,1.5422025918960571,"#cd8821
"
19,507,1.5422025918960571,"#cd8821
"
19,147,1.5422025918960571,"#cd8821
"
19,506,1.5422025918960571,"#cd8821
"
19,391,1.728922724723816,"#ff8c00
"
21,393,2.2752466201782227,"#ff2e00
"
21,762,1.6784417629241943,"#fe9901
"
21,765,1.9050278663635254,"#ff5b00
"
21,802,1.6753382682800293,"#fd9801
"
21,758,1.6784417629241943,"#fe9901
"
21,761,1.7509896755218506,"#ff8600
"
21,803,1.7509896755218506,"#ff8600
"
21,763,1.6784417629241943,"#fe9901
"
21,184,2.39729642868042,"#ff2500
"
21,151,1.886932134628296,"#ff6000
"
21,192,1.7557226419448853,"#ff8400
"
21,614,1.6088284254074097,"#e59011
"
21,809,1.5168771743774414,"#c48527
"
21,191,2.186182737350464,"#ff3400
"
21,22,3.327608585357666,"#ff0000
"
21,788,2.2752466201782227,"#ff2e00
"
21,482,2.2752466201782227,"#ff2e00
"
22,150,1.4785135984420776,"#b78130
"
22,788,3.327608585357666,"#ff0000
"
22,393,1.9050278663635254,"#ff5b00
"
22,763,1.6784417629241943,"#fe9901
"
22,614,1.6784417629241943,"#fe9901
"
22,764,1.5422025918960571,"#cd8821
"
22,482,2.2752466201782227,"#ff2e00
"
22,14,1.4785135984420776,"#b78130
"
22,802,1.925974726676941,"#ff5600
"
22,762,1.9050278663635254,"#ff5b00
"
22,78,1.6088284254074097,"#e59011
"
22,809,1.6673223972320557,"#fa9703
"
22,759,1.4785135984420776,"#b78130
"
22,143,1.4785135984420776,"#b78130
"
22,765,2.6144449710845947,"#ff1600
"
22,761,2.2752466201782227,"#ff2e00
"
22,803,1.6784417629241943,"#fe9901
"
22,613,1.6088284254074097,"#e59011
"
22,758,1.8265273571014404,"#ff7100
"
23,393,2.5401132106781006,"#ff1b00
"
23,763,2.1944737434387207,"#ff3300
"
23,803,1.8017219305038452,"#ff7800
"
23,760,1.5814515352249146,"#db8d18
"
23,809,1.5168771743774414,"#c48527
"
23,802,1.7966138124465942,"#ff7900
"
23,765,2.1944737434387207,"#ff3300
"
23,762,1.8813649415969849,"#ff6200
"
23,761,2.1944737434387207,"#ff3300
"
23,613,1.5143017768859863,"#c38528
"
23,758,1.9641615152359009,"#ff4b00
"
23,185,2.8980116844177246,"#ff0200
"
23,143,1.5814515352249146,"#db8d18
"
23,357,2.5401132106781006,"#ff1b00
"
23,24,2.186182737350464,"#ff3400
"
23,21,1.986459493637085,"#ff4500
"
23,184,1.9564969539642334,"#ff4d00
"
23,78,1.5814515352249146,"#db8d18
"
23,764,1.5143017768859863,"#c38528
"
23,150,1.5143017768859863,"#c38528
"
23,788,2.1944737434387207,"#ff3300
"
23,14,1.5143017768859863,"#c38528
"
23,482,1.9050278663635254,"#ff5b00
"
23,192,1.8796526193618774,"#ff6200
"
23,151,1.886932134628296,"#ff6000
"
23,22,2.6144449710845947,"#ff1600
"
23,191,1.9703493118286133,"#ff4900
"
24,763,1.895295262336731,"#ff5e00
"
24,803,1.7528194189071655,"#ff8500
"
24,765,2.186182737350464,"#ff3400
"
24,393,1.8227852582931519,"#ff7200
"
24,78,1.6853978633880615,"#ff9800
"
24,809,1.8909435272216797,"#ff5f00
"
24,614,1.7528194189071655,"#ff8500
"
24,764,1.5581871271133423,"#d38a1d
"
24,760,1.4983980655670166,"#be832c
"
24,761,2.186182737350464,"#ff3400
"
24,613,1.5581871271133423,"#d38a1d
"
24,758,1.7528194189071655,"#ff8500
"
24,730,1.6685572862625122,"#fb9803
"
24,144,1.4983980655670166,"#be832c
"
24,483,1.4983980655670166,"#be832c
"
24,759,1.4983980655670166,"#be832c
"
24,191,3.840956449508667,"#ff0000
"
24,184,3.6325554847717285,"#ff0000
"
24,802,2.811372756958008,"#ff0800
"
24,22,3.149409532546997,"#ff0000
"
24,150,1.6853978633880615,"#ff9800
"
24,788,2.8184549808502197,"#ff0700
"
24,192,2.585118293762207,"#ff1800
"
24,151,2.6931447982788086,"#ff1000
"
24,21,2.186182737350464,"#ff3400
"
24,14,1.6853978633880615,"#ff9800
"
24,482,2.186182737350464,"#ff3400
"
24,762,2.4973793029785156,"#ff1e00
"
25,550,1.5020498037338257,"#bf842b
"
26,660,1.5422025918960571,"#cd8821
"
26,593,1.5952714681625366,"#e08f14
"
26,13,1.986459493637085,"#ff4500
"
26,504,1.6784417629241943,"#fe9901
"
26,769,1.6784417629241943,"#fe9901
"
26,742,1.8732661008834839,"#ff6400
"
26,290,1.6607606410980225,"#f89705
"
26,378,1.5237034559249878,"#c78625
"
26,520,1.6784417629241943,"#fe9901
"
26,301,1.6784417629241943,"#fe9901
"
26,69,1.5422025918960571,"#cd8821
"
26,237,1.5422025918960571,"#cd8821
"
26,147,1.5422025918960571,"#cd8821
"
26,775,1.5371849536895752,"#cc8822
"
26,153,1.6784417629241943,"#fe9901
"
26,174,1.5422025918960571,"#cd8821
"
26,377,1.6784417629241943,"#fe9901
"
26,505,1.5422025918960571,"#cd8821
"
26,376,1.5086091756820679,"#c18429
"
26,379,1.5422025918960571,"#cd8821
"
26,509,1.5237034559249878,"#c78625
"
27,161,1.7207682132720947,"#ff8e00
"
27,26,1.5422025918960571,"#cd8821
"
27,502,1.56538987159729,"#d68b1c
"
28,137,1.360045313835144,"#8c734d
"
29,172,1.5343255996704102,"#cb8823
"
29,545,1.5343255996704102,"#cb8823
"
30,550,1.4854570627212524,"#b9822f
"
30,25,1.4854570627212524,"#b9822f
"
30,13,1.5422025918960571,"#cd8821
"
30,807,1.4854570627212524,"#b9822f
"
30,419,1.5952714681625366,"#e08f14
"
30,61,1.5086091756820679,"#c18429
"
30,16,1.4854570627212524,"#b9822f
"
31,295,1.2478358745574951,"#666666
"
32,456,1.5237034559249878,"#c78625
"
32,327,1.6914021968841553,"#ff9600
"
33,858,1.2478358745574951,"#666666
"
35,511,1.5237034559249878,"#c78625
"
35,554,1.7349653244018555,"#ff8a00
"
35,634,1.5237034559249878,"#c78625
"
35,553,1.4121733903884888,"#9f7940
"
36,273,1.7251737117767334,"#ff8d00
"
36,34,1.5143017768859863,"#c38528
"
36,43,1.6205203533172607,"#e9920e
"
36,276,1.5814515352249146,"#db8d18
"
36,274,1.5143017768859863,"#c38528
"
36,624,1.2253156900405884,"#666666
"
37,773,1.5530887842178345,"#d18a1e
"
38,40,1.5020498037338257,"#bf842b
"
38,57,1.5020498037338257,"#bf842b
"
39,49,1.4960488080978394,"#bd832c
"
39,278,1.5020498037338257,"#bf842b
"
39,35,1.4960488080978394,"#bd832c
"
39,34,1.5020498037338257,"#bf842b
"
39,50,1.8142457008361816,"#ff7400
"
40,277,1.4854570627212524,"#b9822f
"
40,63,1.6914021968841553,"#ff9600
"
40,62,1.5793168544769287,"#db8d18
"
40,330,1.5020498037338257,"#bf842b
"
40,64,1.5343255996704102,"#cb8823
"
40,59,1.5793168544769287,"#db8d18
"
40,58,1.4932256937026978,"#bc832d
"
40,61,1.5020498037338257,"#bf842b
"
40,60,1.4854570627212524,"#b9822f
"
40,57,1.836177945137024,"#ff6e00
"
40,56,1.6607606410980225,"#f89705
"
40,275,1.836177945137024,"#ff6e00
"
40,278,1.7463809251785278,"#ff8700
"
40,280,1.5793168544769287,"#db8d18
"
40,655,1.836177945137024,"#ff6e00
"
40,279,1.4932256937026978,"#bc832d
"
40,281,1.5793168544769287,"#db8d18
"
40,282,1.4932256937026978,"#bc832d
"
41,44,1.360045313835144,"#8c734d
"
42,36,1.56538987159729,"#d68b1c
"
42,43,1.7207682132720947,"#ff8e00
"
42,274,1.5168771743774414,"#c48527
"
42,273,1.56538987159729,"#d68b1c
"
43,273,1.4983980655670166,"#be832c
"
43,274,1.4983980655670166,"#be832c
"
44,718,1.2746504545211792,"#6e6961
"
45,505,1.2911473512649536,"#746b5d
"
48,46,1.4336943626403809,"#a77c3b
"
48,47,1.2911473512649536,"#746b5d
"
48,634,1.4336943626403809,"#a77c3b
"
50,625,1.3975472450256348,"#9a7744
"
50,34,1.5020498037338257,"#bf842b
"
51,28,1.360045313835144,"#8c734d
"
53,52,1.1261556148529053,"#666666
"
54,630,1.2911473512649536,"#746b5d
"
54,663,1.7207682132720947,"#ff8e00
"
54,629,1.5020498037338257,"#bf842b
"
55,54,1.4336943626403809,"#a77c3b
"
56,484,1.5793168544769287,"#db8d18
"
56,797,1.775858759880066,"#ff7f00
"
57,652,1.5020498037338257,"#bf842b
"
57,56,1.5793168544769287,"#db8d18
"
57,654,1.6088284254074097,"#e59011
"
57,653,1.5020498037338257,"#bf842b
"
57,655,1.5793168544769287,"#db8d18
"
57,61,1.5020498037338257,"#bf842b
"
57,58,1.4932256937026978,"#bc832d
"
57,59,1.7463809251785278,"#ff8700
"
57,64,1.610900640487671,"#e69111
"
57,63,1.5343255996704102,"#cb8823
"
57,650,1.775858759880066,"#ff7f00
"
57,62,1.5020498037338257,"#bf842b
"
57,281,1.6607606410980225,"#f89705
"
57,275,1.7463809251785278,"#ff8700
"
57,280,1.6607606410980225,"#f89705
"
57,278,1.7463809251785278,"#ff8700
"
58,736,1.5422025918960571,"#cd8821
"
58,56,1.8040062189102173,"#ff7700
"
58,483,1.4983980655670166,"#be832c
"
58,737,1.7207682132720947,"#ff8e00
"
58,484,1.8040062189102173,"#ff7700
"
58,546,1.8040062189102173,"#ff7700
"
58,489,1.5059044361114502,"#c0842a
"
58,168,1.4932256937026978,"#bc832d
"
58,545,1.8040062189102173,"#ff7700
"
58,797,1.8503702878952026,"#ff6a00
"
58,655,1.8040062189102173,"#ff7700
"
58,173,1.4932256937026978,"#bc832d
"
58,547,1.7251737117767334,"#ff8d00
"
58,653,1.6412293910980225,"#f19409
"
58,539,1.7207682132720947,"#ff8e00
"
58,83,1.6449317932128906,"#f29509
"
58,731,1.5157833099365234,"#c48527
"
58,171,1.4932256937026978,"#bc832d
"
58,542,1.5059044361114502,"#c0842a
"
58,654,1.7509896755218506,"#ff8600
"
58,492,1.5059044361114502,"#c0842a
"
58,59,1.6412293910980225,"#f19409
"
58,382,1.6412293910980225,"#f19409
"
58,540,1.6703306436538696,"#fb9802
"
58,170,1.5952714681625366,"#e08f14
"
59,382,1.628730058670044,"#ec930c
"
59,190,1.5464180707931519,"#cf8920
"
59,654,1.4785135984420776,"#b78130
"
59,545,1.5020498037338257,"#bf842b
"
59,737,1.56538987159729,"#d68b1c
"
59,653,1.628730058670044,"#ec930c
"
59,546,1.7155178785324097,"#ff8f00
"
59,56,1.5020498037338257,"#bf842b
"
59,170,1.5237034559249878,"#c78625
"
59,540,1.5237034559249878,"#c78625
"
59,655,2.010045289993286,"#ff4000
"
59,548,1.806756615638733,"#ff7600
"
60,540,1.5530887842178345,"#d18a1e
"
60,654,1.6088284254074097,"#e59011
"
60,170,1.5530887842178345,"#d18a1e
"
60,733,1.5744744539260864,"#d98c19
"
60,737,1.4854570627212524,"#b9822f
"
60,489,1.5059044361114502,"#c0842a
"
60,731,1.57212233543396,"#d88c1a
"
61,375,1.5086091756820679,"#c18429
"
61,539,1.5763740539550781,"#da8d19
"
61,546,1.6137025356292725,"#e79110
"
61,237,1.6177585124969482,"#e8910f
"
61,775,1.5371849536895752,"#cc8822
"
61,84,1.5371849536895752,"#cc8822
"
61,663,1.6177585124969482,"#e8910f
"
61,664,1.5086091756820679,"#c18429
"
61,291,1.6177585124969482,"#e8910f
"
61,796,1.5086091756820679,"#c18429
"
61,75,1.6177585124969482,"#e8910f
"
61,479,1.860283613204956,"#ff6800
"
61,56,1.836177945137024,"#ff6e00
"
61,481,1.6177585124969482,"#e8910f
"
61,662,1.5086091756820679,"#c18429
"
62,731,1.6306710243225098,"#ed930c
"
62,540,1.5237034559249878,"#c78625
"
62,61,1.5020498037338257,"#bf842b
"
62,458,1.6607606410980225,"#f89705
"
62,755,1.5793168544769287,"#db8d18
"
62,542,1.5059044361114502,"#c0842a
"
62,736,1.5422025918960571,"#cd8821
"
62,76,1.5020498037338257,"#bf842b
"
62,58,1.4932256937026978,"#bc832d
"
62,330,1.5020498037338257,"#bf842b
"
62,79,1.5020498037338257,"#bf842b
"
62,64,1.775858759880066,"#ff7f00
"
62,811,1.6607606410980225,"#f89705
"
62,838,1.5020498037338257,"#bf842b
"
62,489,1.5059044361114502,"#c0842a
"
62,56,1.6607606410980225,"#f89705
"
62,490,1.9301514625549316,"#ff5400
"
62,63,1.9564969539642334,"#ff4d00
"
63,736,1.5422025918960571,"#cd8821
"
63,56,1.5343255996704102,"#cb8823
"
63,737,1.4932256937026978,"#bc832d
"
63,675,1.5343255996704102,"#cb8823
"
63,797,1.5059044361114502,"#c0842a
"
63,540,1.5952714681625366,"#e08f14
"
63,458,1.5343255996704102,"#cb8823
"
63,489,1.7041586637496948,"#ff9300
"
63,731,1.6914021968841553,"#ff9600
"
63,58,1.6412293910980225,"#f19409
"
63,60,1.6240448951721191,"#eb920e
"
63,490,1.6914021968841553,"#ff9600
"
63,64,1.6914021968841553,"#ff9600
"
63,542,1.5059044361114502,"#c0842a
"
64,755,1.610900640487671,"#e69111
"
64,736,1.6088284254074097,"#e59011
"
64,540,1.7488806247711182,"#ff8600
"
64,654,1.6088284254074097,"#e59011
"
64,539,1.610900640487671,"#e69111
"
64,731,1.57212233543396,"#d88c1a
"
64,546,1.5343255996704102,"#cb8823
"
64,489,1.6352440118789673,"#ef940b
"
64,737,1.4932256937026978,"#bc832d
"
64,545,1.610900640487671,"#e69111
"
64,231,1.2990039587020874,"#766b5b
"
64,56,1.775858759880066,"#ff7f00
"
64,479,1.5343255996704102,"#cb8823
"
64,797,1.5691684484481812,"#d78c1b
"
64,60,1.5530887842178345,"#d18a1e
"
64,58,1.56538987159729,"#d68b1c
"
65,519,1.6352440118789673,"#ef940b
"
65,505,1.5952714681625366,"#e08f14
"
66,387,1.8503702878952026,"#ff6a00
"
66,404,1.5020498037338257,"#bf842b
"
66,408,1.6352440118789673,"#ef940b
"
66,72,1.8503702878952026,"#ff6a00
"
66,73,1.8503702878952026,"#ff6a00
"
66,410,1.56538987159729,"#d68b1c
"
66,407,1.5237034559249878,"#c78625
"
66,409,1.5237034559249878,"#c78625
"
66,70,1.6352440118789673,"#ef940b
"
67,71,1.6914021968841553,"#ff9600
"
67,387,1.6914021968841553,"#ff9600
"
68,387,1.775858759880066,"#ff7f00
"
68,71,1.5530887842178345,"#d18a1e
"
68,70,1.6352440118789673,"#ef940b
"
68,73,1.6352440118789673,"#ef940b
"
68,72,1.6352440118789673,"#ef940b
"
68,67,1.5530887842178345,"#d18a1e
"
68,66,1.6352440118789673,"#ef940b
"
69,259,1.836177945137024,"#ff6e00
"
69,284,1.5952714681625366,"#e08f14
"
69,497,1.5952714681625366,"#e08f14
"
69,10,1.2911473512649536,"#746b5d
"
69,237,1.5020498037338257,"#bf842b
"
69,147,1.6240448951721191,"#eb920e
"
69,769,1.6784417629241943,"#fe9901
"
69,153,1.775858759880066,"#ff7f00
"
70,387,1.8503702878952026,"#ff6a00
"
70,637,1.6352440118789673,"#ef940b
"
70,409,1.5237034559249878,"#c78625
"
71,122,1.4854570627212524,"#b9822f
"
71,637,1.6914021968841553,"#ff9600
"
71,70,1.6352440118789673,"#ef940b
"
71,750,1.5952714681625366,"#e08f14
"
71,387,1.9564969539642334,"#ff4d00
"
72,610,1.6240448951721191,"#eb920e
"
72,410,1.56538987159729,"#d68b1c
"
72,71,1.8503702878952026,"#ff6a00
"
72,156,1.775858759880066,"#ff7f00
"
72,404,1.6607606410980225,"#f89705
"
72,409,1.5237034559249878,"#c78625
"
72,70,1.6352440118789673,"#ef940b
"
72,387,1.8503702878952026,"#ff6a00
"
73,415,1.5237034559249878,"#c78625
"
73,72,1.6352440118789673,"#ef940b
"
73,70,1.6352440118789673,"#ef940b
"
73,389,1.6352440118789673,"#ef940b
"
73,407,1.7091829776763916,"#ff9100
"
73,637,1.8503702878952026,"#ff6a00
"
73,387,1.8503702878952026,"#ff6a00
"
74,376,1.5086091756820679,"#c18429
"
74,518,1.6449317932128906,"#f29509
"
75,796,1.5086091756820679,"#c18429
"
77,619,1.5530887842178345,"#d18a1e
"
77,653,1.4763646125793457,"#b68131
"
78,802,1.925974726676941,"#ff5600
"
78,809,1.6673223972320557,"#fa9703
"
78,393,1.5814515352249146,"#db8d18
"
78,765,1.5814515352249146,"#db8d18
"
78,143,1.5814515352249146,"#db8d18
"
78,759,1.8017219305038452,"#ff7800
"
78,772,1.7251737117767334,"#ff8d00
"
78,654,1.6088284254074097,"#e59011
"
78,763,1.6517502069473267,"#f59607
"
78,761,1.9641615152359009,"#ff4b00
"
78,758,1.5143017768859863,"#c38528
"
78,657,1.5814515352249146,"#db8d18
"
78,83,1.5237034559249878,"#c78625
"
78,483,1.4983980655670166,"#be832c
"
78,656,1.5143017768859863,"#c38528
"
78,484,1.5143017768859863,"#c38528
"
78,183,1.5814515352249146,"#db8d18
"
78,762,2.1944737434387207,"#ff3300
"
79,76,1.5602916479110718,"#d48b1d
"
79,64,1.5343255996704102,"#cb8823
"
79,511,1.6607606410980225,"#f89705
"
79,61,1.5530887842178345,"#d18a1e
"
80,17,2.437544584274292,"#ff2200
"
82,733,1.5744744539260864,"#d98c19
"
83,797,1.844959020614624,"#ff6c00
"
83,653,1.5831053256988525,"#dc8d17
"
83,656,1.5237034559249878,"#c78625
"
83,483,1.7091829776763916,"#ff9100
"
83,484,1.6449317932128906,"#f29509
"
83,545,1.5831053256988525,"#dc8d17
"
83,56,1.5831053256988525,"#dc8d17
"
83,539,1.5237034559249878,"#c78625
"
83,489,1.6449317932128906,"#f29509
"
83,731,1.819545865058899,"#ff7300
"
83,540,1.775858759880066,"#ff7f00
"
84,290,1.5371849536895752,"#cc8822
"
84,774,1.5237034559249878,"#c78625
"
84,619,1.5371849536895752,"#cc8822
"
84,484,1.5121188163757324,"#c38528
"
84,56,1.5020498037338257,"#bf842b
"
86,218,1.2478358745574951,"#666666
"
86,219,1.4003822803497314,"#9b7843
"
89,88,1.2082104682922363,"#666666
"
91,90,1.2045460939407349,"#666666
"
93,87,1.0630377531051636,"#666666
"
93,92,1.0178980827331543,"#666666
"
95,94,1.2990039587020874,"#766b5b
"
96,689,1.360045313835144,"#8c734d
"
96,313,1.445452094078064,"#ab7d38
"
98,653,1.4616538286209106,"#b17f34
"
102,508,1.56538987159729,"#d68b1c
"
102,519,1.6352440118789673,"#ef940b
"
102,379,1.775858759880066,"#ff7f00
"
106,820,1.360045313835144,"#8c734d
"
106,105,1.21820867061615,"#666666
"
107,314,1.5237034559249878,"#c78625
"
107,106,1.775858759880066,"#ff7f00
"
109,605,1.4616538286209106,"#b17f34
"
109,108,1.445452094078064,"#ab7d38
"
110,126,1.4336943626403809,"#a77c3b
"
112,860,1.360045313835144,"#8c734d
"
113,114,1.21820867061615,"#666666
"
113,658,1.6352440118789673,"#ef940b
"
116,4,1.314566731452942,"#7c6d57
"
119,148,1.5371849536895752,"#cc8822
"
119,718,1.4036691188812256,"#9c7842
"
120,474,1.4854570627212524,"#b9822f
"
121,673,1.360045313835144,"#8c734d
"
123,830,1.7396572828292847,"#ff8900
"
124,638,1.6240448951721191,"#eb920e
"
124,156,1.56538987159729,"#d68b1c
"
124,298,1.6240448951721191,"#eb920e
"
125,594,1.5952714681625366,"#e08f14
"
126,230,1.360045313835144,"#8c734d
"
128,456,1.5237034559249878,"#c78625
"
128,409,1.5237034559249878,"#c78625
"
130,122,1.5952714681625366,"#e08f14
"
132,386,1.775858759880066,"#ff7f00
"
135,610,1.5422025918960571,"#cd8821
"
139,320,1.4336943626403809,"#a77c3b
"
141,856,1.360045313835144,"#8c734d
"
142,462,1.4121733903884888,"#9f7940
"
142,145,1.5237034559249878,"#c78625
"
142,616,1.5237034559249878,"#c78625
"
142,365,1.5237034559249878,"#c78625
"
143,772,1.8040062189102173,"#ff7700
"
143,759,1.7463809251785278,"#ff8700
"
143,117,1.7091829776763916,"#ff9100
"
144,759,1.5020498037338257,"#bf842b
"
144,143,1.5020498037338257,"#bf842b
"
146,505,1.5422025918960571,"#cd8821
"
147,13,1.5422025918960571,"#cd8821
"
147,367,1.6240448951721191,"#eb920e
"
147,479,1.6177585124969482,"#e8910f
"
147,506,1.6240448951721191,"#eb920e
"
147,153,1.6240448951721191,"#eb920e
"
147,259,1.4854570627212524,"#b9822f
"
147,769,1.5422025918960571,"#cd8821
"
147,377,1.4854570627212524,"#b9822f
"
147,152,1.5952714681625366,"#e08f14
"
147,605,1.4854570627212524,"#b9822f
"
147,593,1.5952714681625366,"#e08f14
"
147,379,1.6240448951721191,"#eb920e
"
147,519,1.4854570627212524,"#b9822f
"
147,504,1.4854570627212524,"#b9822f
"
147,509,1.6449317932128906,"#f29509
"
148,101,1.360045313835144,"#8c734d
"
148,614,1.5793168544769287,"#db8d18
"
149,774,1.5237034559249878,"#c78625
"
149,509,1.6607606410980225,"#f89705
"
150,773,1.4932256937026978,"#bc832d
"
150,78,1.8813649415969849,"#ff6200
"
150,143,1.56538987159729,"#d68b1c
"
150,144,1.4932256937026978,"#bc832d
"
150,758,1.8309215307235718,"#ff7000
"
150,761,1.7251737117767334,"#ff8d00
"
150,803,1.4932256937026978,"#bc832d
"
150,763,1.8040062189102173,"#ff7700
"
150,393,1.5530887842178345,"#d18a1e
"
150,762,1.7251737117767334,"#ff8d00
"
150,772,1.6412293910980225,"#f19409
"
150,759,1.4932256937026978,"#bc832d
"
150,765,1.6240448951721191,"#eb920e
"
150,802,1.6177585124969482,"#e8910f
"
150,764,1.6412293910980225,"#f19409
"
150,614,1.56538987159729,"#d68b1c
"
150,14,1.8017219305038452,"#ff7800
"
150,482,1.5422025918960571,"#cd8821
"
151,22,1.886932134628296,"#ff6000
"
151,150,1.57212233543396,"#d88c1a
"
151,788,1.819545865058899,"#ff7300
"
151,14,1.57212233543396,"#d88c1a
"
151,482,1.7543691396713257,"#ff8500
"
151,761,1.819545865058899,"#ff7300
"
151,758,1.6914021968841553,"#ff9600
"
151,614,1.6914021968841553,"#ff9600
"
151,78,1.5157833099365234,"#c48527
"
151,809,1.8325644731521606,"#ff6f00
"
151,802,1.9936872720718384,"#ff4300
"
151,765,1.886932134628296,"#ff6000
"
151,762,1.7543691396713257,"#ff8500
"
151,393,1.886932134628296,"#ff6000
"
151,763,1.886932134628296,"#ff6000
"
151,191,3.6325554847717285,"#ff0000
"
151,192,3.757964611053467,"#ff0000
"
151,483,1.57212233543396,"#d88c1a
"
151,730,1.6306710243225098,"#ed930c
"
152,509,1.5237034559249878,"#c78625
"
152,149,1.6607606410980225,"#f89705
"
152,383,1.4960488080978394,"#bd832c
"
152,259,1.5952714681625366,"#e08f14
"
153,259,1.4854570627212524,"#b9822f
"
153,504,1.6240448951721191,"#eb920e
"
155,377,1.4854570627212524,"#b9822f
"
155,379,1.5020498037338257,"#bf842b
"
155,473,1.6607606410980225,"#f89705
"
156,410,1.56538987159729,"#d68b1c
"
156,71,1.5952714681625366,"#e08f14
"
156,610,1.6240448951721191,"#eb920e
"
156,70,1.5952714681625366,"#e08f14
"
157,505,1.5952714681625366,"#e08f14
"
158,740,1.8909435272216797,"#ff5f00
"
158,738,1.5952714681625366,"#e08f14
"
159,480,1.4854570627212524,"#b9822f
"
159,313,1.5530887842178345,"#d18a1e
"
159,582,1.4854570627212524,"#b9822f
"
159,327,1.775858759880066,"#ff7f00
"
159,538,1.4854570627212524,"#b9822f
"
159,314,1.6607606410980225,"#f89705
"
159,311,1.5952714681625366,"#e08f14
"
159,160,1.5952714681625366,"#e08f14
"
162,165,1.1156951189041138,"#666666
"
164,94,1.234747290611267,"#666666
"
165,832,1.2045460939407349,"#666666
"
166,785,1.4854570627212524,"#b9822f
"
166,513,1.4854570627212524,"#b9822f
"
166,376,1.5763740539550781,"#da8d19
"
166,780,1.4854570627212524,"#b9822f
"
167,780,1.5952714681625366,"#e08f14
"
167,147,1.5952714681625366,"#e08f14
"
167,368,1.5237034559249878,"#c78625
"
167,367,1.5952714681625366,"#e08f14
"
167,479,1.5086091756820679,"#c18429
"
167,593,1.728922724723816,"#ff8c00
"
167,509,1.5237034559249878,"#c78625
"
167,391,1.728922724723816,"#ff8c00
"
167,576,1.472312331199646,"#b48032
"
167,785,1.728922724723816,"#ff8c00
"
168,778,1.7091829776763916,"#ff9100
"
168,774,1.7091829776763916,"#ff9100
"
168,513,1.7091829776763916,"#ff9100
"
168,376,1.810091257095337,"#ff7500
"
168,384,1.4763646125793457,"#b68131
"
169,166,1.4854570627212524,"#b9822f
"
169,539,1.4854570627212524,"#b9822f
"
169,785,1.6449317932128906,"#f29509
"
169,771,1.6449317932128906,"#f29509
"
169,593,1.5237034559249878,"#c78625
"
169,778,1.5763740539550781,"#da8d19
"
169,780,1.5237034559249878,"#c78625
"
169,779,1.5237034559249878,"#c78625
"
169,167,1.6449317932128906,"#f29509
"
169,781,1.5530887842178345,"#d18a1e
"
169,509,1.916483998298645,"#ff5800
"
170,83,1.5237034559249878,"#c78625
"
170,653,1.5237034559249878,"#c78625
"
170,546,1.5237034559249878,"#c78625
"
170,540,1.5952714681625366,"#e08f14
"
171,484,1.5121188163757324,"#c38528
"
171,376,1.4854570627212524,"#b9822f
"
171,773,1.5763740539550781,"#da8d19
"
171,653,1.6492795944213867,"#f49508
"
171,545,1.6607606410980225,"#f89705
"
171,168,1.5237034559249878,"#c78625
"
171,521,1.5763740539550781,"#da8d19
"
171,539,1.6731826066970825,"#fc9802
"
172,545,1.5020498037338257,"#bf842b
"
172,521,1.5237034559249878,"#c78625
"
172,653,1.7433522939682007,"#ff8800
"
172,773,1.5237034559249878,"#c78625
"
172,489,1.5059044361114502,"#c0842a
"
172,171,1.5237034559249878,"#c78625
"
173,546,1.5602916479110718,"#d48b1d
"
173,539,1.4763646125793457,"#b68131
"
173,484,1.775858759880066,"#ff7f00
"
174,377,1.6240448951721191,"#eb920e
"
175,375,1.5952714681625366,"#e08f14
"
175,663,1.7207682132720947,"#ff8e00
"
175,550,1.5020498037338257,"#bf842b
"
176,774,1.5020498037338257,"#bf842b
"
176,384,1.5020498037338257,"#bf842b
"
176,545,1.5020498037338257,"#bf842b
"
178,378,1.819545865058899,"#ff7300
"
179,285,1.4854570627212524,"#b9822f
"
179,261,1.4854570627212524,"#b9822f
"
179,740,1.4854570627212524,"#b9822f
"
179,158,1.4854570627212524,"#b9822f
"
179,332,1.5422025918960571,"#cd8821
"
179,739,1.4854570627212524,"#b9822f
"
179,738,1.5952714681625366,"#e08f14
"
181,377,1.3181322813034058,"#7d6e56
"
182,191,1.4983980655670166,"#be832c
"
182,185,1.4983980655670166,"#be832c
"
182,184,1.57212233543396,"#d88c1a
"
182,802,1.5621731281280518,"#d58b1c
"
182,803,1.4983980655670166,"#be832c
"
182,192,1.5311527252197266,"#c98724
"
182,24,1.6205203533172607,"#e9920e
"
183,170,1.5530887842178345,"#d18a1e
"
183,737,1.4854570627212524,"#b9822f
"
183,483,1.5581871271133423,"#d38a1d
"
184,393,1.819545865058899,"#ff7300
"
184,762,2.109896183013916,"#ff3900
"
184,765,1.886932134628296,"#ff6000
"
184,763,1.7543691396713257,"#ff8500
"
184,761,1.7543691396713257,"#ff8500
"
184,803,1.6914021968841553,"#ff9600
"
184,613,1.5157833099365234,"#c48527
"
184,730,1.6306710243225098,"#ed930c
"
184,809,1.8909435272216797,"#ff5f00
"
184,802,2.524895429611206,"#ff1c00
"
184,191,3.310838460922241,"#ff0000
"
184,22,2.39729642868042,"#ff2500
"
184,151,2.997701644897461,"#ff0000
"
184,192,2.585118293762207,"#ff1800
"
184,614,1.6306710243225098,"#ed930c
"
184,78,1.57212233543396,"#d88c1a
"
184,788,1.9564969539642334,"#ff4d00
"
184,482,1.9564969539642334,"#ff4d00
"
184,758,1.57212233543396,"#d88c1a
"
185,184,2.109896183013916,"#ff3900
"
185,760,1.5530887842178345,"#d18a1e
"
185,803,1.940843939781189,"#ff5100
"
185,763,1.940843939781189,"#ff5100
"
185,762,1.8813649415969849,"#ff6200
"
185,765,2.4623141288757324,"#ff2000
"
185,809,1.56538987159729,"#d68b1c
"
185,78,1.5143017768859863,"#c38528
"
185,614,1.6240448951721191,"#eb920e
"
185,14,1.5143017768859863,"#c38528
"
185,482,2.6144449710845947,"#ff1600
"
185,393,3.2054600715637207,"#ff0000
"
185,759,1.5530887842178345,"#d18a1e
"
185,21,3.7013027667999268,"#ff0000
"
185,22,3.7013027667999268,"#ff0000
"
185,788,4.0,"#ff0000
"
185,761,1.9641615152359009,"#ff4b00
"
185,758,1.8566867113113403,"#ff6900
"
185,613,1.6240448951721191,"#eb920e
"
185,144,1.4854570627212524,"#b9822f
"
185,151,1.819545865058899,"#ff7300
"
185,802,1.7966138124465942,"#ff7900
"
185,24,2.8184549808502197,"#ff0700
"
185,192,1.8167192935943604,"#ff7400
"
185,191,2.186182737350464,"#ff3400
"
186,395,1.5371849536895752,"#cc8822
"
186,195,1.6731826066970825,"#fc9802
"
186,633,1.445452094078064,"#ab7d38
"
186,636,1.2864092588424683,"#726a5e
"
186,347,1.280964732170105,"#70695f
"
188,655,1.5343255996704102,"#cb8823
"
188,183,1.4854570627212524,"#b9822f
"
188,654,1.4785135984420776,"#b78130
"
188,735,1.5691684484481812,"#d78c1b
"
190,540,1.5237034559249878,"#c78625
"
190,84,1.5464180707931519,"#cf8920
"
191,772,1.4983980655670166,"#be832c
"
191,759,1.4983980655670166,"#be832c
"
191,613,1.4983980655670166,"#be832c
"
191,758,1.7528194189071655,"#ff8500
"
191,143,1.5581871271133423,"#d38a1d
"
191,144,1.4983980655670166,"#be832c
"
191,763,1.9703493118286133,"#ff4900
"
191,393,2.4973793029785156,"#ff1e00
"
191,761,1.9703493118286133,"#ff4900
"
191,803,1.5581871271133423,"#d38a1d
"
191,14,1.6853978633880615,"#ff9800
"
191,614,1.7528194189071655,"#ff8500
"
191,150,1.6853978633880615,"#ff9800
"
191,482,1.895295262336731,"#ff5e00
"
191,809,1.9509671926498413,"#ff4f00
"
191,802,1.9936872720718384,"#ff4300
"
191,764,1.5581871271133423,"#d38a1d
"
191,78,1.6853978633880615,"#ff9800
"
191,765,1.9703493118286133,"#ff4900
"
191,762,2.186182737350464,"#ff3400
"
191,788,2.186182737350464,"#ff3400
"
191,22,2.186182737350464,"#ff3400
"
191,483,1.6205203533172607,"#e9920e
"
191,730,1.7980842590332031,"#ff7900
"
192,483,1.6395660638809204,"#f0940a
"
192,730,1.584378719329834,"#dd8e17
"
192,758,1.8167192935943604,"#ff7400
"
192,761,1.8167192935943604,"#ff7400
"
192,803,1.4798378944396973,"#b78130
"
192,763,1.8167192935943604,"#ff7400
"
192,393,1.9444916248321533,"#ff5000
"
192,762,1.7557226419448853,"#ff8400
"
192,14,1.6966900825500488,"#ff9500
"
192,614,1.4798378944396973,"#b78130
"
192,78,1.4798378944396973,"#b78130
"
192,809,1.9509671926498413,"#ff4f00
"
192,150,1.584378719329834,"#dd8e17
"
192,482,1.6966900825500488,"#ff9500
"
192,191,3.1565732955932617,"#ff0000
"
192,802,2.3107986450195312,"#ff2b00
"
192,765,1.7557226419448853,"#ff8400
"
192,22,1.8167192935943604,"#ff7400
"
192,788,1.8167192935943604,"#ff7400
"
193,526,1.3103418350219727,"#7a6d58
"
193,547,1.775858759880066,"#ff7f00
"
195,189,1.775858759880066,"#ff7f00
"
196,201,1.2990039587020874,"#766b5b
"
196,194,1.360045313835144,"#8c734d
"
198,398,1.5020498037338257,"#bf842b
"
198,402,1.5059044361114502,"#c0842a
"
199,329,1.3315455913543701,"#826f53
"
200,396,1.360045313835144,"#8c734d
"
202,205,1.3342748880386353,"#837053
"
203,818,1.360045313835144,"#8c734d
"
204,203,1.314566731452942,"#7c6d57
"
205,401,1.5482817888259888,"#d08920
"
206,431,1.2911473512649536,"#746b5d
"
208,656,1.389325737953186,"#977646
"
210,709,1.424785852432251,"#a37a3d
"
213,519,1.445452094078064,"#ab7d38
"
214,442,1.360045313835144,"#8c734d
"
215,208,1.439135193824768,"#a97c3a
"
216,222,1.4854570627212524,"#b9822f
"
216,217,1.775858759880066,"#ff7f00
"
219,563,1.3103418350219727,"#7a6d58
"
220,221,1.360045313835144,"#8c734d
"
222,87,1.5530887842178345,"#d18a1e
"
223,87,1.1966997385025024,"#666666
"
224,294,1.360045313835144,"#8c734d
"
225,152,1.5086091756820679,"#c18429
"
227,448,1.098193645477295,"#666666
"
229,299,1.5237034559249878,"#c78625
"
229,123,1.6449317932128906,"#f29509
"
229,163,1.6449317932128906,"#f29509
"
229,766,1.5237034559249878,"#c78625
"
232,805,1.4003822803497314,"#9b7843
"
233,664,1.5952714681625366,"#e08f14
"
234,595,1.2990039587020874,"#766b5b
"
235,242,1.9564969539642334,"#ff4d00
"
236,663,1.4854570627212524,"#b9822f
"
236,771,1.6240448951721191,"#eb920e
"
237,505,1.6607606410980225,"#f89705
"
237,323,1.5020498037338257,"#bf842b
"
237,153,1.4854570627212524,"#b9822f
"
237,771,1.4854570627212524,"#b9822f
"
237,13,1.5422025918960571,"#cd8821
"
237,157,1.5020498037338257,"#bf842b
"
237,479,1.5086091756820679,"#c18429
"
237,367,1.5020498037338257,"#bf842b
"
237,377,1.775858759880066,"#ff7f00
"
237,663,1.7207682132720947,"#ff8e00
"
237,320,1.5020498037338257,"#bf842b
"
237,291,1.57212233543396,"#d88c1a
"
238,242,1.6352440118789673,"#ef940b
"
238,727,1.6352440118789673,"#ef940b
"
239,377,1.5086091756820679,"#c18429
"
239,61,1.6177585124969482,"#e8910f
"
239,479,1.9936872720718384,"#ff4300
"
239,510,1.5086091756820679,"#c18429
"
240,242,1.5530887842178345,"#d18a1e
"
240,241,1.5530887842178345,"#d18a1e
"
241,242,1.6914021968841553,"#ff9600
"
241,727,1.6352440118789673,"#ef940b
"
242,453,1.6914021968841553,"#ff9600
"
243,740,1.5237034559249878,"#c78625
"
244,485,1.5237034559249878,"#c78625
"
244,740,1.5237034559249878,"#c78625
"
244,581,1.360045313835144,"#8c734d
"
246,167,1.5952714681625366,"#e08f14
"
247,558,1.1261556148529053,"#666666
"
248,558,1.360045313835144,"#8c734d
"
249,13,1.5952714681625366,"#e08f14
"
251,617,1.4289592504501343,"#a57b3c
"
252,605,1.4616538286209106,"#b17f34
"
255,254,1.280964732170105,"#70695f
"
255,146,1.3052434921264648,"#796c5a
"
257,229,1.4616538286209106,"#b17f34
"
258,186,1.445452094078064,"#ab7d38
"
259,769,1.5422025918960571,"#cd8821
"
260,36,1.5324554443359375,"#ca8723
"
260,274,1.5952714681625366,"#e08f14
"
260,42,1.7207682132720947,"#ff8e00
"
260,43,1.6853978633880615,"#ff9800
"
260,623,1.360045313835144,"#8c734d
"
261,253,1.5020498037338257,"#bf842b
"
261,437,1.56538987159729,"#d68b1c
"
261,259,1.5020498037338257,"#bf842b
"
265,651,1.360045313835144,"#8c734d
"
266,271,1.2990039587020874,"#766b5b
"
267,656,1.3315455913543701,"#826f53
"
268,99,1.0630377531051636,"#666666
"
269,307,1.7013370990753174,"#ff9300
"
271,777,1.56538987159729,"#d68b1c
"
272,270,1.5952714681625366,"#e08f14
"
272,269,1.4960488080978394,"#bd832c
"
274,276,1.5814515352249146,"#db8d18
"
274,81,1.389325737953186,"#977646
"
274,85,1.389325737953186,"#977646
"
274,273,1.5143017768859863,"#c38528
"
275,64,1.6914021968841553,"#ff9600
"
275,63,1.610900640487671,"#e69111
"
275,62,1.5793168544769287,"#db8d18
"
275,281,1.7155178785324097,"#ff8f00
"
275,648,1.4932256937026978,"#bc832d
"
275,280,1.7155178785324097,"#ff8f00
"
275,277,1.4854570627212524,"#b9822f
"
275,58,1.6412293910980225,"#f19409
"
275,542,1.5059044361114502,"#c0842a
"
275,755,1.5464180707931519,"#cf8920
"
275,61,1.5464180707931519,"#cf8920
"
275,654,1.5422025918960571,"#cd8821
"
275,540,1.5237034559249878,"#c78625
"
275,653,1.7155178785324097,"#ff8f00
"
275,539,1.5464180707931519,"#cf8920
"
275,546,1.5464180707931519,"#cf8920
"
275,59,1.7155178785324097,"#ff8f00
"
275,56,1.9301514625549316,"#ff5400
"
275,655,2.010045289993286,"#ff4000
"
275,278,1.9301514625549316,"#ff5400
"
275,652,1.5464180707931519,"#cf8920
"
275,545,1.5020498037338257,"#bf842b
"
275,279,1.4932256937026978,"#bc832d
"
275,400,1.5482817888259888,"#d08920
"
277,542,1.775858759880066,"#ff7f00
"
277,655,1.4854570627212524,"#b9822f
"
277,60,1.4854570627212524,"#b9822f
"
277,63,1.6983015537261963,"#ff9400
"
277,490,1.5530887842178345,"#d18a1e
"
277,731,1.57212233543396,"#d88c1a
"
277,489,1.5059044361114502,"#c0842a
"
277,736,1.6088284254074097,"#e59011
"
277,733,1.5237034559249878,"#c78625
"
277,62,1.6240448951721191,"#eb920e
"
277,281,1.5530887842178345,"#d18a1e
"
277,486,1.6240448951721191,"#eb920e
"
277,279,1.6240448951721191,"#eb920e
"
277,543,1.4854570627212524,"#b9822f
"
278,546,1.5793168544769287,"#db8d18
"
278,653,1.5020498037338257,"#bf842b
"
278,56,1.5793168544769287,"#db8d18
"
278,737,1.4932256937026978,"#bc832d
"
278,648,1.7207682132720947,"#ff8e00
"
278,543,1.5952714681625366,"#e08f14
"
278,280,1.6607606410980225,"#f89705
"
278,544,1.5020498037338257,"#bf842b
"
278,279,1.56538987159729,"#d68b1c
"
278,400,1.6685572862625122,"#fb9803
"
278,547,1.5143017768859863,"#c38528
"
278,736,1.4785135984420776,"#b78130
"
278,63,1.6914021968841553,"#ff9600
"
278,64,1.5343255996704102,"#cb8823
"
278,281,1.7463809251785278,"#ff8700
"
278,62,1.5793168544769287,"#db8d18
"
278,548,1.5020498037338257,"#bf842b
"
278,655,1.7463809251785278,"#ff8700
"
278,58,1.56538987159729,"#d68b1c
"
278,59,1.7463809251785278,"#ff8700
"
279,529,1.360045313835144,"#8c734d
"
279,542,1.5691684484481812,"#d78c1b
"
279,736,1.5422025918960571,"#cd8821
"
279,76,1.4932256937026978,"#bc832d
"
279,528,1.360045313835144,"#8c734d
"
279,63,1.6412293910980225,"#f19409
"
279,62,1.4932256937026978,"#bc832d
"
279,59,1.4932256937026978,"#bc832d
"
279,655,1.4932256937026978,"#bc832d
"
280,400,1.6072500944137573,"#e59012
"
280,60,1.5530887842178345,"#d18a1e
"
280,77,1.5464180707931519,"#cf8920
"
280,654,1.4785135984420776,"#b78130
"
280,731,1.5157833099365234,"#c48527
"
280,489,1.5059044361114502,"#c0842a
"
280,56,1.5020498037338257,"#bf842b
"
280,281,1.806756615638733,"#ff7600
"
280,490,1.7155178785324097,"#ff8f00
"
280,79,1.628730058670044,"#ec930c
"
280,59,1.5464180707931519,"#cf8920
"
280,64,1.610900640487671,"#e69111
"
280,62,1.7463809251785278,"#ff8700
"
280,279,1.4932256937026978,"#bc832d
"
280,63,1.6914021968841553,"#ff9600
"
280,811,1.628730058670044,"#ec930c
"
280,76,1.5464180707931519,"#cf8920
"
280,655,1.7155178785324097,"#ff8f00
"
281,97,1.4336943626403809,"#a77c3b
"
281,76,1.5952714681625366,"#e08f14
"
281,56,1.6607606410980225,"#f89705
"
281,62,2.9207916259765625,"#ff0000
"
281,811,1.8732661008834839,"#ff6400
"
281,79,1.775858759880066,"#ff7f00
"
281,655,1.5464180707931519,"#cf8920
"
281,58,1.56538987159729,"#d68b1c
"
281,755,1.6831753253936768,"#ff9800
"
281,382,1.5121188163757324,"#c38528
"
281,61,1.6831753253936768,"#ff9800
"
281,458,1.775858759880066,"#ff7f00
"
281,490,1.9024463891983032,"#ff5c00
"
281,348,1.6831753253936768,"#ff9800
"
281,63,1.9564969539642334,"#ff4d00
"
281,64,1.775858759880066,"#ff7f00
"
281,738,1.5121188163757324,"#c38528
"
281,479,1.6831753253936768,"#ff9800
"
281,60,1.4854570627212524,"#b9822f
"
281,653,1.5121188163757324,"#c38528
"
281,330,1.5121188163757324,"#c38528
"
282,655,1.6412293910980225,"#f19409
"
282,84,1.4932256937026978,"#bc832d
"
282,484,1.56538987159729,"#d68b1c
"
282,540,1.5237034559249878,"#c78625
"
282,545,1.4932256937026978,"#bc832d
"
282,654,1.5422025918960571,"#cd8821
"
282,58,1.56538987159729,"#d68b1c
"
282,29,1.4932256937026978,"#bc832d
"
282,492,1.5059044361114502,"#c0842a
"
283,365,1.360045313835144,"#8c734d
"
283,262,1.360045313835144,"#8c734d
"
285,715,1.2911473512649536,"#746b5d
"
285,237,1.5020498037338257,"#bf842b
"
286,290,1.5237034559249878,"#c78625
"
286,60,1.4854570627212524,"#b9822f
"
287,173,1.5602916479110718,"#d48b1d
"
287,286,1.4763646125793457,"#b68131
"
287,484,1.5121188163757324,"#c38528
"
288,654,1.5324554443359375,"#ca8723
"
288,547,1.728922724723816,"#ff8c00
"
288,193,1.844959020614624,"#ff6c00
"
288,540,1.5952714681625366,"#e08f14
"
289,288,1.799757957458496,"#ff7800
"
289,865,1.819545865058899,"#ff7300
"
290,378,1.5530887842178345,"#d18a1e
"
291,378,1.57212233543396,"#d88c1a
"
291,290,1.5530887842178345,"#d18a1e
"
291,796,1.57212233543396,"#d88c1a
"
292,367,1.5952714681625366,"#e08f14
"
292,807,1.4854570627212524,"#b9822f
"
292,499,1.5952714681625366,"#e08f14
"
293,237,1.5020498037338257,"#bf842b
"
293,515,1.5020498037338257,"#bf842b
"
293,514,1.5237034559249878,"#c78625
"
293,25,1.5020498037338257,"#bf842b
"
293,377,1.4854570627212524,"#b9822f
"
294,312,2.109896183013916,"#ff3900
"
294,322,1.5530887842178345,"#d18a1e
"
295,497,1.5530887842178345,"#d18a1e
"
295,318,1.4854570627212524,"#b9822f
"
296,80,1.7433522939682007,"#ff8800
"
296,17,1.7433522939682007,"#ff8800
"
297,521,1.5237034559249878,"#c78625
"
297,653,1.4763646125793457,"#b68131
"
298,378,1.5237034559249878,"#c78625
"
298,508,1.6240448951721191,"#eb920e
"
298,638,1.6240448951721191,"#eb920e
"
299,799,1.5086091756820679,"#c18429
"
300,484,1.5121188163757324,"#c38528
"
300,146,1.5237034559249878,"#c78625
"
300,376,1.5086091756820679,"#c18429
"
301,769,1.5422025918960571,"#cd8821
"
301,742,1.5952714681625366,"#e08f14
"
301,745,1.728922724723816,"#ff8c00
"
301,377,1.6784417629241943,"#fe9901
"
301,504,1.5422025918960571,"#cd8821
"
301,508,1.5422025918960571,"#cd8821
"
301,153,1.5422025918960571,"#cd8821
"
301,74,1.5237034559249878,"#c78625
"
301,593,1.728922724723816,"#ff8c00
"
301,13,1.5422025918960571,"#cd8821
"
301,378,1.775858759880066,"#ff7f00
"
301,510,1.57212233543396,"#d88c1a
"
302,60,1.4211008548736572,"#a27a3e
"
303,811,1.4036691188812256,"#9c7842
"
304,438,1.2911473512649536,"#746b5d
"
306,148,1.439135193824768,"#a97c3a
"
307,467,1.4075452089309692,"#9d7841
"
307,370,1.57212233543396,"#d88c1a
"
308,729,1.6784417629241943,"#fe9901
"
309,306,1.360045313835144,"#8c734d
"
310,18,1.5237034559249878,"#c78625
"
310,605,1.5530887842178345,"#d18a1e
"
310,312,1.5530887842178345,"#d18a1e
"
310,313,1.5530887842178345,"#d18a1e
"
310,741,1.56538987159729,"#d68b1c
"
310,727,1.6352440118789673,"#ef940b
"
310,740,1.7091829776763916,"#ff9100
"
311,0,1.5952714681625366,"#e08f14
"
311,313,1.5530887842178345,"#d18a1e
"
311,641,1.8732661008834839,"#ff6400
"
311,480,1.8732661008834839,"#ff6400
"
311,321,1.6914021968841553,"#ff9600
"
311,326,1.5952714681625366,"#e08f14
"
311,160,1.5952714681625366,"#e08f14
"
311,327,1.8732661008834839,"#ff6400
"
311,314,1.5952714681625366,"#e08f14
"
311,538,1.5952714681625366,"#e08f14
"
312,322,1.5530887842178345,"#d18a1e
"
312,377,1.4854570627212524,"#b9822f
"
312,293,1.6352440118789673,"#ef940b
"
313,321,1.775858759880066,"#ff7f00
"
313,322,1.5530887842178345,"#d18a1e
"
313,177,1.5237034559249878,"#c78625
"
313,312,1.5530887842178345,"#d18a1e
"
313,327,1.775858759880066,"#ff7f00
"
314,327,1.775858759880066,"#ff7f00
"
314,321,1.6914021968841553,"#ff9600
"
314,480,1.4854570627212524,"#b9822f
"
315,261,1.775858759880066,"#ff7f00
"
315,244,1.5237034559249878,"#c78625
"
315,741,1.56538987159729,"#d68b1c
"
315,727,1.5237034559249878,"#c78625
"
315,311,1.5237034559249878,"#c78625
"
316,61,1.4075452089309692,"#9d7841
"
317,523,1.2615745067596436,"#696764
"
318,480,1.775858759880066,"#ff7f00
"
318,322,1.6914021968841553,"#ff9600
"
318,319,1.4854570627212524,"#b9822f
"
318,405,1.6607606410980225,"#f89705
"
318,497,1.5530887842178345,"#d18a1e
"
319,480,1.4854570627212524,"#b9822f
"
320,454,1.775858759880066,"#ff7f00
"
321,322,1.6914021968841553,"#ff9600
"
322,454,1.5530887842178345,"#d18a1e
"
322,605,1.9564969539642334,"#ff4d00
"
322,497,1.5530887842178345,"#d18a1e
"
322,480,1.6914021968841553,"#ff9600
"
323,454,1.7091829776763916,"#ff9100
"
325,480,1.4854570627212524,"#b9822f
"
325,318,1.4854570627212524,"#b9822f
"
327,324,1.5952714681625366,"#e08f14
"
327,126,1.5952714681625366,"#e08f14
"
327,321,1.9564969539642334,"#ff4d00
"
327,480,1.775858759880066,"#ff7f00
"
327,325,1.4854570627212524,"#b9822f
"
327,318,1.4854570627212524,"#b9822f
"
327,322,1.6914021968841553,"#ff9600
"
328,755,1.5371849536895752,"#cc8822
"
330,539,1.6492795944213867,"#f49508
"
330,484,1.5952714681625366,"#e08f14
"
330,56,1.5020498037338257,"#bf842b
"
330,545,1.5020498037338257,"#bf842b
"
330,172,1.6492795944213867,"#f49508
"
330,799,1.4763646125793457,"#b68131
"
330,382,1.5952714681625366,"#e08f14
"
330,654,1.4785135984420776,"#b78130
"
330,653,1.6492795944213867,"#f49508
"
330,546,1.5602916479110718,"#d48b1d
"
336,235,1.360045313835144,"#8c734d
"
336,390,1.2478358745574951,"#666666
"
337,327,1.4616538286209106,"#b17f34
"
339,416,1.360045313835144,"#8c734d
"
340,339,1.21820867061615,"#666666
"
341,124,1.424785852432251,"#a37a3d
"
342,341,1.424785852432251,"#a37a3d
"
343,307,1.4616538286209106,"#b17f34
"
343,334,1.360045313835144,"#8c734d
"
345,344,1.360045313835144,"#8c734d
"
346,767,1.6607606410980225,"#f89705
"
348,64,1.6914021968841553,"#ff9600
"
348,479,1.4763646125793457,"#b68131
"
348,458,1.4763646125793457,"#b68131
"
349,61,1.5086091756820679,"#c18429
"
350,83,1.4667260646820068,"#b27f33
"
351,857,1.424785852432251,"#a37a3d
"
353,250,1.360045313835144,"#8c734d
"
353,768,1.5530887842178345,"#d18a1e
"
354,152,1.5952714681625366,"#e08f14
"
354,4,1.57212233543396,"#d88c1a
"
354,391,1.5952714681625366,"#e08f14
"
355,3,1.2584704160690308,"#686765
"
355,376,1.5086091756820679,"#c18429
"
357,185,2.4623141288757324,"#ff2000
"
357,151,1.7543691396713257,"#ff8500
"
357,184,1.7543691396713257,"#ff8500
"
357,21,1.8265273571014404,"#ff7100
"
357,191,1.895295262336731,"#ff5e00
"
357,192,1.7557226419448853,"#ff8400
"
357,765,2.109896183013916,"#ff3900
"
357,762,1.8813649415969849,"#ff6200
"
357,809,1.5168771743774414,"#c48527
"
357,802,1.860283613204956,"#ff6800
"
357,764,1.7207682132720947,"#ff8e00
"
357,78,1.5814515352249146,"#db8d18
"
357,482,1.9050278663635254,"#ff5b00
"
357,614,1.8040062189102173,"#ff7700
"
357,22,2.2752466201782227,"#ff2e00
"
357,150,1.56538987159729,"#d68b1c
"
357,759,1.4932256937026978,"#bc832d
"
357,143,1.4932256937026978,"#bc832d
"
357,763,1.9815800189971924,"#ff4600
"
357,393,1.940843939781189,"#ff5100
"
357,760,1.8040062189102173,"#ff7700
"
357,803,1.7207682132720947,"#ff8e00
"
357,758,1.6703306436538696,"#fb9802
"
357,761,2.1944737434387207,"#ff3300
"
357,144,1.4932256937026978,"#bc832d
"
357,613,1.56538987159729,"#d68b1c
"
357,788,2.6755900382995605,"#ff1100
"
357,24,2.186182737350464,"#ff3400
"
358,616,1.7091829776763916,"#ff9100
"
358,256,1.360045313835144,"#8c734d
"
358,357,1.4932256937026978,"#bc832d
"
358,143,1.5237034559249878,"#c78625
"
358,484,1.5121188163757324,"#c38528
"
359,662,1.5422025918960571,"#cd8821
"
359,360,1.4854570627212524,"#b9822f
"
360,146,1.5422025918960571,"#cd8821
"
360,154,1.6240448951721191,"#eb920e
"
360,662,1.6784417629241943,"#fe9901
"
360,565,1.4854570627212524,"#b9822f
"
360,618,1.5952714681625366,"#e08f14
"
360,147,1.4854570627212524,"#b9822f
"
360,174,1.4854570627212524,"#b9822f
"
361,362,1.5343255996704102,"#cb8823
"
361,788,1.56538987159729,"#d68b1c
"
361,357,1.56538987159729,"#d68b1c
"
362,788,1.56538987159729,"#d68b1c
"
362,482,1.5422025918960571,"#cd8821
"
362,614,1.5020498037338257,"#bf842b
"
362,758,1.5952714681625366,"#e08f14
"
362,366,1.806756615638733,"#ff7600
"
362,721,1.3261089324951172,"#806f55
"
363,365,1.4763646125793457,"#b68131
"
363,364,1.4763646125793457,"#b68131
"
363,366,1.4763646125793457,"#b68131
"
363,616,1.5602916479110718,"#d48b1d
"
364,803,1.5464180707931519,"#cf8920
"
364,365,1.5237034559249878,"#c78625
"
364,607,1.6607606410980225,"#f89705
"
365,143,1.5237034559249878,"#c78625
"
365,803,1.628730058670044,"#ec930c
"
365,616,1.7091829776763916,"#ff9100
"
366,125,1.5530887842178345,"#d18a1e
"
366,148,1.6352440118789673,"#ef940b
"
366,606,1.360045313835144,"#8c734d
"
366,482,1.4785135984420776,"#b78130
"
366,614,1.5020498037338257,"#bf842b
"
367,856,1.360045313835144,"#8c734d
"
368,146,1.5237034559249878,"#c78625
"
369,419,1.8732661008834839,"#ff6400
"
369,290,1.6607606410980225,"#f89705
"
371,377,1.5422025918960571,"#cd8821
"
371,174,1.6784417629241943,"#fe9901
"
371,779,1.5237034559249878,"#c78625
"
372,371,1.5422025918960571,"#cd8821
"
372,174,1.4854570627212524,"#b9822f
"
372,312,1.5530887842178345,"#d18a1e
"
374,300,1.5237034559249878,"#c78625
"
374,379,1.5422025918960571,"#cd8821
"
374,356,1.4178099632263184,"#a17a3f
"
375,300,1.5237034559249878,"#c78625
"
375,376,1.5086091756820679,"#c18429
"
375,807,1.728922724723816,"#ff8c00
"
375,374,1.5952714681625366,"#e08f14
"
376,769,1.5086091756820679,"#c18429
"
376,290,1.6607606410980225,"#f89705
"
376,774,1.5237034559249878,"#c78625
"
376,149,1.5530887842178345,"#d18a1e
"
376,513,1.4854570627212524,"#b9822f
"
377,504,1.4854570627212524,"#b9822f
"
377,505,1.4854570627212524,"#b9822f
"
377,379,1.6240448951721191,"#eb920e
"
377,290,1.5530887842178345,"#d18a1e
"
377,376,1.6177585124969482,"#e8910f
"
377,550,1.4854570627212524,"#b9822f
"
377,378,1.775858759880066,"#ff7f00
"
377,234,1.4854570627212524,"#b9822f
"
377,508,1.940843939781189,"#ff5100
"
378,642,1.5237034559249878,"#c78625
"
379,378,1.6449317932128906,"#f29509
"
380,237,1.4854570627212524,"#b9822f
"
380,740,1.4854570627212524,"#b9822f
"
380,684,1.4854570627212524,"#b9822f
"
381,322,1.5952714681625366,"#e08f14
"
381,237,1.6607606410980225,"#f89705
"
382,172,1.5952714681625366,"#e08f14
"
382,653,1.6831753253936768,"#ff9800
"
382,546,1.5121188163757324,"#c38528
"
382,56,1.5020498037338257,"#bf842b
"
382,539,1.775858759880066,"#ff7f00
"
382,484,1.5952714681625366,"#e08f14
"
382,168,1.6831753253936768,"#ff9800
"
382,525,1.5121188163757324,"#c38528
"
382,799,1.5121188163757324,"#c38528
"
382,545,1.6607606410980225,"#f89705
"
382,20,1.5121188163757324,"#c38528
"
385,409,1.7091829776763916,"#ff9100
"
385,641,1.6914021968841553,"#ff9600
"
385,389,1.6914021968841553,"#ff9600
"
386,610,1.4854570627212524,"#b9822f
"
386,131,1.360045313835144,"#8c734d
"
388,407,1.5237034559249878,"#c78625
"
388,156,1.5952714681625366,"#e08f14
"
389,134,1.4616538286209106,"#b17f34
"
392,377,1.4854570627212524,"#b9822f
"
393,759,1.5530887842178345,"#d18a1e
"
393,772,1.5530887842178345,"#d18a1e
"
393,763,2.827548027038574,"#ff0700
"
393,144,1.5530887842178345,"#d18a1e
"
393,143,1.5530887842178345,"#d18a1e
"
393,761,1.8813649415969849,"#ff6200
"
393,760,1.5530887842178345,"#d18a1e
"
393,803,1.6983015537261963,"#ff9400
"
393,613,1.5530887842178345,"#d18a1e
"
393,758,1.8566867113113403,"#ff6900
"
394,242,1.5237034559249878,"#c78625
"
395,189,1.4854570627212524,"#b9822f
"
395,195,1.9987822771072388,"#ff4100
"
395,632,1.5530887842178345,"#d18a1e
"
396,707,1.5831053256988525,"#dc8d17
"
396,400,1.4916014671325684,"#bb822d
"
396,399,1.5237034559249878,"#c78625
"
396,402,1.5831053256988525,"#dc8d17
"
396,491,1.6072500944137573,"#e59012
"
396,199,1.4121733903884888,"#9f7940
"
396,187,1.5831053256988525,"#dc8d17
"
396,401,1.6072500944137573,"#e59012
"
397,398,1.5020498037338257,"#bf842b
"
397,197,1.4616538286209106,"#b17f34
"
397,186,1.5237034559249878,"#c78625
"
398,393,1.4854570627212524,"#b9822f
"
398,195,1.5020498037338257,"#bf842b
"
399,491,1.5482817888259888,"#d08920
"
399,482,1.5059044361114502,"#c0842a
"
399,305,1.4411530494689941,"#a97c39
"
400,60,1.4916014671325684,"#bb822d
"
400,736,1.5482817888259888,"#d08920
"
400,59,1.5482817888259888,"#d08920
"
400,655,1.4916014671325684,"#bb822d
"
400,64,1.4916014671325684,"#bb822d
"
400,58,1.4916014671325684,"#bb822d
"
400,82,1.5482817888259888,"#d08920
"
400,63,1.4916014671325684,"#bb822d
"
400,489,1.4916014671325684,"#bb822d
"
400,731,1.7543691396713257,"#ff8500
"
400,83,1.4916014671325684,"#bb822d
"
400,733,1.5744744539260864,"#d98c19
"
400,737,1.4916014671325684,"#bb822d
"
401,736,1.6685572862625122,"#fb9803
"
401,60,1.5482817888259888,"#d08920
"
401,487,1.5482817888259888,"#d08920
"
401,277,1.6685572862625122,"#fb9803
"
401,491,1.6072500944137573,"#e59012
"
401,489,1.5482817888259888,"#d08920
"
401,402,1.6685572862625122,"#fb9803
"
401,400,2.037810802459717,"#ff3e00
"
401,82,1.6072500944137573,"#e59012
"
401,654,1.6072500944137573,"#e59012
"
401,540,1.4916014671325684,"#bb822d
"
401,493,1.5047950744628906,"#c0842a
"
401,490,1.4916014671325684,"#bb822d
"
401,542,1.6072500944137573,"#e59012
"
401,63,1.4916014671325684,"#bb822d
"
401,62,1.4916014671325684,"#bb822d
"
401,279,1.4916014671325684,"#bb822d
"
401,543,1.4916014671325684,"#bb822d
"
401,280,1.6685572862625122,"#fb9803
"
401,486,1.5482817888259888,"#d08920
"
401,733,1.7953460216522217,"#ff7900
"
401,731,1.886932134628296,"#ff6000
"
402,399,1.6352440118789673,"#ef940b
"
402,191,1.4983980655670166,"#be832c
"
402,482,1.5059044361114502,"#c0842a
"
402,489,1.5059044361114502,"#c0842a
"
402,731,1.6306710243225098,"#ed930c
"
402,78,1.5059044361114502,"#c0842a
"
402,491,1.6072500944137573,"#e59012
"
402,487,1.6352440118789673,"#ef940b
"
402,486,1.5059044361114502,"#c0842a
"
402,736,1.5691684484481812,"#d78c1b
"
403,406,1.6607606410980225,"#f89705
"
403,120,1.775858759880066,"#ff7f00
"
404,253,1.5020498037338257,"#bf842b
"
405,416,1.5237034559249878,"#c78625
"
406,120,1.775858759880066,"#ff7f00
"
406,65,1.6914021968841553,"#ff9600
"
406,558,1.360045313835144,"#8c734d
"
407,70,1.5237034559249878,"#c78625
"
407,387,1.5237034559249878,"#c78625
"
407,389,1.5237034559249878,"#c78625
"
408,407,1.5237034559249878,"#c78625
"
408,415,1.5237034559249878,"#c78625
"
408,386,1.5530887842178345,"#d18a1e
"
408,385,1.6914021968841553,"#ff9600
"
408,387,1.6914021968841553,"#ff9600
"
408,71,1.6914021968841553,"#ff9600
"
408,468,1.6914021968841553,"#ff9600
"
408,471,1.4616538286209106,"#b17f34
"
408,73,1.8503702878952026,"#ff6a00
"
409,122,1.4854570627212524,"#b9822f
"
409,389,1.5237034559249878,"#c78625
"
409,404,1.5020498037338257,"#bf842b
"
409,643,1.5237034559249878,"#c78625
"
410,404,1.7207682132720947,"#ff8e00
"
410,425,1.424785852432251,"#a37a3d
"
410,122,1.6240448951721191,"#eb920e
"
410,70,1.7207682132720947,"#ff8e00
"
410,409,1.56538987159729,"#d68b1c
"
412,615,1.3975472450256348,"#9a7744
"
413,414,1.4616538286209106,"#b17f34
"
414,495,1.1488451957702637,"#666666
"
415,72,1.5237034559249878,"#c78625
"
415,133,1.360045313835144,"#8c734d
"
415,385,1.5237034559249878,"#c78625
"
415,409,1.5237034559249878,"#c78625
"
416,750,1.775858759880066,"#ff7f00
"
417,64,1.328139066696167,"#816f54
"
418,401,1.4916014671325684,"#bb822d
"
418,622,1.3354647159576416,"#837052
"
419,834,1.3103418350219727,"#7a6d58
"
420,387,1.4616538286209106,"#b17f34
"
421,422,1.4616538286209106,"#b17f34
"
421,177,1.5237034559249878,"#c78625
"
423,796,1.4616538286209106,"#b17f34
"
424,360,1.4854570627212524,"#b9822f
"
426,425,1.360045313835144,"#8c734d
"
427,479,1.5530887842178345,"#d18a1e
"
428,752,1.4616538286209106,"#b17f34
"
428,290,1.5530887842178345,"#d18a1e
"
429,428,1.2551664113998413,"#676666
"
430,673,1.360045313835144,"#8c734d
"
432,798,1.2911473512649536,"#746b5d
"
433,844,1.360045313835144,"#8c734d
"
434,563,1.13577401638031,"#666666
"
435,436,1.4336943626403809,"#a77c3b
"
436,438,1.4336943626403809,"#a77c3b
"
436,437,1.424785852432251,"#a37a3d
"
438,164,1.4336943626403809,"#a77c3b
"
439,140,1.141782283782959,"#666666
"
439,141,1.4336943626403809,"#a77c3b
"
440,16,1.1880015134811401,"#666666
"
440,221,1.21820867061615,"#666666
"
441,442,1.21820867061615,"#666666
"
442,8,1.360045313835144,"#8c734d
"
443,446,1.439135193824768,"#a97c3a
"
444,294,1.6352440118789673,"#ef940b
"
445,440,1.360045313835144,"#8c734d
"
446,290,1.360045313835144,"#8c734d
"
447,450,1.360045313835144,"#8c734d
"
448,444,1.141782283782959,"#666666
"
448,449,1.6352440118789673,"#ef940b
"
450,222,1.4854570627212524,"#b9822f
"
450,319,1.4854570627212524,"#b9822f
"
451,848,1.1488451957702637,"#666666
"
451,847,1.3052434921264648,"#796c5a
"
452,454,1.5530887842178345,"#d18a1e
"
452,647,1.360045313835144,"#8c734d
"
452,453,2.997701644897461,"#ff0000
"
452,0,1.8732661008834839,"#ff6400
"
453,454,1.5530887842178345,"#d18a1e
"
454,284,1.5237034559249878,"#c78625
"
455,653,1.3238145112991333,"#7f6e55
"
456,18,1.7091829776763916,"#ff9100
"
456,102,1.5237034559249878,"#c78625
"
456,284,1.5237034559249878,"#c78625
"
457,237,1.6607606410980225,"#f89705
"
457,177,1.7091829776763916,"#ff9100
"
457,740,1.5237034559249878,"#c78625
"
457,456,1.5237034559249878,"#c78625
"
457,0,1.6352440118789673,"#ef940b
"
457,380,1.6240448951721191,"#eb920e
"
457,453,1.6352440118789673,"#ef940b
"
458,618,1.4854570627212524,"#b9822f
"
458,61,1.5763740539550781,"#da8d19
"
458,549,1.4854570627212524,"#b9822f
"
458,479,1.775858759880066,"#ff7f00
"
458,291,1.5763740539550781,"#da8d19
"
458,775,1.5763740539550781,"#da8d19
"
458,539,1.4854570627212524,"#b9822f
"
459,461,1.8983527421951294,"#ff5d00
"
459,79,1.5530887842178345,"#d18a1e
"
459,458,1.4854570627212524,"#b9822f
"
459,811,1.4960488080978394,"#bd832c
"
460,800,1.4960488080978394,"#bd832c
"
460,799,1.4960488080978394,"#bd832c
"
460,593,1.4960488080978394,"#bd832c
"
460,838,1.5952714681625366,"#e08f14
"
460,793,1.4960488080978394,"#bd832c
"
461,61,1.5086091756820679,"#c18429
"
461,369,1.5086091756820679,"#c18429
"
461,811,1.5952714681625366,"#e08f14
"
461,683,1.5086091756820679,"#c18429
"
461,79,1.5530887842178345,"#d18a1e
"
461,460,1.4960488080978394,"#bd832c
"
461,281,1.5952714681625366,"#e08f14
"
461,239,1.5086091756820679,"#c18429
"
461,738,1.5086091756820679,"#c18429
"
462,353,1.424785852432251,"#a37a3d
"
463,20,1.4336943626403809,"#a77c3b
"
466,467,1.5086091756820679,"#c18429
"
468,132,1.5952714681625366,"#e08f14
"
470,386,1.4336943626403809,"#a77c3b
"
472,353,1.360045313835144,"#8c734d
"
476,642,1.360045313835144,"#8c734d
"
477,519,1.6352440118789673,"#ef940b
"
478,475,1.472312331199646,"#b48032
"
478,610,1.472312331199646,"#b48032
"
479,13,1.5086091756820679,"#c18429
"
479,377,1.6177585124969482,"#e8910f
"
479,376,1.6177585124969482,"#e8910f
"
479,796,1.5086091756820679,"#c18429
"
479,178,1.5086091756820679,"#c18429
"
479,378,1.6177585124969482,"#e8910f
"
479,664,1.7349653244018555,"#ff8a00
"
479,291,1.7349653244018555,"#ff8a00
"
479,775,1.5371849536895752,"#cc8822
"
479,367,1.5086091756820679,"#c18429
"
479,792,1.5086091756820679,"#c18429
"
481,780,1.6449317932128906,"#f29509
"
481,785,1.5237034559249878,"#c78625
"
481,375,1.6449317932128906,"#f29509
"
481,796,1.5237034559249878,"#c78625
"
481,745,1.5237034559249878,"#c78625
"
481,539,1.5763740539550781,"#da8d19
"
481,75,1.5086091756820679,"#c18429
"
481,376,1.5086091756820679,"#c18429
"
481,300,1.5237034559249878,"#c78625
"
481,479,1.5086091756820679,"#c18429
"
481,74,1.5237034559249878,"#c78625
"
482,809,1.6155211925506592,"#e89110
"
482,802,1.7349653244018555,"#ff8a00
"
482,14,1.5422025918960571,"#cd8821
"
482,78,1.6088284254074097,"#e59011
"
482,393,1.9050278663635254,"#ff5b00
"
482,763,1.7509896755218506,"#ff8600
"
482,765,1.8265273571014404,"#ff7100
"
482,762,1.8265273571014404,"#ff7100
"
482,803,1.6088284254074097,"#e59011
"
482,760,1.4785135984420776,"#b78130
"
482,613,1.7509896755218506,"#ff8600
"
482,614,1.8265273571014404,"#ff7100
"
482,772,1.4785135984420776,"#b78130
"
482,759,1.5422025918960571,"#cd8821
"
482,758,1.6088284254074097,"#e59011
"
482,761,1.986459493637085,"#ff4500
"
483,797,1.5581871271133423,"#d38a1d
"
483,484,1.4983980655670166,"#be832c
"
484,797,1.5691684484481812,"#d78c1b
"
485,243,1.5237034559249878,"#c78625
"
485,740,1.5237034559249878,"#c78625
"
485,453,1.5237034559249878,"#c78625
"
485,242,1.7091829776763916,"#ff9100
"
486,400,1.4916014671325684,"#bb822d
"
486,62,1.4854570627212524,"#b9822f
"
486,63,1.5530887842178345,"#d18a1e
"
486,489,1.5691684484481812,"#d78c1b
"
486,490,1.4854570627212524,"#b9822f
"
486,543,1.6983015537261963,"#ff9400
"
486,731,1.57212233543396,"#d88c1a
"
486,733,1.5237034559249878,"#c78625
"
486,736,1.6088284254074097,"#e59011
"
486,60,1.5530887842178345,"#d18a1e
"
486,64,1.4854570627212524,"#b9822f
"
487,731,1.6914021968841553,"#ff9600
"
487,543,1.6517502069473267,"#f59607
"
487,489,1.7041586637496948,"#ff9300
"
487,64,1.5814515352249146,"#db8d18
"
487,60,1.5143017768859863,"#c38528
"
487,736,1.5422025918960571,"#cd8821
"
487,492,1.5059044361114502,"#c0842a
"
487,491,1.6685572862625122,"#fb9803
"
487,399,1.5691684484481812,"#d78c1b
"
487,280,1.5143017768859863,"#c38528
"
487,486,1.5143017768859863,"#c38528
"
487,63,1.5814515352249146,"#db8d18
"
487,400,1.4916014671325684,"#bb822d
"
488,277,1.4854570627212524,"#b9822f
"
488,62,1.5020498037338257,"#bf842b
"
488,544,1.5020498037338257,"#bf842b
"
488,279,1.4932256937026978,"#bc832d
"
489,797,1.775858759880066,"#ff7f00
"
489,56,1.5059044361114502,"#c0842a
"
489,483,1.6205203533172607,"#e9920e
"
489,737,1.5691684484481812,"#d78c1b
"
489,545,1.5691684484481812,"#d78c1b
"
490,56,1.5020498037338257,"#bf842b
"
490,330,1.5464180707931519,"#cf8920
"
490,58,1.56538987159729,"#d68b1c
"
490,736,1.4785135984420776,"#b78130
"
490,654,1.5422025918960571,"#cd8821
"
490,540,1.5237034559249878,"#c78625
"
490,64,1.6914021968841553,"#ff9600
"
490,545,1.6607606410980225,"#f89705
"
491,731,1.57212233543396,"#d88c1a
"
491,400,1.6072500944137573,"#e59012
"
491,543,1.4916014671325684,"#bb822d
"
491,732,1.57212233543396,"#d88c1a
"
492,731,1.57212233543396,"#d88c1a
"
492,83,1.5831053256988525,"#dc8d17
"
492,656,1.5059044361114502,"#c0842a
"
493,809,1.5047950744628906,"#c0842a
"
493,17,1.6492795944213867,"#f49508
"
493,80,1.5602916479110718,"#d48b1d
"
493,731,1.7416157722473145,"#ff8800
"
493,542,1.7416157722473145,"#ff8800
"
493,733,1.9006563425064087,"#ff5d00
"
494,23,1.5059044361114502,"#c0842a
"
494,191,1.5581871271133423,"#d38a1d
"
494,22,1.5059044361114502,"#c0842a
"
494,24,1.5581871271133423,"#d38a1d
"
494,21,1.5059044361114502,"#c0842a
"
494,14,1.5059044361114502,"#c0842a
"
494,482,1.5691684484481812,"#d78c1b
"
495,377,1.6240448951721191,"#eb920e
"
495,234,1.4854570627212524,"#b9822f
"
495,237,1.4854570627212524,"#b9822f
"
495,236,1.6240448951721191,"#eb920e
"
495,239,1.5086091756820679,"#c18429
"
496,318,1.5952714681625366,"#e08f14
"
496,320,1.5530887842178345,"#d18a1e
"
497,137,1.5530887842178345,"#d18a1e
"
497,138,1.360045313835144,"#8c734d
"
498,236,1.6240448951721191,"#eb920e
"
498,207,1.4854570627212524,"#b9822f
"
498,298,1.4854570627212524,"#b9822f
"
498,206,1.4854570627212524,"#b9822f
"
498,499,1.4854570627212524,"#b9822f
"
499,320,1.5530887842178345,"#d18a1e
"
500,778,1.5237034559249878,"#c78625
"
501,167,1.5086091756820679,"#c18429
"
501,593,1.6177585124969482,"#e8910f
"
501,152,1.6177585124969482,"#e8910f
"
501,368,1.6177585124969482,"#e8910f
"
502,503,1.4854570627212524,"#b9822f
"
502,26,1.6784417629241943,"#fe9901
"
502,742,1.5952714681625366,"#e08f14
"
502,13,1.6784417629241943,"#fe9901
"
502,379,1.5020498037338257,"#bf842b
"
502,505,1.6607606410980225,"#f89705
"
502,210,1.5020498037338257,"#bf842b
"
502,209,1.5020498037338257,"#bf842b
"
502,593,1.5952714681625366,"#e08f14
"
502,147,1.4854570627212524,"#b9822f
"
502,504,1.6607606410980225,"#f89705
"
502,377,1.6240448951721191,"#eb920e
"
503,771,1.6240448951721191,"#eb920e
"
503,770,1.4854570627212524,"#b9822f
"
503,660,1.4854570627212524,"#b9822f
"
503,661,1.4854570627212524,"#b9822f
"
503,507,1.5422025918960571,"#cd8821
"
503,69,1.4854570627212524,"#b9822f
"
503,237,1.6240448951721191,"#eb920e
"
503,147,1.6240448951721191,"#eb920e
"
503,300,1.5237034559249878,"#c78625
"
503,593,1.5952714681625366,"#e08f14
"
503,245,1.4854570627212524,"#b9822f
"
503,505,1.775858759880066,"#ff7f00
"
503,13,1.8265273571014404,"#ff7100
"
503,153,1.940843939781189,"#ff5100
"
503,769,1.5422025918960571,"#cd8821
"
503,320,1.6240448951721191,"#eb920e
"
503,504,1.6240448951721191,"#eb920e
"
503,26,1.8265273571014404,"#ff7100
"
504,505,1.6607606410980225,"#f89705
"
504,323,1.5020498037338257,"#bf842b
"
505,320,1.775858759880066,"#ff7f00
"
505,379,1.5952714681625366,"#e08f14
"
506,367,1.775858759880066,"#ff7f00
"
506,155,1.5020498037338257,"#bf842b
"
507,147,1.5422025918960571,"#cd8821
"
507,664,1.5952714681625366,"#e08f14
"
508,378,1.916483998298645,"#ff5800
"
508,379,1.7207682132720947,"#ff8e00
"
509,383,1.4960488080978394,"#bd832c
"
509,642,1.6449317932128906,"#f29509
"
509,378,1.5237034559249878,"#c78625
"
509,379,1.5237034559249878,"#c78625
"
510,378,1.6914021968841553,"#ff9600
"
511,789,1.5952714681625366,"#e08f14
"
512,653,1.4763646125793457,"#b68131
"
512,513,1.4854570627212524,"#b9822f
"
512,584,1.439135193824768,"#a97c3a
"
512,782,1.6352440118789673,"#ef940b
"
512,774,1.5237034559249878,"#c78625
"
512,228,1.445452094078064,"#ab7d38
"
512,229,1.6352440118789673,"#ef940b
"
514,517,1.4854570627212524,"#b9822f
"
515,174,1.6240448951721191,"#eb920e
"
516,25,1.6607606410980225,"#f89705
"
516,519,1.5020498037338257,"#bf842b
"
517,378,1.5237034559249878,"#c78625
"
517,122,1.4854570627212524,"#b9822f
"
518,13,1.728922724723816,"#ff8c00
"
518,290,1.5530887842178345,"#d18a1e
"
518,775,1.6352440118789673,"#ef940b
"
518,593,1.5952714681625366,"#e08f14
"
519,25,1.6607606410980225,"#f89705
"
520,147,1.6240448951721191,"#eb920e
"
520,504,1.56538987159729,"#d68b1c
"
520,497,1.56538987159729,"#d68b1c
"
520,69,1.56538987159729,"#d68b1c
"
520,301,1.6784417629241943,"#fe9901
"
520,153,1.6240448951721191,"#eb920e
"
520,673,1.424785852432251,"#a37a3d
"
520,5,1.56538987159729,"#d68b1c
"
520,377,1.775858759880066,"#ff7f00
"
521,773,1.5530887842178345,"#d18a1e
"
521,545,1.5020498037338257,"#bf842b
"
522,801,1.360045313835144,"#8c734d
"
523,461,1.2394384145736694,"#666666
"
524,526,1.3329821825027466,"#837053
"
524,527,1.360045313835144,"#8c734d
"
530,579,1.280964732170105,"#70695f
"
531,530,1.152866005897522,"#666666
"
532,814,1.2551664113998413,"#676666
"
532,803,1.4685307741165161,"#b38033
"
533,164,1.360045313835144,"#8c734d
"
534,736,1.5422025918960571,"#cd8821
"
535,322,1.2672715187072754,"#6b6863
"
536,537,1.5237034559249878,"#c78625
"
536,618,1.472312331199646,"#b48032
"
538,319,1.4854570627212524,"#b9822f
"
538,318,1.4854570627212524,"#b9822f
"
538,325,1.4854570627212524,"#b9822f
"
538,324,1.5952714681625366,"#e08f14
"
538,326,1.5952714681625366,"#e08f14
"
538,480,1.775858759880066,"#ff7f00
"
538,327,1.775858759880066,"#ff7f00
"
538,314,1.4854570627212524,"#b9822f
"
539,84,1.775858759880066,"#ff7f00
"
539,774,1.6137025356292725,"#e79110
"
539,290,1.5763740539550781,"#da8d19
"
539,807,1.4854570627212524,"#b9822f
"
539,74,1.4854570627212524,"#b9822f
"
539,775,1.6731826066970825,"#fc9802
"
539,797,1.5059044361114502,"#c0842a
"
539,785,1.4854570627212524,"#b9822f
"
539,545,1.9301514625549316,"#ff5400
"
539,546,2.109896183013916,"#ff3900
"
539,484,1.8732661008834839,"#ff6400
"
539,773,1.5763740539550781,"#da8d19
"
539,619,1.5763740539550781,"#da8d19
"
539,56,1.7463809251785278,"#ff8700
"
539,378,1.4854570627212524,"#b9822f
"
539,500,1.5237034559249878,"#c78625
"
539,780,1.6731826066970825,"#fc9802
"
539,168,1.6137025356292725,"#e79110
"
539,376,1.6731826066970825,"#fc9802
"
539,778,1.5763740539550781,"#da8d19
"
539,149,1.5763740539550781,"#da8d19
"
539,792,1.4854570627212524,"#b9822f
"
539,13,1.4854570627212524,"#b9822f
"
539,781,1.5763740539550781,"#da8d19
"
539,167,1.4854570627212524,"#b9822f
"
539,166,1.5763740539550781,"#da8d19
"
540,731,1.6306710243225098,"#ed930c
"
540,546,1.5952714681625366,"#e08f14
"
540,56,1.916483998298645,"#ff5800
"
540,797,1.775858759880066,"#ff7f00
"
540,653,1.6703306436538696,"#fb9802
"
540,539,1.6703306436538696,"#fb9802
"
540,484,1.6703306436538696,"#fb9802
"
540,483,1.5581871271133423,"#d38a1d
"
540,545,1.6703306436538696,"#fb9802
"
540,489,1.5691684484481812,"#d78c1b
"
541,456,1.7091829776763916,"#ff9100
"
542,492,1.5059044361114502,"#c0842a
"
542,540,1.5691684484481812,"#d78c1b
"
542,731,1.6914021968841553,"#ff9600
"
542,489,1.5059044361114502,"#c0842a
"
542,797,1.5691684484481812,"#d78c1b
"
543,279,1.5237034559249878,"#c78625
"
543,63,1.5952714681625366,"#e08f14
"
543,400,1.5482817888259888,"#d08920
"
543,736,1.5422025918960571,"#cd8821
"
543,489,1.5059044361114502,"#c0842a
"
543,490,1.5952714681625366,"#e08f14
"
543,62,1.5952714681625366,"#e08f14
"
543,281,1.5237034559249878,"#c78625
"
545,166,1.5020498037338257,"#bf842b
"
545,384,1.5020498037338257,"#bf842b
"
545,484,1.7463809251785278,"#ff8700
"
545,797,1.5059044361114502,"#c0842a
"
545,778,1.6607606410980225,"#f89705
"
545,774,1.5793168544769287,"#db8d18
"
545,56,1.6607606410980225,"#f89705
"
545,773,1.5020498037338257,"#bf842b
"
545,780,1.5020498037338257,"#bf842b
"
545,737,1.4932256937026978,"#bc832d
"
545,168,1.5793168544769287,"#db8d18
"
545,376,1.5020498037338257,"#bf842b
"
546,484,1.9754246473312378,"#ff4800
"
546,166,1.5237034559249878,"#c78625
"
546,737,1.56538987159729,"#d68b1c
"
546,545,1.5793168544769287,"#db8d18
"
546,56,1.7463809251785278,"#ff8700
"
546,797,1.5691684484481812,"#d78c1b
"
546,84,1.5237034559249878,"#c78625
"
546,774,1.5237034559249878,"#c78625
"
547,83,1.5831053256988525,"#dc8d17
"
547,540,1.5143017768859863,"#c38528
"
547,654,1.7509896755218506,"#ff8600
"
547,484,1.7251737117767334,"#ff8d00
"
547,797,1.6352440118789673,"#ef940b
"
547,539,1.5143017768859863,"#c38528
"
547,546,1.5814515352249146,"#db8d18
"
548,382,1.5952714681625366,"#e08f14
"
548,546,1.4763646125793457,"#b68131
"
548,484,1.5952714681625366,"#e08f14
"
549,378,1.5530887842178345,"#d18a1e
"
549,291,1.8983527421951294,"#ff5d00
"
549,479,1.5530887842178345,"#d18a1e
"
549,149,1.5530887842178345,"#d18a1e
"
549,799,1.5530887842178345,"#d18a1e
"
552,551,1.3910399675369263,"#977645
"
552,648,1.5237034559249878,"#c78625
"
554,99,1.152866005897522,"#666666
"
554,810,1.5530887842178345,"#d18a1e
"
556,555,1.4211008548736572,"#a27a3e
"
556,274,1.8017219305038452,"#ff7800
"
557,558,1.0630377531051636,"#666666
"
560,518,1.360045313835144,"#8c734d
"
561,562,1.4075452089309692,"#9d7841
"
562,368,1.4075452089309692,"#9d7841
"
564,563,1.3103418350219727,"#7a6d58
"
566,563,1.280964732170105,"#70695f
"
566,844,1.360045313835144,"#8c734d
"
567,767,1.360045313835144,"#8c734d
"
568,44,1.360045313835144,"#8c734d
"
569,570,1.360045313835144,"#8c734d
"
570,134,1.360045313835144,"#8c734d
"
571,847,1.8265273571014404,"#ff7100
"
571,465,1.360045313835144,"#8c734d
"
572,405,1.0,"#666666
"
573,497,1.5530887842178345,"#d18a1e
"
574,498,1.360045313835144,"#8c734d
"
577,355,1.472312331199646,"#b48032
"
578,579,1.1261556148529053,"#666666
"
579,527,1.4556262493133545,"#ae7e36
"
579,559,1.445452094078064,"#ab7d38
"
580,527,1.2711095809936523,"#6c6862
"
583,584,1.360045313835144,"#8c734d
"
586,126,1.360045313835144,"#8c734d
"
586,585,1.234747290611267,"#666666
"
587,313,1.360045313835144,"#8c734d
"
588,310,1.5530887842178345,"#d18a1e
"
589,576,1.3052434921264648,"#796c5a
"
590,589,1.4336943626403809,"#a77c3b
"
591,559,1.4121733903884888,"#9f7940
"
592,174,1.360045313835144,"#8c734d
"
593,778,1.4854570627212524,"#b9822f
"
593,745,1.5952714681625366,"#e08f14
"
593,152,1.5952714681625366,"#e08f14
"
593,377,1.5952714681625366,"#e08f14
"
593,376,1.5086091756820679,"#c18429
"
593,391,1.5952714681625366,"#e08f14
"
593,378,1.5237034559249878,"#c78625
"
593,509,1.5237034559249878,"#c78625
"
593,769,1.8732661008834839,"#ff6400
"
596,9,1.280964732170105,"#70695f
"
597,643,1.360045313835144,"#8c734d
"
598,134,1.360045313835144,"#8c734d
"
600,416,1.360045313835144,"#8c734d
"
602,358,1.5371849536895752,"#cc8822
"
602,601,1.5086091756820679,"#c18429
"
605,320,1.775858759880066,"#ff7f00
"
605,454,1.5530887842178345,"#d18a1e
"
607,366,1.6607606410980225,"#f89705
"
608,610,1.360045313835144,"#8c734d
"
609,387,1.280964732170105,"#70695f
"
610,404,1.4854570627212524,"#b9822f
"
610,410,2.4623141288757324,"#ff2000
"
610,70,1.4854570627212524,"#b9822f
"
610,122,1.4854570627212524,"#b9822f
"
611,604,1.5237034559249878,"#c78625
"
611,603,1.4121733903884888,"#9f7940
"
611,616,1.5237034559249878,"#c78625
"
611,142,2.2592906951904297,"#ff2f00
"
611,145,1.916483998298645,"#ff5800
"
611,607,1.6914021968841553,"#ff9600
"
611,365,1.5237034559249878,"#c78625
"
611,364,1.5530887842178345,"#d18a1e
"
612,145,1.5422025918960571,"#cd8821
"
612,610,1.4854570627212524,"#b9822f
"
612,611,1.5237034559249878,"#c78625
"
614,759,1.6607606410980225,"#f89705
"
614,143,1.5020498037338257,"#bf842b
"
614,613,1.7463809251785278,"#ff8700
"
614,761,1.5814515352249146,"#db8d18
"
614,763,1.56538987159729,"#d68b1c
"
614,762,1.7251737117767334,"#ff8d00
"
614,393,1.5530887842178345,"#d18a1e
"
614,802,1.5621731281280518,"#d58b1c
"
614,765,1.6240448951721191,"#eb920e
"
614,78,1.5814515352249146,"#db8d18
"
615,148,1.439135193824768,"#a97c3a
"
616,788,1.4932256937026978,"#bc832d
"
616,482,1.4785135984420776,"#b78130
"
616,614,1.5793168544769287,"#db8d18
"
616,803,1.5464180707931519,"#cf8920
"
616,144,1.5020498037338257,"#bf842b
"
616,143,1.5237034559249878,"#c78625
"
617,613,1.5464180707931519,"#cf8920
"
617,614,1.5020498037338257,"#bf842b
"
617,788,1.4932256937026978,"#bc832d
"
617,366,1.6137025356292725,"#e79110
"
617,363,1.6492795944213867,"#f49508
"
617,616,1.5237034559249878,"#c78625
"
618,479,1.7349653244018555,"#ff8a00
"
618,147,1.728922724723816,"#ff8c00
"
618,796,1.5237034559249878,"#c78625
"
618,61,1.5086091756820679,"#c18429
"
618,509,1.5237034559249878,"#c78625
"
618,378,1.5237034559249878,"#c78625
"
619,469,1.4528664350509644,"#ad7e36
"
619,795,1.775858759880066,"#ff7f00
"
619,376,1.5530887842178345,"#d18a1e
"
620,621,1.2672715187072754,"#6b6863
"
620,814,1.1833148002624512,"#666666
"
621,308,1.3052434921264648,"#796c5a
"
621,776,1.2478358745574951,"#666666
"
626,663,1.424785852432251,"#a37a3d
"
627,35,1.360045313835144,"#8c734d
"
628,276,1.4289592504501343,"#a57b3c
"
631,632,1.424785852432251,"#a37a3d
"
633,307,1.4075452089309692,"#9d7841
"
635,634,1.5020498037338257,"#bf842b
"
636,226,1.6137025356292725,"#e79110
"
637,389,1.6914021968841553,"#ff9600
"
637,387,1.6914021968841553,"#ff9600
"
638,156,1.4854570627212524,"#b9822f
"
639,680,1.360045313835144,"#8c734d
"
639,404,1.6607606410980225,"#f89705
"
639,386,1.5530887842178345,"#d18a1e
"
640,136,1.2990039587020874,"#766b5b
"
640,70,1.56538987159729,"#d68b1c
"
640,410,1.7207682132720947,"#ff8e00
"
641,480,1.5952714681625366,"#e08f14
"
643,284,1.5237034559249878,"#c78625
"
644,409,1.5237034559249878,"#c78625
"
644,389,1.6914021968841553,"#ff9600
"
645,406,1.360045313835144,"#8c734d
"
646,263,1.775858759880066,"#ff7f00
"
646,196,1.321175217628479,"#7e6e56
"
646,395,1.4854570627212524,"#b9822f
"
646,195,1.6731826066970825,"#fc9802
"
648,280,1.4932256937026978,"#bc832d
"
648,486,1.4854570627212524,"#b9822f
"
649,60,1.8566867113113403,"#ff6900
"
649,401,1.7980842590332031,"#ff7900
"
649,653,1.5237034559249878,"#c78625
"
649,489,1.5691684484481812,"#d78c1b
"
649,540,1.5952714681625366,"#e08f14
"
649,731,1.57212233543396,"#d88c1a
"
649,733,1.5237034559249878,"#c78625
"
649,654,1.6784417629241943,"#fe9901
"
649,655,1.5237034559249878,"#c78625
"
649,736,1.5422025918960571,"#cd8821
"
649,279,1.5237034559249878,"#c78625
"
649,64,1.5237034559249878,"#c78625
"
649,486,1.5530887842178345,"#d18a1e
"
649,277,1.4854570627212524,"#b9822f
"
649,487,1.5143017768859863,"#c38528
"
649,400,1.4916014671325684,"#bb822d
"
649,280,1.5237034559249878,"#c78625
"
650,60,1.4854570627212524,"#b9822f
"
650,280,1.5343255996704102,"#cb8823
"
650,648,1.4932256937026978,"#bc832d
"
650,649,1.5952714681625366,"#e08f14
"
650,278,1.610900640487671,"#e69111
"
651,263,1.5371849536895752,"#cc8822
"
651,646,1.4854570627212524,"#b9822f
"
651,264,1.775858759880066,"#ff7f00
"
653,774,1.4763646125793457,"#b68131
"
653,290,1.4763646125793457,"#b68131
"
653,56,1.6607606410980225,"#f89705
"
653,484,1.775858759880066,"#ff7f00
"
653,74,1.5602916479110718,"#d48b1d
"
653,168,1.4763646125793457,"#b68131
"
653,376,1.4763646125793457,"#b68131
"
653,513,1.5602916479110718,"#d48b1d
"
653,539,1.9467823505401611,"#ff5000
"
653,652,1.4763646125793457,"#b68131
"
653,166,1.5602916479110718,"#d48b1d
"
653,545,1.7463809251785278,"#ff8700
"
653,546,1.7433522939682007,"#ff8800
"
654,797,1.9276936054229736,"#ff5500
"
654,540,1.9050278663635254,"#ff5b00
"
654,484,1.7509896755218506,"#ff8600
"
654,56,1.6784417629241943,"#fe9901
"
654,83,1.916483998298645,"#ff5800
"
654,29,1.5422025918960571,"#cd8821
"
654,170,1.5422025918960571,"#cd8821
"
654,731,1.6914021968841553,"#ff9600
"
654,183,1.4785135984420776,"#b78130
"
654,489,1.775858759880066,"#ff7f00
"
654,546,1.5422025918960571,"#cd8821
"
654,653,1.6784417629241943,"#fe9901
"
654,539,1.4785135984420776,"#b78130
"
654,545,1.5422025918960571,"#cd8821
"
654,483,1.6853978633880615,"#ff9800
"
655,797,1.5059044361114502,"#c0842a
"
655,484,1.7155178785324097,"#ff8f00
"
655,546,1.7155178785324097,"#ff8f00
"
655,539,1.7155178785324097,"#ff8f00
"
655,731,1.5157833099365234,"#c48527
"
655,540,1.5237034559249878,"#c78625
"
655,56,1.6607606410980225,"#f89705
"
655,290,1.5464180707931519,"#cf8920
"
655,84,1.628730058670044,"#ec930c
"
655,545,1.5793168544769287,"#db8d18
"
655,170,1.5237034559249878,"#c78625
"
655,83,1.5237034559249878,"#c78625
"
655,547,1.6517502069473267,"#f59607
"
655,173,1.5464180707931519,"#cf8920
"
655,60,1.5530887842178345,"#d18a1e
"
655,382,1.5464180707931519,"#cf8920
"
655,542,1.5059044361114502,"#c0842a
"
655,61,1.5464180707931519,"#cf8920
"
655,654,1.6088284254074097,"#e59011
"
655,653,1.806756615638733,"#ff7600
"
657,759,1.5793168544769287,"#db8d18
"
657,658,1.5121188163757324,"#c38528
"
658,115,1.4003822803497314,"#9b7843
"
659,503,1.728922724723816,"#ff8c00
"
659,13,1.728922724723816,"#ff8c00
"
660,174,1.4854570627212524,"#b9822f
"
660,661,1.4854570627212524,"#b9822f
"
660,374,1.5422025918960571,"#cd8821
"
660,13,1.5422025918960571,"#cd8821
"
660,300,1.775858759880066,"#ff7f00
"
661,13,1.8265273571014404,"#ff7100
"
662,301,1.8265273571014404,"#ff7100
"
662,787,1.6784417629241943,"#fe9901
"
662,785,1.5952714681625366,"#e08f14
"
662,178,1.57212233543396,"#d88c1a
"
662,593,1.5952714681625366,"#e08f14
"
662,780,1.5952714681625366,"#e08f14
"
663,377,1.6240448951721191,"#eb920e
"
663,664,1.5952714681625366,"#e08f14
"
663,789,1.5952714681625366,"#e08f14
"
664,796,1.6449317932128906,"#f29509
"
665,69,1.5020498037338257,"#bf842b
"
665,520,1.7207682132720947,"#ff8e00
"
666,411,1.3238145112991333,"#7f6e55
"
666,412,1.4763646125793457,"#b68131
"
667,666,1.21820867061615,"#666666
"
668,806,1.8265273571014404,"#ff7100
"
669,668,1.819545865058899,"#ff7300
"
670,127,1.5121188163757324,"#c38528
"
670,282,1.4932256937026978,"#bc832d
"
670,129,1.2911473512649536,"#746b5d
"
671,670,1.360045313835144,"#8c734d
"
672,384,1.4763646125793457,"#b68131
"
676,679,1.424785852432251,"#a37a3d
"
677,0,1.360045313835144,"#8c734d
"
678,88,1.360045313835144,"#8c734d
"
678,683,1.6177585124969482,"#e8910f
"
678,239,1.5086091756820679,"#c18429
"
679,847,1.5422025918960571,"#cd8821
"
681,680,1.360045313835144,"#8c734d
"
682,348,1.4763646125793457,"#b68131
"
682,479,1.5086091756820679,"#c18429
"
682,710,1.4121733903884888,"#9f7940
"
682,511,1.5237034559249878,"#c78625
"
684,236,1.4854570627212524,"#b9822f
"
685,686,1.21820867061615,"#666666
"
686,214,1.21820867061615,"#666666
"
687,85,1.2082104682922363,"#666666
"
688,64,1.3929332494735718,"#987745
"
690,689,1.098193645477295,"#666666
"
691,194,1.21820867061615,"#666666
"
692,732,1.4097564220428467,"#9e7941
"
693,238,1.141782283782959,"#666666
"
694,696,1.4075452089309692,"#9d7841
"
694,695,1.360045313835144,"#8c734d
"
696,290,1.360045313835144,"#8c734d
"
697,698,1.2672715187072754,"#6b6863
"
698,564,1.1156951189041138,"#666666
"
699,619,1.2082104682922363,"#666666
"
700,484,1.360045313835144,"#8c734d
"
702,666,1.2864092588424683,"#726a5e
"
703,117,1.152866005897522,"#666666
"
703,118,1.141782283782959,"#666666
"
703,103,1.0278912782669067,"#666666
"
704,100,1.7091829776763916,"#ff9100
"
705,13,1.5237034559249878,"#c78625
"
705,374,1.5237034559249878,"#c78625
"
705,376,1.6177585124969482,"#e8910f
"
705,377,1.6449317932128906,"#f29509
"
705,549,1.5530887842178345,"#d18a1e
"
705,800,1.5237034559249878,"#c78625
"
705,375,1.5237034559249878,"#c78625
"
705,61,1.5086091756820679,"#c18429
"
705,378,1.5237034559249878,"#c78625
"
705,379,1.5237034559249878,"#c78625
"
705,479,1.7349653244018555,"#ff8a00
"
706,457,1.4336943626403809,"#a77c3b
"
707,187,1.5581871271133423,"#d38a1d
"
708,146,1.5422025918960571,"#cd8821
"
711,740,1.4336943626403809,"#a77c3b
"
712,404,1.360045313835144,"#8c734d
"
713,593,1.4036691188812256,"#9c7842
"
714,373,1.1880015134811401,"#666666
"
716,719,1.4616538286209106,"#b17f34
"
716,406,1.4854570627212524,"#b9822f
"
719,352,1.4616538286209106,"#b17f34
"
720,121,1.8265273571014404,"#ff7100
"
722,860,1.360045313835144,"#8c734d
"
723,120,1.4616538286209106,"#b17f34
"
724,377,1.472312331199646,"#b48032
"
725,862,1.4121733903884888,"#9f7940
"
725,857,1.360045313835144,"#8c734d
"
725,863,1.2478358745574951,"#666666
"
726,335,1.424785852432251,"#a37a3d
"
726,684,1.4854570627212524,"#b9822f
"
726,683,1.5086091756820679,"#c18429
"
726,338,1.424785852432251,"#a37a3d
"
727,158,1.56538987159729,"#d68b1c
"
727,242,1.6352440118789673,"#ef940b
"
727,235,1.6352440118789673,"#ef940b
"
727,485,1.5237034559249878,"#c78625
"
727,177,1.5237034559249878,"#c78625
"
727,740,1.7091829776763916,"#ff9100
"
728,308,1.8265273571014404,"#ff7100
"
728,729,1.6784417629241943,"#fe9901
"
730,656,1.4916014671325684,"#bb822d
"
731,56,1.5157833099365234,"#c48527
"
731,489,2.109896183013916,"#ff3900
"
731,797,1.6914021968841553,"#ff9600
"
731,483,1.57212233543396,"#d88c1a
"
732,731,1.5157833099365234,"#c48527
"
733,654,1.5744744539260864,"#d98c19
"
733,83,1.5744744539260864,"#d98c19
"
733,731,1.9796940088272095,"#ff4700
"
733,489,1.681334376335144,"#ff9900
"
733,809,1.775858759880066,"#ff7f00
"
733,17,1.5602916479110718,"#d48b1d
"
733,542,1.6270010471343994,"#ec930d
"
733,802,1.6270010471343994,"#ec930d
"
733,192,1.5237034559249878,"#c78625
"
733,80,1.4763646125793457,"#b68131
"
734,401,1.6177585124969482,"#e8910f
"
734,402,1.5086091756820679,"#c18429
"
734,732,1.5621731281280518,"#d58b1c
"
734,736,1.5086091756820679,"#c18429
"
734,733,1.5744744539260864,"#d98c19
"
734,730,1.5621731281280518,"#d58b1c
"
734,731,1.6753382682800293,"#fd9801
"
734,491,1.6753382682800293,"#fd9801
"
734,400,1.7349653244018555,"#ff8a00
"
734,735,1.5621731281280518,"#d58b1c
"
735,492,1.5059044361114502,"#c0842a
"
735,183,1.5059044361114502,"#c0842a
"
735,730,1.5482817888259888,"#d08920
"
735,191,1.5581871271133423,"#d38a1d
"
735,402,1.7041586637496948,"#ff9300
"
735,483,1.4983980655670166,"#be832c
"
735,487,1.5691684484481812,"#d78c1b
"
735,399,1.5059044361114502,"#c0842a
"
736,20,1.4785135984420776,"#b78130
"
736,733,1.5237034559249878,"#c78625
"
736,731,1.819545865058899,"#ff7300
"
736,540,1.4785135984420776,"#b78130
"
736,737,1.6088284254074097,"#e59011
"
736,654,1.8265273571014404,"#ff7100
"
736,797,1.5691684484481812,"#d78c1b
"
736,489,1.8503702878952026,"#ff6a00
"
737,483,1.5581871271133423,"#d38a1d
"
738,479,1.5086091756820679,"#c18429
"
738,796,1.5237034559249878,"#c78625
"
738,369,1.728922724723816,"#ff8c00
"
738,152,1.728922724723816,"#ff8c00
"
738,19,1.5952714681625366,"#e08f14
"
739,322,1.5020498037338257,"#bf842b
"
739,126,1.5020498037338257,"#bf842b
"
739,381,1.5020498037338257,"#bf842b
"
740,322,1.5237034559249878,"#c78625
"
740,237,1.5020498037338257,"#bf842b
"
740,323,1.5237034559249878,"#c78625
"
740,605,1.5237034559249878,"#c78625
"
740,790,1.5020498037338257,"#bf842b
"
740,177,1.5237034559249878,"#c78625
"
740,312,1.5237034559249878,"#c78625
"
740,480,1.5237034559249878,"#c78625
"
740,453,1.5237034559249878,"#c78625
"
740,454,1.7091829776763916,"#ff9100
"
740,100,1.5237034559249878,"#c78625
"
740,313,1.7091829776763916,"#ff9100
"
740,259,1.5020498037338257,"#bf842b
"
740,320,1.5237034559249878,"#c78625
"
740,738,1.5952714681625366,"#e08f14
"
740,791,1.5237034559249878,"#c78625
"
740,0,1.5237034559249878,"#c78625
"
740,674,1.4336943626403809,"#a77c3b
"
741,485,1.56538987159729,"#d68b1c
"
741,158,1.8909435272216797,"#ff5f00
"
741,740,1.8909435272216797,"#ff5f00
"
741,331,1.2990039587020874,"#766b5b
"
741,373,1.7207682132720947,"#ff8e00
"
741,177,1.56538987159729,"#d68b1c
"
741,179,1.6240448951721191,"#eb920e
"
741,727,1.7207682132720947,"#ff8e00
"
741,243,1.56538987159729,"#d68b1c
"
741,261,1.7207682132720947,"#ff8e00
"
741,726,1.56538987159729,"#d68b1c
"
741,333,1.56538987159729,"#d68b1c
"
741,495,1.4854570627212524,"#b9822f
"
742,717,1.472312331199646,"#b48032
"
742,593,1.728922724723816,"#ff8c00
"
742,377,1.5952714681625366,"#e08f14
"
742,508,1.5952714681625366,"#e08f14
"
742,769,1.5952714681625366,"#e08f14
"
742,378,1.5237034559249878,"#c78625
"
743,744,1.775858759880066,"#ff7f00
"
743,860,1.360045313835144,"#8c734d
"
745,769,1.728922724723816,"#ff8c00
"
745,378,1.6449317932128906,"#f29509
"
746,673,1.1880015134811401,"#666666
"
747,673,1.2990039587020874,"#766b5b
"
748,9,1.445452094078064,"#ab7d38
"
749,4,1.4616538286209106,"#b17f34
"
751,428,1.3103418350219727,"#7a6d58
"
754,565,1.6240448951721191,"#eb920e
"
755,458,1.5763740539550781,"#da8d19
"
755,77,1.5371849536895752,"#cc8822
"
755,792,1.6352440118789673,"#ef940b
"
755,61,1.8503702878952026,"#ff6a00
"
755,652,1.6137025356292725,"#e79110
"
755,619,1.5371849536895752,"#cc8822
"
755,56,1.5793168544769287,"#db8d18
"
755,653,1.5602916479110718,"#d48b1d
"
755,479,1.5371849536895752,"#cc8822
"
755,546,1.6137025356292725,"#e79110
"
755,540,1.6703306436538696,"#fb9802
"
755,539,1.6731826066970825,"#fc9802
"
757,661,1.6784417629241943,"#fe9901
"
757,13,1.8265273571014404,"#ff7100
"
757,660,1.5422025918960571,"#cd8821
"
757,786,1.5952714681625366,"#e08f14
"
757,659,1.5952714681625366,"#e08f14
"
757,155,1.5422025918960571,"#cd8821
"
759,772,1.8909435272216797,"#ff5f00
"
759,183,1.5530887842178345,"#d18a1e
"
760,144,1.5020498037338257,"#bf842b
"
760,759,1.5793168544769287,"#db8d18
"
760,761,1.7251737117767334,"#ff8d00
"
760,143,1.810091257095337,"#ff7500
"
761,758,1.8813649415969849,"#ff6200
"
761,143,1.5814515352249146,"#db8d18
"
761,613,1.5814515352249146,"#db8d18
"
761,483,1.4983980655670166,"#be832c
"
761,759,1.5143017768859863,"#c38528
"
762,393,1.9641615152359009,"#ff4b00
"
762,763,2.1944737434387207,"#ff3300
"
762,613,1.6517502069473267,"#f59607
"
762,758,1.7251737117767334,"#ff8d00
"
762,761,1.9641615152359009,"#ff4b00
"
762,803,1.5814515352249146,"#db8d18
"
762,772,1.6517502069473267,"#f59607
"
762,759,1.6517502069473267,"#f59607
"
762,143,1.5814515352249146,"#db8d18
"
762,730,1.4916014671325684,"#bb822d
"
763,761,1.9641615152359009,"#ff4b00
"
763,758,1.8309215307235718,"#ff7000
"
763,613,1.4932256937026978,"#bc832d
"
763,143,1.56538987159729,"#d68b1c
"
763,759,1.4932256937026978,"#bc832d
"
763,772,1.4932256937026978,"#bc832d
"
763,144,1.6412293910980225,"#f19409
"
763,760,1.6412293910980225,"#f19409
"
763,803,1.8040062189102173,"#ff7700
"
764,765,1.6240448951721191,"#eb920e
"
764,762,1.6517502069473267,"#f59607
"
764,393,1.4854570627212524,"#b9822f
"
764,763,1.56538987159729,"#d68b1c
"
764,78,1.8813649415969849,"#ff6200
"
764,802,1.5086091756820679,"#c18429
"
764,758,1.5952714681625366,"#e08f14
"
764,144,1.5020498037338257,"#bf842b
"
764,761,1.8813649415969849,"#ff6200
"
764,760,1.9467823505401611,"#ff5000
"
764,658,1.5602916479110718,"#d48b1d
"
764,657,1.5952714681625366,"#e08f14
"
764,759,1.5793168544769287,"#db8d18
"
764,143,1.7433522939682007,"#ff8800
"
764,484,1.5952714681625366,"#e08f14
"
764,773,1.5602916479110718,"#d48b1d
"
765,760,1.6240448951721191,"#eb920e
"
765,758,1.8566867113113403,"#ff6900
"
765,763,2.109896183013916,"#ff3900
"
765,803,1.6240448951721191,"#eb920e
"
765,772,1.4854570627212524,"#b9822f
"
765,761,2.8980116844177246,"#ff0200
"
765,613,1.6240448951721191,"#eb920e
"
765,143,1.6983015537261963,"#ff9400
"
765,393,2.109896183013916,"#ff3900
"
765,762,2.1944737434387207,"#ff3300
"
766,376,1.5086091756820679,"#c18429
"
766,355,1.916483998298645,"#ff5800
"
767,344,1.5952714681625366,"#e08f14
"
768,767,1.5530887842178345,"#d18a1e
"
768,344,1.5530887842178345,"#d18a1e
"
770,320,1.5237034559249878,"#c78625
"
770,504,1.5020498037338257,"#bf842b
"
770,367,1.775858759880066,"#ff7f00
"
770,505,1.775858759880066,"#ff7f00
"
772,104,1.4932256937026978,"#bc832d
"
772,183,1.5530887842178345,"#d18a1e
"
773,484,1.6831753253936768,"#ff9800
"
774,290,1.5237034559249878,"#c78625
"
775,290,1.6352440118789673,"#ef940b
"
775,149,1.6352440118789673,"#ef940b
"
775,376,1.5371849536895752,"#cc8822
"
775,84,1.5371849536895752,"#cc8822
"
777,776,1.2478358745574951,"#666666
"
778,774,1.7091829776763916,"#ff9100
"
778,509,1.775858759880066,"#ff7f00
"
778,149,1.4854570627212524,"#b9822f
"
779,509,1.5237034559249878,"#c78625
"
780,74,1.5237034559249878,"#c78625
"
780,593,1.5952714681625366,"#e08f14
"
780,785,2.753422737121582,"#ff0c00
"
780,146,1.5952714681625366,"#e08f14
"
780,300,1.6449317932128906,"#f29509
"
780,773,1.5530887842178345,"#d18a1e
"
780,378,1.5237034559249878,"#c78625
"
780,376,1.5086091756820679,"#c18429
"
781,513,1.4854570627212524,"#b9822f
"
781,778,1.4854570627212524,"#b9822f
"
781,378,1.5530887842178345,"#d18a1e
"
781,780,1.6607606410980225,"#f89705
"
781,168,1.5237034559249878,"#c78625
"
782,775,1.5371849536895752,"#cc8822
"
782,509,1.5086091756820679,"#c18429
"
782,539,1.5763740539550781,"#da8d19
"
782,479,1.6177585124969482,"#e8910f
"
782,549,1.5530887842178345,"#d18a1e
"
782,799,1.7349653244018555,"#ff8a00
"
782,378,1.9936872720718384,"#ff4300
"
782,13,1.6177585124969482,"#e8910f
"
782,376,1.6177585124969482,"#e8910f
"
782,377,1.7349653244018555,"#ff8a00
"
782,291,1.6177585124969482,"#e8910f
"
782,508,1.5086091756820679,"#c18429
"
782,774,1.5237034559249878,"#c78625
"
782,178,1.5086091756820679,"#c18429
"
782,290,1.6607606410980225,"#f89705
"
783,61,1.5086091756820679,"#c18429
"
783,799,1.6177585124969482,"#e8910f
"
783,375,1.57212233543396,"#d88c1a
"
783,13,1.57212233543396,"#d88c1a
"
783,377,1.57212233543396,"#d88c1a
"
783,800,1.6914021968841553,"#ff9600
"
783,782,1.7349653244018555,"#ff8a00
"
783,793,1.57212233543396,"#d88c1a
"
784,377,1.57212233543396,"#d88c1a
"
784,479,1.5086091756820679,"#c18429
"
784,799,1.6177585124969482,"#e8910f
"
784,793,1.6914021968841553,"#ff9600
"
784,291,1.6914021968841553,"#ff9600
"
784,782,1.860283613204956,"#ff6800
"
784,783,1.9564969539642334,"#ff4d00
"
784,378,1.819545865058899,"#ff7300
"
786,593,1.5952714681625366,"#e08f14
"
786,518,1.5952714681625366,"#e08f14
"
786,13,1.5952714681625366,"#e08f14
"
787,298,1.4854570627212524,"#b9822f
"
787,508,1.56538987159729,"#d68b1c
"
787,301,1.5422025918960571,"#cd8821
"
788,730,1.5482817888259888,"#d08920
"
788,143,1.4932256937026978,"#bc832d
"
788,613,1.6412293910980225,"#f19409
"
788,144,1.4932256937026978,"#bc832d
"
788,803,1.9815800189971924,"#ff4600
"
788,393,2.109896183013916,"#ff3900
"
788,762,1.8813649415969849,"#ff6200
"
788,760,1.56538987159729,"#d68b1c
"
788,763,1.9815800189971924,"#ff4600
"
788,809,1.5168771743774414,"#c48527
"
788,764,1.56538987159729,"#d68b1c
"
788,765,2.109896183013916,"#ff3900
"
788,802,1.7966138124465942,"#ff7900
"
788,758,1.916483998298645,"#ff5800
"
788,761,1.8017219305038452,"#ff7800
"
788,150,1.56538987159729,"#d68b1c
"
788,482,1.9050278663635254,"#ff5b00
"
788,14,1.5143017768859863,"#c38528
"
788,614,1.7207682132720947,"#ff8e00
"
789,664,1.728922724723816,"#ff8c00
"
790,367,1.6607606410980225,"#f89705
"
790,798,1.360045313835144,"#8c734d
"
790,312,1.5020498037338257,"#bf842b
"
791,454,1.5530887842178345,"#d18a1e
"
791,453,1.5530887842178345,"#d18a1e
"
791,0,2.109896183013916,"#ff3900
"
791,322,1.5530887842178345,"#d18a1e
"
792,13,1.5086091756820679,"#c18429
"
792,376,1.6177585124969482,"#e8910f
"
793,377,1.5952714681625366,"#e08f14
"
793,13,1.728922724723816,"#ff8c00
"
793,780,1.5952714681625366,"#e08f14
"
793,799,1.860283613204956,"#ff6800
"
793,742,1.5952714681625366,"#e08f14
"
793,26,1.5952714681625366,"#e08f14
"
793,782,1.7349653244018555,"#ff8a00
"
793,800,1.6449317932128906,"#f29509
"
793,786,1.5952714681625366,"#e08f14
"
793,787,1.5952714681625366,"#e08f14
"
793,510,1.57212233543396,"#d88c1a
"
793,301,2.109896183013916,"#ff3900
"
793,593,1.8732661008834839,"#ff6400
"
793,378,2.2592906951904297,"#ff2f00
"
793,745,1.5952714681625366,"#e08f14
"
793,508,1.728922724723816,"#ff8c00
"
793,778,1.4854570627212524,"#b9822f
"
793,509,1.5237034559249878,"#c78625
"
794,60,1.4854570627212524,"#b9822f
"
794,460,1.5763740539550781,"#da8d19
"
794,652,1.5237034559249878,"#c78625
"
796,753,1.4121733903884888,"#9f7940
"
799,13,1.860283613204956,"#ff6800
"
799,484,1.5121188163757324,"#c38528
"
799,378,1.860283613204956,"#ff6800
"
799,211,1.5086091756820679,"#c18429
"
799,545,1.5020498037338257,"#bf842b
"
799,539,1.5763740539550781,"#da8d19
"
799,653,1.4763646125793457,"#b68131
"
799,479,1.5086091756820679,"#c18429
"
799,807,1.5086091756820679,"#c18429
"
799,178,1.5086091756820679,"#c18429
"
799,773,1.5530887842178345,"#d18a1e
"
799,774,1.5237034559249878,"#c78625
"
799,290,1.775858759880066,"#ff7f00
"
799,778,1.4854570627212524,"#b9822f
"
799,509,1.5086091756820679,"#c18429
"
799,508,1.5086091756820679,"#c18429
"
799,291,1.6177585124969482,"#e8910f
"
799,374,1.5086091756820679,"#c18429
"
799,376,1.5086091756820679,"#c18429
"
800,508,1.5237034559249878,"#c78625
"
800,377,1.5237034559249878,"#c78625
"
800,593,1.5237034559249878,"#c78625
"
800,13,1.5237034559249878,"#c78625
"
800,742,1.5237034559249878,"#c78625
"
800,782,1.5086091756820679,"#c18429
"
800,757,1.5237034559249878,"#c78625
"
801,462,1.2990039587020874,"#766b5b
"
802,483,1.5621731281280518,"#d58b1c
"
802,83,1.5621731281280518,"#d58b1c
"
802,772,1.5086091756820679,"#c18429
"
802,759,1.6177585124969482,"#e8910f
"
802,758,1.5086091756820679,"#c18429
"
802,730,1.5621731281280518,"#d58b1c
"
802,765,1.6753382682800293,"#fd9801
"
802,762,2.2462668418884277,"#ff3000
"
802,393,1.6753382682800293,"#fd9801
"
802,763,1.860283613204956,"#ff6800
"
802,803,1.6177585124969482,"#e8910f
"
802,761,1.860283613204956,"#ff6800
"
803,111,1.3261089324951172,"#806f55
"
803,144,1.5020498037338257,"#bf842b
"
803,758,1.5952714681625366,"#e08f14
"
803,761,1.5143017768859863,"#c38528
"
803,760,1.5464180707931519,"#cf8920
"
804,732,1.4854570627212524,"#b9822f
"
804,701,1.4336943626403809,"#a77c3b
"
804,805,1.4854570627212524,"#b9822f
"
805,731,1.4854570627212524,"#b9822f
"
805,802,1.530170202255249,"#c98724
"
805,192,1.530170202255249,"#c98724
"
805,809,1.5763740539550781,"#da8d19
"
805,732,1.4854570627212524,"#b9822f
"
805,493,1.5952714681625366,"#e08f14
"
805,80,1.4763646125793457,"#b68131
"
805,733,1.6240448951721191,"#eb920e
"
806,810,1.5530887842178345,"#d18a1e
"
806,807,1.4854570627212524,"#b9822f
"
807,237,1.4854570627212524,"#b9822f
"
807,663,1.6240448951721191,"#eb920e
"
807,13,1.5422025918960571,"#cd8821
"
807,147,1.4854570627212524,"#b9822f
"
807,789,1.5952714681625366,"#e08f14
"
807,374,1.5422025918960571,"#cd8821
"
807,25,1.4854570627212524,"#b9822f
"
807,519,1.4854570627212524,"#b9822f
"
807,2,1.360045313835144,"#8c734d
"
808,802,1.5530887842178345,"#d18a1e
"
808,730,1.6060093641281128,"#e49012
"
808,192,1.5530887842178345,"#d18a1e
"
808,809,1.5168771743774414,"#c48527
"
809,761,1.7207682132720947,"#ff8e00
"
809,763,1.6155211925506592,"#e89110
"
809,80,1.4763646125793457,"#b68131
"
809,483,1.5168771743774414,"#c48527
"
809,730,1.6673223972320557,"#fa9703
"
809,802,2.5470142364501953,"#ff1a00
"
809,765,1.6673223972320557,"#fa9703
"
809,393,1.56538987159729,"#d68b1c
"
809,762,1.775858759880066,"#ff7f00
"
809,772,1.5168771743774414,"#c48527
"
810,811,1.4960488080978394,"#bd832c
"
810,655,1.5464180707931519,"#cf8920
"
810,61,1.5530887842178345,"#d18a1e
"
810,481,1.5530887842178345,"#d18a1e
"
811,738,1.4960488080978394,"#bd832c
"
811,58,1.56538987159729,"#d68b1c
"
811,64,1.5343255996704102,"#cb8823
"
811,490,1.7155178785324097,"#ff8f00
"
811,481,1.4960488080978394,"#bd832c
"
811,239,1.4960488080978394,"#bd832c
"
811,458,1.6731826066970825,"#fc9802
"
811,755,1.6352440118789673,"#ef940b
"
811,539,1.5763740539550781,"#da8d19
"
811,653,1.4763646125793457,"#b68131
"
811,546,1.5237034559249878,"#c78625
"
811,479,1.7013370990753174,"#ff9300
"
811,792,1.4960488080978394,"#bd832c
"
811,796,1.4960488080978394,"#bd832c
"
811,56,1.7463809251785278,"#ff8700
"
811,795,1.4960488080978394,"#bd832c
"
811,61,1.8142457008361816,"#ff7400
"
811,79,1.5952714681625366,"#e08f14
"
811,789,1.4960488080978394,"#bd832c
"
812,99,1.0630377531051636,"#666666
"
813,695,1.280964732170105,"#70695f
"
815,816,1.360045313835144,"#8c734d
"
815,817,1.360045313835144,"#8c734d
"
817,851,1.4097564220428467,"#9e7941
"
818,555,1.3299239873886108,"#816f54
"
819,790,1.5020498037338257,"#bf842b
"
821,820,1.21820867061615,"#666666
"
822,565,1.4854570627212524,"#b9822f
"
823,822,1.56538987159729,"#d68b1c
"
824,504,1.5020498037338257,"#bf842b
"
825,824,1.234747290611267,"#666666
"
827,315,1.5020498037338257,"#bf842b
"
827,826,1.4121733903884888,"#9f7940
"
828,174,1.6240448951721191,"#eb920e
"
829,828,1.0342704057693481,"#666666
"
830,835,1.5371849536895752,"#cc8822
"
830,844,1.360045313835144,"#8c734d
"
831,830,1.360045313835144,"#8c734d
"
832,724,1.2584704160690308,"#686765
"
833,742,1.4528664350509644,"#ad7e36
"
836,297,1.6137025356292725,"#e79110
"
837,212,1.4763646125793457,"#b68131
"
837,836,1.5763740539550781,"#da8d19
"
839,725,1.360045313835144,"#8c734d
"
840,724,1.472312331199646,"#b48032
"
840,756,1.472312331199646,"#b48032
"
841,290,1.5371849536895752,"#cc8822
"
842,841,1.4003822803497314,"#9b7843
"
843,842,1.5952714681625366,"#e08f14
"
846,844,1.360045313835144,"#8c734d
"
846,845,1.445452094078064,"#ab7d38
"
847,299,1.472312331199646,"#b48032
"
849,639,1.1966997385025024,"#666666
"
850,817,1.5324554443359375,"#ca8723
"
850,542,1.4148423671722412,"#a0793f
"
851,52,1.4616538286209106,"#b17f34
"
851,854,1.360045313835144,"#8c734d
"
852,853,1.4178099632263184,"#a17a3f
"
853,494,1.387811303138733,"#967646
"
854,575,1.4336943626403809,"#a77c3b
"
855,647,1.2478358745574951,"#666666
"
858,90,1.3052434921264648,"#796c5a
"
859,773,1.360045313835144,"#8c734d
"
860,599,1.280964732170105,"#70695f
"
861,860,1.5530887842178345,"#d18a1e
"
862,464,1.4121733903884888,"#9f7940
"
862,465,1.4616538286209106,"#b17f34
"
863,858,1.2478358745574951,"#666666
"
865,193,1.886932134628296,"#ff6000
"
865,864,1.57212233543396,"#d88c1a
"
865,288,1.886932134628296,"#ff6000
"
