# source, target
0,1
0,2
0,3
0,4
5,6
5,7
5,8
9,10
9,11
9,12
13,10
13,11
13,12
14,15
14,10
14,16
14,17
14,18
19,20
19,21
19,22
23,24
23,25
23,26
23,27
23,28
23,29
30,24
30,26
30,31
32,33
32,34
32,35
32,36
32,37
38,39
38,40
38,41
42,43
42,44
42,45
42,46
42,47
42,48
42,49
50,51
50,39
50,52
50,53
54,55
54,56
54,57
54,58
54,59
54,60
54,61
62,63
62,64
62,65
62,66
62,67
62,68
62,69
62,70
62,71
62,72
73,74
73,75
73,76
73,77
73,78
73,79
73,80
81,82
81,83
81,84
85,86
85,79
85,84
85,87
85,88
89,90
89,83
89,91
92,93
92,94
92,95
96,79
96,97
96,84
96,98
96,99
100,93
100,78
100,95
100,101
100,102
103,104
103,105
103,93
103,106
103,107
108,109
108,110
108,111
108,79
108,112
108,113
108,46
114,74
114,115
114,79
114,95
114,116
114,102
117,118
117,119
117,120
117,121
117,122
117,123
124,125
124,126
124,127
128,129
128,130
128,131
128,132
128,133
134,135
134,136
134,137
134,138
134,139
134,140
141,142
141,143
141,144
141,145
146,147
146,148
146,149
146,150
146,151
146,152
146,153
146,154
146,155
156,157
156,158
156,159
156,160
156,161
156,162
163,164
163,165
163,166
167,168
167,169
167,170
167,171
167,172
167,173
174,175
174,176
174,105
174,177
174,178
179,180
179,181
179,182
179,183
179,184
185,186
185,187
185,188
185,189
185,190
191,192
191,193
191,194
195,196
195,115
195,197
195,198
195,199
195,200
195,201
202,203
202,204
202,205
206,207
206,208
206,209
206,210
206,211
206,212
206,213
214,215
214,216
214,217
218,219
218,220
218,221
218,222
218,223
224,225
224,226
224,227
228,229
228,230
228,231
228,232
233,234
233,235
233,236
233,237
233,238
233,239
240,241
240,242
240,243
240,244
240,245
246,235
246,247
246,248
246,249
246,250
246,251
252,253
252,254
252,255
252,256
252,257
258,259
258,260
258,261
262,263
262,264
262,265
262,247
262,266
267,268
267,269
267,270
267,271
267,272
267,273
267,274
267,275
276,277
276,278
276,149
276,279
276,231
276,280
281,282
281,283
281,284
281,285
281,286
281,287
288,289
288,290
288,291
288,133
288,292
293,294
293,295
293,296
293,297
293,298
299,300
299,301
299,302
299,303
299,304
299,305
299,306
307,308
307,309
307,310
307,311
307,312
307,313
314,315
314,316
314,317
314,318
314,319
314,320
321,322
321,323
321,324
325,326
325,327
325,328
329,330
329,331
329,332
333,334
333,335
333,336
333,337
338,268
338,339
338,340
341,342
341,343
341,344
341,345
341,346
347,348
347,349
347,350
347,351
347,352
353,175
353,265
353,354
353,355
353,356
353,357
358,359
358,135
358,360
358,361
358,362
358,363
358,364
365,366
365,367
365,368
365,369
370,371
370,372
370,373
370,374
370,375
376,377
376,378
376,70
376,379
380,381
380,382
380,383
384,385
384,386
384,387
384,388
384,70
389,390
389,391
389,392
393,390
393,391
393,392
394,395
394,396
394,397
394,398
394,399
400,401
400,402
400,403
404,405
404,406
404,407
408,409
408,410
408,411
408,147
408,211
408,412
408,413
414,415
414,416
414,417
414,418
419,420
419,421
419,422
423,424
423,425
423,426
423,427
423,428
429,430
429,256
429,431
432,433
432,434
432,435
436,437
436,78
436,438
436,439
436,440
436,441
442,310
442,443
442,444
442,445
442,446
447,448
447,449
447,79
450,448
450,449
450,79
451,452
451,453
451,454
451,455
451,4
451,456
451,457
451,458
451,459
451,460
451,461
451,70
451,462
463,464
463,465
463,466
467,468
467,469
467,470
467,471
467,472
473,474
473,475
473,476
473,477
473,478
473,291
473,479
480,481
480,482
480,483
480,278
480,484
480,485
486,487
486,488
486,489
486,490
486,491
486,492
486,493
486,494
495,496
495,497
495,498
495,499
495,500
495,501
495,502
503,497
503,504
503,500
503,505
503,506
507,508
507,509
507,430
510,511
510,512
510,513
514,386
514,515
514,70
516,517
516,104
516,297
516,518
516,519
520,521
520,522
520,272
520,223
520,399
523,522
523,524
523,525
526,527
526,417
526,528
526,529
526,530
531,532
531,533
531,534
531,535
531,536
537,538
537,539
537,540
541,542
541,543
541,544
541,545
541,546
541,547
548,549
548,550
548,551
548,552
548,553
548,554
555,556
555,557
555,558
555,559
555,49
555,560
561,562
561,563
561,564
561,372
561,357
565,562
565,566
565,567
565,568
565,98
565,569
565,570
571,572
571,573
571,574
571,575
571,576
577,578
577,579
577,580
577,581
577,317
577,106
577,582
583,584
583,585
583,586
583,587
583,326
583,588
583,502
589,590
589,591
589,592
589,593
589,594
595,596
595,597
595,598
595,599
595,600
601,602
601,603
601,604
601,605
601,606
607,608
607,609
607,610
607,70
607,611
612,613
612,614
612,615
612,616
612,617
618,619
618,620
618,621
618,622
618,623
618,624
618,625
626,627
626,628
626,629
626,630
631,632
631,633
631,634
631,635
631,629
636,637
636,638
636,639
636,640
636,641
636,642
643,644
643,645
643,646
647,648
647,649
647,650
647,651
647,652
653,654
653,655
653,656
653,657
653,257
658,659
658,660
658,661
658,662
658,663
658,664
665,666
665,667
665,668
665,669
665,670
671,196
671,197
671,672
671,201
671,673
674,675
674,676
674,677
674,196
674,200
674,201
674,678
674,679
680,681
680,682
680,683
680,113
680,684
680,685
680,686
680,687
680,688
680,689
690,691
690,308
690,692
690,693
690,694
690,695
696,691
696,308
696,693
696,697
696,357
698,699
698,700
698,701
698,702
698,703
698,704
698,705
706,707
706,708
706,709
710,308
710,309
710,310
710,311
710,312
710,313
711,712
711,713
711,714
711,715
711,37
716,717
716,718
716,719
716,720
716,721
722,723
722,724
722,4
725,726
725,727
725,115
725,728
725,729
730,731
730,732
730,733
734,735
734,736
734,256
734,249
734,257
737,738
737,739
737,740
737,741
737,742
743,744
743,745
743,746
743,747
743,748
749,750
749,751
749,752
749,753
749,754
755,315
755,756
755,757
755,758
755,70
759,760
759,761
759,762
759,763
759,764
759,765
766,767
766,768
766,769
766,770
766,771
766,772
766,773
774,775
774,776
774,777
774,778
774,779
780,196
780,781
780,782
780,197
780,783
780,784
780,785
786,787
786,788
786,789
786,790
791,792
791,75
791,793
791,794
791,795
796,797
796,798
796,799
796,800
796,801
802,803
802,798
802,804
802,805
802,806
807,808
807,809
807,810
807,78
807,811
812,813
812,814
812,815
812,816
812,817
818,819
818,820
818,821
818,822
818,823
818,824
818,825
818,826
818,827
818,828
818,829
818,830
818,831
818,832
833,834
833,835
833,836
833,837
833,838
839,840
839,841
839,842
843,844
843,845
843,846
843,847
843,848
849,850
849,26
849,110
849,851
849,852
849,853
849,854
855,856
855,857
855,858
855,859
855,860
861,862
861,863
861,864
861,865
866,867
866,868
866,869
866,4
866,870
871,872
871,873
871,874
871,875
871,876
877,878
877,879
877,858
877,655
877,880
881,882
881,883
881,884
881,885
881,886
887,888
887,889
887,890
887,891
887,892
893,894
893,895
893,896
897,898
897,899
897,900
897,901
897,902
897,903
897,904
905,294
905,869
905,4
905,906
907,908
907,909
907,910
907,372
907,911
912,913
912,914
912,915
912,916
912,917
918,919
918,920
918,921
918,922
918,923
918,924
918,925
918,926
918,927
928,929
928,930
928,931
928,932
928,933
934,935
934,936
934,937
934,938
934,939
940,196
940,396
940,941
940,942
940,943
944,945
944,946
944,947
948,949
948,950
948,891
948,892
948,951
948,199
948,757
948,249
952,953
952,954
952,955
956,957
956,958
956,959
956,223
956,960
961,16
961,962
961,427
963,964
963,965
963,966
963,967
963,968
963,558
963,969
970,971
970,972
970,973
970,974
970,975
976,977
976,978
976,865
976,979
976,519
980,118
980,119
980,981
980,982
980,983
980,122
980,984
985,986
985,987
985,201
985,988
985,729
989,990
989,991
989,992
989,993
989,123
994,995
994,996
994,997
994,998
994,201
999,1000
999,1001
999,1002
1003,1004
1003,1005
1003,1006
1003,1007
1003,1008
1009,1010
1009,1011
1009,1012
1009,1013
1009,1014
1009,1015
1009,1016
1017,1018
1017,1019
1017,1020
1017,1021
1017,1022
1023,1024
1023,1025
1023,1026
1023,1027
1023,1028
1023,1029
1023,1030
1023,1031
1023,1032
1023,1033
1034,1035
1034,1036
1034,853
1034,1037
1034,1038
1039,1040
1039,1041
1039,1042
1043,1044
1043,1045
1043,1046
1043,1047
1043,1048
1043,1049
1050,1051
1050,1052
1050,1053
1050,1054
1050,1055
1056,1057
1056,1058
1056,1059
1056,538
1056,1060
1061,1062
1061,1063
1061,1064
1061,1065
1066,1067
1066,1068
1066,1069
1070,1071
1070,1072
1070,1073
1070,1074
1075,1071
1075,1072
1075,1073
1075,1076
1075,1074
1077,1078
1077,1079
1077,1080
1081,1082
1081,1083
1081,1084
1085,1086
1085,1087
1085,1088
1089,1090
1089,1091
1089,1092
1089,1093
1089,1094
1089,1095
1089,1096
1089,1097
1089,1098
1089,1099
1100,1101
1100,1102
1100,1099
1100,1103
1104,1105
1104,1106
1104,1107
1104,1108
1109,1110
1109,1111
1109,1112
1109,1113
1109,1114
1109,1115
1116,1117
1116,1118
1116,1119
1116,1120
1116,1121
1122,1123
1122,1124
1122,1125
1122,1126
1122,1127
1128,1129
1128,1130
1128,1131
1128,1132
1128,1133
1134,1135
1134,1136
1134,1137
1134,1138
1134,1139
1140,1141
1140,1142
1140,1143
1144,1145
1144,468
1144,1146
1144,1147
1144,1148
1149,545
1149,1150
1149,1151
1149,1152
1149,854
1149,47
1149,70
1149,1153
1154,890
1154,1155
1154,1156
1154,1157
1154,1158
1154,1159
1154,1160
1161,1162
1161,1163
1161,1164
1161,1165
1161,936
1161,1078
1161,1166
1161,1167
1161,1168
1161,1169
1170,1171
1170,1172
1170,1173
1170,1174
1170,471
1175,585
1175,629
1175,1176
1175,1177
1175,1178
1179,935
1179,396
1179,1180
1179,115
1179,1181
1179,1182
1183,1184
1183,18
1183,1185
1183,1186
1183,1187
1188,1189
1188,149
1188,1190
1188,1191
1188,1192
1188,974
1193,1194
1193,856
1193,1195
1193,1196
1197,1198
1197,1199
1197,1200
1197,1201
1197,1202
1203,1204
1203,1205
1203,1206
1203,1207
1203,1208
1209,115
1209,1210
1209,165
1209,1211
1209,1212
1213,1214
1213,1204
1213,296
1213,1215
1213,1216
1213,1019
1217,1218
1217,336
1217,1219
1217,910
1217,1220
1221,879
1221,856
1221,857
1222,1223
1222,1224
1222,1225
1226,1227
1226,1225
1226,1228
1229,1230
1229,1231
1229,1232
1229,1233
1229,1234
1235,1236
1235,1204
1235,1237
1235,1238
1235,1239
1240,1241
1240,1242
1240,1243
1240,1244
1240,199
1240,1245
1240,1246
1247,1248
1247,1249
1247,1250
1247,1251
1247,1252
1247,1253
1254,585
1254,1255
1254,78
1254,84
1254,1256
1257,1258
1257,1259
1257,1260
1257,1261
1257,1262
1257,1263
1264,1265
1264,1266
1264,1267
1264,1268
1264,1269
1270,1271
1270,1272
1270,1273
1270,1274
1270,1275
1276,63
1276,1277
1276,1278
1276,1279
1280,1281
1280,1282
1280,1283
1280,892
1280,1284
1280,933
1280,1285
1280,1286
1287,1288
1287,1289
1287,1290
1291,1292
1291,1293
1291,1294
1291,1192
1291,1295
1291,1296
1297,1292
1297,1298
1297,1299
1297,1293
1297,1294
1297,1192
1297,1295
1297,1300
1297,1301
1297,1296
1302,1292
1302,1303
1302,1293
1302,1294
1302,1192
1302,1295
1302,1296
1304,1305
1304,614
1304,1306
1304,1307
1304,1308
1309,109
1309,1310
1309,1311
1309,1312
1309,1313
1314,1315
1314,1316
1314,1317
1318,1319
1318,1320
1318,1321
1322,1317
1322,1323
1322,1324
1325,1319
1325,1320
1325,1321
1326,1319
1326,1320
1326,1327
1328,995
1328,1329
1328,1330
1331,862
1331,517
1331,864
1331,1252
1331,1332
1333,175
1333,1334
1333,1335
1333,1336
1333,1337
1333,950
1333,399
1338,1339
1338,1340
1338,1341
1338,1332
1338,1342
1343,517
1343,864
1343,297
1343,1344
1343,260
1345,1346
1345,1347
1345,1348
1345,1349
1345,1350
1351,1352
1351,1353
1351,1354
1355,1356
1355,1357
1355,904
1358,1359
1358,1360
1358,1361
1358,1006
1358,1362
1363,1364
1363,978
1363,1365
1366,1367
1366,1368
1366,935
1366,539
1366,729
1369,1370
1369,1371
1369,1372
1369,1373
1369,1374
1369,1375
1369,1376
1377,1378
1377,1379
1377,1380
1381,1382
1381,1383
1381,1384
1381,1385
1381,116
1386,1387
1386,1388
1386,1389
1386,1390
1391,1392
1391,1393
1391,1394
1391,1395
1391,1396
1397,614
1397,616
1397,4
1397,1398
1397,1399
1400,1401
1400,1402
1400,1403
1404,1405
1404,375
1404,1406
1404,1407
1408,129
1408,1409
1408,1410
1408,1411
1408,77
1412,1413
1412,756
1412,1040
1412,1414
1412,1415
1416,1417
1416,1418
1416,1419
1416,1420
1416,1421
1416,1422
1416,1423
1416,1424
1425,1426
1425,1427
1425,1428
1425,1429
1425,1430
1425,1431
1432,110
1432,1433
1432,133
1432,1434
1435,894
1435,1436
1435,895
1435,896
1437,1438
1437,346
1437,1439
1440,1441
1440,777
1440,1442
1440,1443
1440,778
1444,1129
1444,767
1444,1132
1444,1445
1444,1446
1444,4
1444,1447
1448,1449
1448,1450
1448,58
1448,558
1448,1451
1452,1453
1452,1454
1452,1455
1452,1456
1452,1457
1452,478
1452,1458
1452,200
1459,1460
1459,354
1459,1461
1459,1462
1459,1463
1459,1464
1459,1465
1459,1466
1459,1467
1468,1469
1468,1470
1468,1471
1468,1472
1468,1473
1468,1474
1468,1475
1468,1476
1477,1478
1477,1479
1477,1480
1481,1482
1481,264
1481,1483
1481,1484
1481,282
1485,157
1485,74
1485,1486
1485,77
1485,1487
1488,619
1488,546
1488,115
1488,1489
1488,1490
1488,1491
1492,1493
1492,1494
1492,1495
1492,1496
1497,194
1497,1498
1497,231
1497,1499
1497,943
1497,1500
1501,1502
1501,336
1501,1503
1501,1192
1501,1504
1505,1506
1505,1507
1505,1508
1505,545
1505,1509
1505,1510
1505,1511
1505,1512
1505,1513
1505,1514
1505,1515
1505,1516
1517,1518
1517,1519
1517,1520
1517,1521
1517,1522
1523,1524
1523,1525
1523,1526
1523,1527
1528,1529
1528,1530
1528,1531
1528,1532
1528,1533
1534,1529
1534,1535
1534,1536
1534,1531
1537,1410
1537,1538
1537,1539
1540,1529
1540,1535
1540,1531
1540,1541
1542,1529
1542,1535
1542,1531
1542,1543
1544,1529
1544,1535
1544,1531
1544,1545
1546,1547
1546,1548
1546,1549
1550,1551
1550,524
1550,1552
1550,1553
1550,1554
1555,1556
1555,1557
1555,1558
1555,1559
1555,1560
1561,469
1561,1562
1561,854
1561,1563
1564,1565
1564,1566
1564,1567
1568,1569
1568,1570
1568,1571
1572,1573
1572,1574
1572,1575
1572,1576
1572,1577
1572,1578
1572,1579
1572,1119
1572,1580
1572,1581
1572,237
1572,1582
1583,1584
1583,1585
1583,1586
1587,1588
1587,1589
1587,1590
1587,1591
1587,1592
1587,1593
1587,1594
1587,1595
1596,1597
1596,1598
1596,260
1599,1600
1599,1601
1599,1602
1599,1603
1599,1604
1599,748
1605,1606
1605,1607
1605,1608
1605,1609
1605,1610
1611,1612
1611,736
1611,115
1611,1613
1611,1614
1615,1616
1615,1617
1615,1618
1615,1619
1620,1621
1620,1622
1620,1623
1620,1624
1620,1625
1626,55
1626,1627
1626,1628
1626,951
1626,257
1629,1630
1629,1631
1629,977
1629,1632
1629,1633
1629,1634
1635,1636
1635,1637
1635,1638
1635,1639
1635,1640
1641,1642
1641,1643
1641,1644
1645,1642
1645,1643
1645,1644
1646,640
1646,1647
1646,1648
1649,249
1649,1650
1649,1651
1652,1653
1652,1654
1652,1655
1652,1656
1652,1657
1652,1658
1659,1660
1659,1661
1659,1662
1659,1663
1659,46
1659,1664
1659,1665
1666,1667
1666,1668
1666,1669
1666,1670
1666,1671
1666,1672
1666,1673
1674,1675
1674,1676
1674,1677
1674,1046
1674,1678
1674,1679
1680,1681
1680,1682
1680,1683
1680,1684
1680,1685
1680,1686
1680,1687
1680,1688
1680,1689
1690,1691
1690,1692
1690,1693
1694,1695
1694,1696
1694,1697
1698,1699
1698,851
1698,1697
1700,1701
1700,1696
1700,1697
1702,1703
1702,1704
1702,1705
1702,1706
1702,1707
1708,1524
1708,1709
1708,1710
1708,1711
1708,1712
1713,1714
1713,1715
1713,4
1713,1499
1713,1716
1717,1675
1717,931
1717,1718
1717,1719
1717,1720
1721,1393
1721,1722
1721,417
1721,1723
1721,364
1724,386
1724,974
1724,1725
1726,1727
1726,1728
1726,1729
1726,1730
1726,1731
1732,1733
1732,110
1732,1734
1732,1735
1736,1737
1736,469
1736,182
1736,256
1736,184
1738,1282
1738,1336
1738,941
1738,574
1738,1739
1738,1740
1738,1741
1742,1743
1742,1744
1742,1745
1742,1746
1742,1747
1748,1749
1748,1750
1748,1751
1748,1752
1748,1753
1748,1754
1748,1755
1756,1757
1756,1758
1756,1759
1760,1761
1760,1762
1760,1241
1760,1763
1760,1764
1760,1176
1765,1766
1765,848
1765,1767
1765,1768
1765,1769
1770,1771
1770,524
1770,1772
1770,1773
1770,1774
1770,170
1770,1775
1770,1776
1777,1778
1777,1779
1777,1108
1777,1384
1777,1780
1781,1782
1781,1783
1781,1784
1781,1785
1781,1786
1781,1787
1781,1788
1781,1789
1781,1790
1781,686
1781,1791
1781,688
1792,1793
1792,1794
1792,1795
1796,1797
1796,1798
1796,1799
1796,1800
1796,1801
1796,1802
1796,1803
1796,1804
1796,1805
1806,1584
1806,1807
1806,1585
1806,1808
1806,1809
1810,129
1810,1811
1810,1812
1810,1813
1810,1814
1810,1815
1810,1816
1817,1818
1817,889
1817,1819
1817,1820
1817,1821
1817,1822
1823,1482
1823,1218
1823,1824
1823,211
1823,1825
1826,1827
1826,1828
1829,1830
1829,1831
1829,1832
1829,1833
1829,1834
1829,1835
1836,1837
1836,1838
1836,1839
1836,1840
1836,1841
1836,1842
1843,1844
1843,1845
1843,1846
1843,1847
1843,1848
1843,1849
1843,1850
1851,1852
1851,1853
1851,1303
1851,1854
1851,1855
1851,1856
1851,1294
1857,1858
1857,1859
1857,1196
1857,1860
1861,936
1861,1862
1861,1863
1861,1864
1861,1865
1866,424
1866,990
1866,1867
1866,425
1866,1868
1866,1869
1870,43
1870,1871
1870,1872
1870,1873
1870,290
1870,1874
1870,1875
1870,1876
1877,1364
1877,978
1877,1365
1878,1282
1878,1879
1878,1195
1878,1880
1878,1881
1878,1882
1878,501
1878,1883
1884,1885
1884,1886
1884,910
1884,1887
1884,1888
1889,1890
1889,1891
1889,1892
1889,1893
1889,1894
1889,1895
1889,1896
1889,1897
1898,268
1898,1899
1898,616
1900,1901
1900,1902
1900,1903
1904,1905
1904,1059
1904,1906
1904,1907
1904,1908
1904,1909
1910,1911
1910,745
1910,1912
1910,1913
1910,959
1910,1914
1910,1915
1916,1917
1916,1918
1916,1919
1916,242
1916,317
1916,1920
1921,468
1921,1922
1921,1780
1921,1923
1921,1924
1925,1763
1925,1720
1925,1678
1925,80
1925,974
1926,1927
1926,1928
1926,1929
