# index, meta, _pos
0,1,"array([-8.22797576, -4.04145643])"
1,1,"array([-7.58375418,  0.97792422])"
2,1,"array([-5.84433815,  2.8866733 ])"
3,1,"array([-8.13417906,  1.00637475])"
4,1,"array([-7.53485866,  1.51517173])"
5,1,"array([-6.5533177 ,  2.13524308])"
6,0,"array([-8.28832186, -5.05581101])"
7,1,"array([-6.73788229, -4.51009691])"
8,1,"array([-5.88296821, -4.32609349])"
9,1,"array([-3.67734617,  0.30358523])"
10,0,"array([-5.89754889, -4.43844631])"
11,0,"array([-7.62949519, -4.47401389])"
12,0,"array([-7.69582687, -4.83583248])"
13,1,"array([-7.61339054, -4.90415191])"
14,1,"array([-6.10045772,  2.41158065])"
15,1,"array([-2.28648979, -2.13061055])"
16,1,"array([-7.44236994, -2.85137016])"
17,1,"array([-3.47969021,  1.19647691])"
18,0,"array([-13.12799825,  -3.98381806])"
19,1,"array([-13.14830338,  -3.88085655])"
20,0,"array([-6.83607993, -3.5667414 ])"
21,0,"array([-10.07689493,  -1.23747855])"
22,0,"array([-13.05336731,  -3.45497821])"
23,0,"array([-6.9147543 , -4.84899644])"
24,1,"array([-6.93900012, -4.94108688])"
25,1,"array([-2.7559531 , -0.04510616])"
26,0,"array([-4.08126548,  2.19118501])"
27,0,"array([-6.01722625,  1.56184635])"
28,1,"array([-6.19456942, -4.74992652])"
29,1,"array([-3.46611728,  2.04469766])"
30,1,"array([-10.23819989,   0.53785087])"
31,1,"array([-5.41363783,  3.47607409])"
32,1,"array([-7.84480573,  1.06996608])"
33,1,"array([-10.82001786,  -3.60758994])"
34,1,"array([-5.20609948,  3.53983359])"
35,1,"array([-3.97406134, -3.64449761])"
36,1,"array([-3.82391504, -3.27169964])"
37,1,"array([-12.59505004,  -3.46004327])"
38,0,"array([-7.95998485,  1.41257518])"
39,0,"array([-3.68957811, -2.62663348])"
40,1,"array([-3.90872082, -2.45502236])"
41,1,"array([-6.73635777, -4.37374255])"
42,1,"array([-7.16640901, -4.22019563])"
43,0,"array([-8.22102467,  0.31945032])"
44,1,"array([-7.1806907 ,  0.16812029])"
45,0,"array([-6.68695573, -0.73876071])"
46,1,"array([-9.53711195, -3.78246786])"
47,0,"array([-8.26721068,  1.14225171])"
48,0,"array([-5.72083965,  1.20888428])"
49,1,"array([-9.43202435,  2.0535876 ])"
50,1,"array([-4.76861861,  3.22979681])"
51,0,"array([-4.5158688,  2.4926778])"
52,1,"array([-5.92693257,  2.06851335])"
53,1,"array([-6.05689212,  1.71237109])"
54,1,"array([-7.09332942,  0.13061641])"
55,1,"array([-4.24850289,  1.44133271])"
56,0,"array([-3.81376184,  1.3191024 ])"
57,0,"array([-3.75394954,  1.25722088])"
58,0,"array([-5.09500957,  1.95941397])"
59,1,"array([-2.8099788 , -0.41314869])"
60,1,"array([-6.1961447 , -3.42308957])"
61,1,"array([-10.5456218 ,  -3.65921028])"
62,1,"array([-5.93689382,  1.28583404])"
63,1,"array([-6.80274655,  3.02595813])"
64,1,"array([-12.61322513,  -4.451737  ])"
65,1,"array([-3.35784393,  0.48371867])"
66,0,"array([-7.41115424,  0.94933152])"
67,1,"array([-6.48109248, -4.45998245])"
68,1,"array([-3.64192334,  0.58469689])"
69,1,"array([-3.52530632,  0.55475587])"
70,0,"array([-12.5392009 ,  -3.56722031])"
71,1,"array([-4.75433417,  2.73130602])"
72,1,"array([-6.19369347,  2.18517942])"
73,1,"array([-4.94285513,  2.54269679])"
74,1,"array([-3.21735994, -2.36425739])"
75,1,"array([-6.16188782,  1.69751814])"
76,1,"array([-4.02003388,  1.7829039 ])"
77,1,"array([-10.05455907,  -0.24478498])"
78,0,"array([-8.62034315, -2.78706787])"
79,0,"array([-8.38391294,  0.22477129])"
80,0,"array([-3.44502993, -0.06331094])"
81,1,"array([-3.14854946, -0.10414065])"
82,0,"array([-6.60024224,  2.8569861 ])"
83,0,"array([-7.60249596,  2.42799985])"
84,1,"array([-12.02353285,  -3.60747816])"
85,1,"array([-5.51940058,  1.40545004])"
86,1,"array([-6.67281717, -1.4237817 ])"
87,1,"array([-3.66121831, -2.44494426])"
88,0,"array([-3.68682048, -2.07989149])"
89,0,"array([-7.33395268,  0.80007077])"
90,0,"array([-7.27101957, -3.40726433])"
91,0,"array([-7.9504827 , -4.67171633])"
92,1,"array([-8.39833025, -4.30812868])"
93,1,"array([-10.05525195,   1.05150437])"
94,1,"array([-6.31899363,  1.77134127])"
95,1,"array([-4.88122566,  3.50463164])"
96,1,"array([-6.19482171,  2.26311102])"
97,0,"array([-3.89500257,  3.47641871])"
98,1,"array([-9.13952556, -3.95709419])"
99,1,"array([-4.23114568, -2.83013018])"
100,1,"array([-4.02232882, -2.97887371])"
101,1,"array([-9.95439426, -1.11153466])"
102,1,"array([-3.80745152,  2.67892948])"
103,0,"array([-9.37775413,  1.63887419])"
104,1,"array([-8.14419076, -1.40697292])"
105,1,"array([-3.82742802,  2.3997465 ])"
106,1,"array([-7.21466651,  0.6850963 ])"
107,1,"array([-6.38739358,  3.48678041])"
108,1,"array([-6.11795171,  3.76928851])"
109,0,"array([-13.30084212,  -3.68089044])"
110,0,"array([-13.2213763 ,  -3.73949042])"
111,0,"array([-4.59202032,  3.08161501])"
112,1,"array([-7.28337829, -0.01327442])"
113,1,"array([-6.2861914 ,  2.01809327])"
114,1,"array([-5.2180488 , -1.80290116])"
115,1,"array([-4.50048938,  3.4648097 ])"
116,0,"array([-8.29879979, -0.44697587])"
117,1,"array([-9.16199997, -2.2511325 ])"
118,0,"array([-8.89324876, -2.30660767])"
119,1,"array([-4.72301784,  0.55031277])"
120,1,"array([-4.05192741, -3.565702  ])"
121,0,"array([-6.93048958,  0.01875569])"
122,1,"array([-4.25830452,  2.79906107])"
123,0,"array([-12.37516054,  -3.85231488])"
124,1,"array([-4.0706361 ,  2.49869589])"
125,1,"array([-6.29599   , -2.94288889])"
126,1,"array([-5.50967099, -0.65399285])"
127,0,"array([-4.77001374,  1.62135638])"
128,1,"array([-4.61650976,  0.79447269])"
129,1,"array([-3.175523  ,  0.48456298])"
130,0,"array([-12.30035854,  -4.05583607])"
131,0,"array([-8.54321464, -0.36271737])"
132,1,"array([-7.34992817, -2.50099529])"
133,1,"array([-7.15855138, -2.62146606])"
134,0,"array([-9.07519925,  0.26148036])"
135,1,"array([-7.57124552,  0.13616971])"
136,0,"array([-2.99949931,  1.72668347])"
137,0,"array([-7.66493048, -2.74539148])"
138,0,"array([-3.579944  ,  0.09155135])"
139,0,"array([-9.50091754,  1.55573925])"
140,1,"array([-8.73118013,  1.83771646])"
141,1,"array([-6.30052627,  2.61465519])"
142,0,"array([-8.51177578, -3.09321467])"
143,1,"array([-6.46603994, -3.06647768])"
144,1,"array([-10.16531756,   0.78271508])"
145,1,"array([-9.96753534,  0.68890935])"
146,1,"array([-5.64692671,  1.64908644])"
147,0,"array([-10.79676821,  -3.28805179])"
148,0,"array([-3.66798647,  3.69214369])"
149,1,"array([-6.80792584,  0.29428692])"
150,0,"array([-4.35604744,  3.06649747])"
151,0,"array([-12.09624588,  -3.84480167])"
152,1,"array([-9.57649518, -0.09426967])"
153,0,"array([-3.58415737, -0.23432917])"
154,0,"array([-4.42852371,  0.08361827])"
155,1,"array([-7.15137557, -4.83806857])"
156,1,"array([-10.23912868,   0.90109792])"
157,0,"array([-8.8419188 ,  2.34279103])"
158,1,"array([-3.37224026,  1.54439715])"
159,1,"array([-3.07259944,  1.81048774])"
160,1,"array([-3.4453256 , -2.25660719])"
161,0,"array([-3.39152076, -0.30690909])"
162,1,"array([-9.54989333,  2.0447746 ])"
163,0,"array([-4.56248187, -3.3277327 ])"
164,0,"array([-2.78983228, -0.58197435])"
165,1,"array([-10.41835292,  -4.04438388])"
166,0,"array([-3.59346626, -0.34791444])"
167,0,"array([-6.66009106, -1.03257927])"
168,1,"array([-5.47368582,  2.25375955])"
169,1,"array([-3.26009799,  2.52898803])"
170,1,"array([-4.23572032,  0.99124328])"
171,1,"array([-8.44797982,  2.21386026])"
172,0,"array([-5.90306239,  3.09462553])"
173,1,"array([-4.22422126, -0.58792217])"
174,0,"array([-3.04503404,  1.58897404])"
175,0,"array([-7.83548322, -4.64676582])"
176,1,"array([-7.03047256, -4.96224797])"
177,1,"array([-5.90763673,  2.23452099])"
178,1,"array([-8.10007718, -4.36136715])"
179,0,"array([-6.2000807 ,  3.84846639])"
180,1,"array([-10.10738707,  -1.48386135])"
181,1,"array([-10.10754123,   0.49616125])"
182,0,"array([-8.39949543, -4.69820158])"
183,1,"array([-4.22292595, -3.08431961])"
184,1,"array([-5.96671252,  2.35746813])"
185,0,"array([-8.03520314,  1.33920288])"
186,0,"array([-9.64199034,  0.71461856])"
187,1,"array([-9.71885777, -1.51763975])"
188,1,"array([-5.69871754,  1.00268381])"
189,0,"array([-2.94867597, -2.47482903])"
190,1,"array([-2.79115891, -0.20830233])"
191,1,"array([-9.95252403, -2.90365442])"
192,1,"array([-9.45599587, -2.92683331])"
193,0,"array([-9.14867683, -3.3535464 ])"
194,0,"array([-5.96741275, -4.61535862])"
195,1,"array([-6.05331333, -4.72692517])"
196,0,"array([-9.91233844, -0.96471724])"
197,1,"array([-9.65864443,  0.57911654])"
198,0,"array([-8.15087123, -1.97295223])"
199,1,"array([-3.69684451, -2.92246614])"
200,1,"array([-2.23317049, -2.70043204])"
201,1,"array([-5.65360803,  1.40365812])"
202,0,"array([-3.02272779, -0.28982418])"
203,1,"array([-6.25921733, -2.48124643])"
204,1,"array([-4.14661477,  1.77840505])"
205,1,"array([-9.0385468 ,  2.35067869])"
206,1,"array([-5.26745746,  1.89491851])"
207,1,"array([-4.14457537, -2.90348688])"
208,1,"array([-6.34179394,  2.89907636])"
209,1,"array([-8.94201085,  2.30516105])"
210,1,"array([-6.97730287,  1.14901119])"
211,0,"array([-5.995304  ,  3.06277502])"
212,1,"array([-8.81624828, -3.82794609])"
213,0,"array([-6.04320721,  2.6211141 ])"
214,0,"array([-6.08082437,  3.32832486])"
215,0,"array([-6.1150515,  2.9902508])"
216,1,"array([-9.53437725, -3.93025018])"
217,1,"array([-3.33978767,  3.93437725])"
218,0,"array([-3.63178459,  3.83390873])"
219,1,"array([-7.02347602,  2.80290445])"
220,0,"array([-7.13542151, -1.26081834])"
221,1,"array([-4.59794947, -1.89744058])"
222,1,"array([-7.61730181,  1.29959122])"
223,0,"array([-3.36177334, -0.13402062])"
224,0,"array([-3.84100012, -0.37039444])"
225,1,"array([-6.72094461, -1.6668085 ])"
226,1,"array([-8.32261025, -4.91592682])"
227,0,"array([-6.70234284, -2.50755826])"
228,1,"array([-7.53154185, -1.91947628])"
229,1,"array([-8.92908481,  2.58658056])"
230,1,"array([-9.43745435, -0.74998949])"
231,1,"array([-9.62843744, -0.7766108 ])"
232,1,"array([-10.51451938,  -4.08269662])"
233,1,"array([-6.12930589,  1.35233771])"
234,1,"array([-6.26623593,  1.32841038])"
235,0,"array([-5.12791054, -0.80665938])"
236,1,"array([-5.08130986,  3.31466518])"
237,1,"array([-3.24700817, -0.77670292])"
238,0,"array([-8.42593609,  0.33530201])"
239,0,"array([-4.33740093, -1.30589615])"
240,0,"array([-8.94517657,  1.40196837])"
241,0,"array([-7.17470213,  2.37005428])"
242,1,"array([-5.67891343, -2.01633963])"
243,1,"array([-3.94709839, -2.67374557])"
244,1,"array([-9.15628691, -1.63998611])"
245,1,"array([-6.30952712, -3.6404189 ])"
246,1,"array([-5.01795359, -3.32578768])"
247,1,"array([-9.79767371, -2.99366488])"
248,0,"array([-7.1225717 , -2.47972399])"
249,1,"array([-5.93589804,  2.4518728 ])"
250,0,"array([-4.98912601, -0.93515581])"
251,1,"array([-9.07594803,  2.45207839])"
252,1,"array([-7.65936496,  0.53348655])"
253,0,"array([-3.57767701,  4.23494073])"
254,1,"array([-7.57021878,  2.32510675])"
255,1,"array([-3.34496551,  2.70996164])"
256,1,"array([-10.21943498,  -2.3456106 ])"
257,1,"array([-9.23345016, -0.82984728])"
258,1,"array([-5.40073852,  2.06086509])"
259,1,"array([-10.15416009,   1.04681275])"
260,1,"array([-12.45357787,  -4.52256988])"
261,1,"array([-10.71964186,  -3.9860848 ])"
262,1,"array([-11.49646351,  -3.96588537])"
263,1,"array([-6.6912403 ,  2.43901101])"
264,1,"array([-7.51813841, -3.27001626])"
265,1,"array([-10.44564025,  -0.07935323])"
266,1,"array([-7.68053242, -4.04209435])"
267,1,"array([-7.57202527, -0.69665701])"
268,0,"array([-3.92134936, -1.51767841])"
269,0,"array([-7.41658697,  0.17140512])"
270,1,"array([-5.01678216, -2.8770163 ])"
271,0,"array([-7.77816852, -2.4512747 ])"
272,1,"array([-8.54070875, -1.29625147])"
273,1,"array([-7.40468272, -3.4330714 ])"
274,1,"array([-2.74328435, -0.49200394])"
275,1,"array([-9.03072394,  2.54827918])"
276,0,"array([-7.62931184, -2.17841889])"
277,0,"array([-6.20535484,  1.78263422])"
278,1,"array([-6.43507452,  3.92776661])"
279,1,"array([-3.82202994,  3.24890223])"
280,0,"array([-5.28320396,  3.60865703])"
281,1,"array([-3.96394942,  0.15922495])"
282,0,"array([-9.85162222, -2.67816337])"
283,1,"array([-3.62935243,  1.55188605])"
284,0,"array([-3.25975953,  0.24162272])"
285,1,"array([-8.0920704 ,  1.15379703])"
286,0,"array([-8.15370998,  0.91692042])"
287,0,"array([-6.9214414 , -3.71468154])"
288,1,"array([-3.17704508,  0.29557342])"
289,1,"array([-8.83172584,  2.54158793])"
290,0,"array([-7.18449981, -3.72196896])"
291,1,"array([-7.90402541, -3.63779381])"
292,1,"array([-3.07338868, -3.82999276])"
293,0,"array([-2.4957177 , -2.71264507])"
294,1,"array([-5.02650037, -2.04841236])"
295,1,"array([-3.65438789,  0.93606671])"
296,0,"array([-3.92732197,  1.08875788])"
297,1,"array([-3.74498056,  0.85280016])"
298,0,"array([-6.96799983, -4.27582753])"
299,1,"array([-7.8791196,  0.659239 ])"
300,1,"array([-8.02672636, -1.74320084])"
301,0,"array([-3.51488611,  1.33051987])"
302,0,"array([-3.99335809,  1.2603659 ])"
303,0,"array([-7.98651943,  0.24168995])"
304,1,"array([-7.2464487 ,  0.91625811])"
305,0,"array([-5.85246177,  2.31323994])"
306,1,"array([-5.38978014, -1.63990926])"
307,0,"array([-9.34973921, -4.07179018])"
308,1,"array([-7.74160297,  0.67821727])"
309,0,"array([-10.6318973 ,  -2.07619368])"
310,0,"array([-3.39439905,  2.6336387 ])"
311,1,"array([-6.90064255, -4.69988625])"
312,1,"array([-13.37833159,  -3.59184021])"
313,0,"array([-9.24303196, -4.08195371])"
314,1,"array([-8.17808317, -0.92994797])"
315,1,"array([-3.67775759, -3.09586349])"
316,1,"array([-9.87552838,  0.36570974])"
317,0,"array([-6.60774439, -1.71661873])"
318,1,"array([-6.30096127, -0.13656822])"
319,0,"array([-7.70651093,  1.46211618])"
320,1,"array([-4.39005729, -1.53533107])"
321,1,"array([-3.77036189,  3.04096227])"
322,0,"array([-8.07774359, -3.20792312])"
323,1,"array([-3.03783111, -0.77928255])"
324,1,"array([-8.94518163, -0.04946263])"
325,1,"array([-3.85448112, -3.58181669])"
326,0,"array([-9.46272767, -4.00188638])"
327,1,"array([-4.09206263, -3.39759145])"
328,1,"array([-2.63161287, -2.71766179])"
329,0,"array([-2.91707338,  0.13434755])"
330,0,"array([-3.29077995, -0.22540286])"
331,1,"array([-3.57731795, -0.12228906])"
332,1,"array([-9.50667165, -3.11074241])"
333,1,"array([-7.94673701, -4.09506325])"
334,1,"array([-7.80105666, -4.385093  ])"
335,0,"array([-7.73387943, -3.78561575])"
336,0,"array([-3.68399737, -3.68657219])"
337,1,"array([-7.2211523 ,  1.10984057])"
338,1,"array([-3.3533642 ,  2.53328993])"
339,1,"array([-3.5328599 ,  2.64186947])"
340,1,"array([-8.12685882, -2.30709185])"
341,1,"array([-4.68782974,  1.36902554])"
342,1,"array([-3.1835229, -0.4533639])"
343,1,"array([-9.82946736, -2.24284822])"
344,0,"array([-3.25805088, -3.57460632])"
345,1,"array([-6.23485105,  1.90146189])"
346,1,"array([-6.51415287, -4.07091855])"
347,0,"array([-3.57382407, -3.40062819])"
348,0,"array([-7.39277862, -1.14607758])"
349,1,"array([-7.39349498,  3.82564754])"
350,1,"array([-10.32130737,  -0.30021244])"
351,0,"array([-9.05486397,  1.19216987])"
352,0,"array([-7.12975932,  3.43731362])"
353,1,"array([-5.39011819,  1.31386658])"
354,0,"array([-7.37339107,  0.55599315])"
355,1,"array([-7.22652376,  0.4894241 ])"
356,1,"array([-5.57503269,  2.63154698])"
357,1,"array([-10.06198702,   0.36292342])"
358,1,"array([-7.1633044 ,  3.13936242])"
359,1,"array([-8.18395685,  1.09415146])"
360,1,"array([-7.25172853,  1.25552853])"
361,1,"array([-11.35496077,  -3.76556292])"
362,1,"array([-3.72273175,  1.79607358])"
363,1,"array([-10.00919126,   0.95788102])"
364,1,"array([-6.05775061,  2.16787185])"
365,1,"array([-3.13498719,  0.38698022])"
366,1,"array([-10.08543772,  -2.76861434])"
367,1,"array([-4.8727794 ,  3.67195798])"
368,1,"array([-6.43228473, -3.20195369])"
369,1,"array([-6.69857796, -3.16184739])"
370,1,"array([-3.19405094, -3.28226264])"
371,1,"array([-4.25215105, -1.44797036])"
372,1,"array([-8.26335563, -3.61499942])"
373,1,"array([-3.93568744,  0.28874309])"
374,1,"array([-7.00656511,  2.56958459])"
375,1,"array([-6.11638443, -4.81876897])"
376,0,"array([-4.59347927,  3.51813279])"
377,0,"array([-6.57417605,  2.37050786])"
378,1,"array([-10.68227264,  -3.42137521])"
379,0,"array([-5.90117812, -1.157594  ])"
380,0,"array([-9.64393885,  1.79887429])"
381,0,"array([-9.91273906,  1.89134757])"
382,1,"array([-9.8945833 ,  1.66390531])"
383,0,"array([-9.22775809, -3.68964171])"
384,1,"array([-9.28013689,  1.14799779])"
385,1,"array([-3.54119161,  2.4660432 ])"
386,1,"array([-4.30766277,  0.73354581])"
387,1,"array([-5.98852245,  0.21046528])"
388,1,"array([-5.16014683, -1.54377686])"
389,1,"array([-8.88391655, -0.6621677 ])"
390,1,"array([-7.53910469,  0.21750325])"
391,1,"array([-6.70696444,  3.12141184])"
392,1,"array([-6.81819154,  3.39946884])"
393,1,"array([-7.92149413, -4.91790616])"
394,0,"array([-8.79822572, -2.11932929])"
395,0,"array([-4.67763968,  2.27556087])"
396,0,"array([-4.036377  ,  3.12792167])"
397,1,"array([-7.42816218,  2.29565874])"
398,1,"array([-4.70360132, -3.30613286])"
399,0,"array([-7.7251236 , -2.96197623])"
400,0,"array([-8.16681299,  1.20595183])"
401,1,"array([-12.89257293,  -3.25240814])"
402,1,"array([-12.89251602,  -3.51834623])"
403,1,"array([-12.83851099,  -3.68962265])"
404,0,"array([-13.16495689,  -3.45982297])"
405,0,"array([-12.47683103,  -4.18385536])"
406,0,"array([-13.01665567,  -3.99525073])"
407,0,"array([-3.6899342,  3.5607151])"
408,0,"array([-6.31271217,  1.85586579])"
409,0,"array([-7.40939225,  3.46702536])"
410,1,"array([-9.12515742, -2.4859672 ])"
411,1,"array([-4.01850032,  1.50085148])"
412,1,"array([-5.92852692,  1.85337208])"
413,1,"array([-7.84339291, -3.34927214])"
414,1,"array([-12.78040603,  -3.88179105])"
415,1,"array([-7.2736369 , -1.37934498])"
416,1,"array([-3.32117403,  1.94137055])"
417,1,"array([-7.0376871 ,  0.23470593])"
418,1,"array([-2.30433006, -2.26042601])"
419,1,"array([-5.28374168,  1.489512  ])"
420,1,"array([-7.00897922,  3.67586065])"
421,0,"array([-6.91133306,  3.63704614])"
422,0,"array([-7.08091609,  3.60146472])"
423,0,"array([-7.33589797, -1.82359815])"
424,0,"array([-5.74118743,  1.92934057])"
425,1,"array([-6.6970622 ,  3.48653432])"
426,1,"array([-8.44301534, -4.82338572])"
427,0,"array([-9.0071152 , -2.60310266])"
428,1,"array([-10.47281553,  -1.79471626])"
429,0,"array([-5.53289565, -3.74226997])"
430,1,"array([-2.16334609, -2.80512473])"
431,1,"array([-3.86068728,  0.09828959])"
432,0,"array([-7.19773296,  0.02800705])"
433,1,"array([-6.22838508, -4.58345665])"
434,0,"array([-3.47871818, -0.38707407])"
435,1,"array([-3.45697408,  2.7181826 ])"
436,1,"array([-12.76631808,  -3.43029582])"
437,0,"array([-4.74015729,  3.80685849])"
438,1,"array([-6.62341369,  1.73941714])"
439,1,"array([-5.36601419, -1.51508872])"
440,1,"array([-8.79732918, -2.47289494])"
441,0,"array([-5.96315924, -2.89255578])"
442,1,"array([-8.79540018,  2.4394256 ])"
443,0,"array([-8.22529245,  0.13322459])"
444,0,"array([-8.32846643,  0.37069151])"
445,0,"array([-8.47749461,  0.23482245])"
446,0,"array([-6.01274357,  1.96347732])"
447,1,"array([-8.18074127, -4.28592454])"
448,1,"array([-6.63326403,  1.56626186])"
449,1,"array([-6.13321631, -4.02003435])"
450,1,"array([-10.90977672,  -3.90879156])"
451,1,"array([-10.08613278,  -3.55867368])"
452,0,"array([-6.25272087, -1.46397835])"
453,1,"array([-6.14456109, -1.29174514])"
454,1,"array([-6.23432907, -1.36163395])"
455,1,"array([-3.78774184, -3.69329913])"
456,1,"array([-5.25437968, -1.47041641])"
457,0,"array([-6.10519042, -2.95932645])"
458,1,"array([-6.98964601, -4.12254795])"
459,1,"array([-7.72508016,  3.6254487 ])"
460,1,"array([-8.33248355, -3.49583221])"
461,1,"array([-10.31206803,   0.74948585])"
462,0,"array([-10.33242166,   0.56705476])"
463,1,"array([-10.36453902,   0.66495881])"
464,1,"array([-10.01921638,  -2.68515543])"
465,0,"array([-9.76456993, -1.36081457])"
466,1,"array([-8.17164591, -5.08112965])"
467,0,"array([-6.19121755, -3.52671486])"
468,0,"array([-8.91925066, -3.86089358])"
469,1,"array([-2.57595886, -2.27218414])"
470,1,"array([-7.99651169,  1.24741805])"
471,0,"array([-12.64883706,  -4.08931568])"
472,0,"array([-3.60633653,  3.61579154])"
473,0,"array([-10.40861401,  -3.28735448])"
474,1,"array([-7.0808838 ,  1.02841472])"
475,1,"array([-13.00561354,  -3.3060934 ])"
476,1,"array([-3.94930372,  3.56520908])"
477,1,"array([-8.38821753, -4.59321931])"
478,1,"array([-3.32200265,  2.43685303])"
479,1,"array([-6.84734023, -4.52960342])"
480,1,"array([-8.55089504, -3.60741055])"
481,1,"array([-5.62017249, -3.54479746])"
482,1,"array([-8.02440584, -3.59302121])"
483,0,"array([-3.60239531,  3.51542911])"
484,1,"array([-5.80840884, -2.51470188])"
485,1,"array([-8.04306227, -5.08975274])"
486,0,"array([-3.86550232,  3.74007951])"
487,1,"array([-10.41946201,  -3.55118076])"
488,1,"array([-4.02171127,  2.38223502])"
489,0,"array([-6.40987359,  1.94124114])"
490,1,"array([-10.68884169,  -3.05087612])"
491,0,"array([-10.59219006,  -2.98459782])"
492,1,"array([-3.41213082,  1.2606121 ])"
493,1,"array([-9.65955222,  0.47178194])"
494,1,"array([-7.95740056,  0.86453379])"
495,1,"array([-6.41424902, -3.58006657])"
496,1,"array([-6.29965437,  2.26171959])"
497,1,"array([-6.92747825,  1.23007753])"
498,0,"array([-7.33113361,  1.38206369])"
499,0,"array([-4.95088615,  0.84980551])"
500,1,"array([-4.78710279,  0.9387705 ])"
501,0,"array([-4.95763402,  1.19315725])"
502,1,"array([-10.61396289,  -1.89082092])"
503,1,"array([-11.09787925,  -3.70420886])"
504,1,"array([-10.57692099,  -4.00234551])"
505,1,"array([-9.40722057,  1.85220941])"
506,1,"array([-7.93219492, -4.33551707])"
507,0,"array([-3.64083933,  2.04251846])"
508,1,"array([-2.91353173, -0.6226262 ])"
509,0,"array([-12.91653296,  -4.2340738 ])"
510,1,"array([-4.60798073,  2.95840642])"
511,1,"array([-9.37198305, -0.15928943])"
512,1,"array([-9.07686922,  0.62382212])"
513,1,"array([-7.06714931, -2.99796524])"
514,0,"array([-5.03979831,  2.99711779])"
515,1,"array([-5.62551413, -3.79492227])"
516,1,"array([-6.26931302,  1.22982629])"
517,1,"array([-10.19738651,  -0.51878814])"
518,1,"array([-2.9263122 , -0.71753414])"
519,0,"array([-3.23406605,  0.39690141])"
520,1,"array([-8.62141606, -1.89398609])"
521,1,"array([-4.20522273, -2.72148467])"
522,1,"array([-3.81032804, -2.83504168])"
523,1,"array([-6.86967058, -2.71131266])"
524,1,"array([-3.38709257,  1.8528741 ])"
525,1,"array([-7.59478355,  0.29807228])"
526,1,"array([-3.36097377,  2.03068981])"
527,0,"array([-8.00060696,  0.76198741])"
528,1,"array([-10.56234191,  -0.28792481])"
529,0,"array([-6.2551469 , -1.22880758])"
530,1,"array([-4.70432393,  1.92421835])"
531,0,"array([-5.2246063 , -2.60090835])"
532,1,"array([-4.86119098,  1.51495494])"
533,1,"array([-6.83596071,  1.78668967])"
534,1,"array([-9.7020473 , -1.90259793])"
535,1,"array([-7.40390638, -2.73181538])"
536,1,"array([-9.84017638,  0.995599  ])"
537,1,"array([-9.54779403, -0.70780643])"
538,1,"array([-7.34195974,  0.0551125 ])"
539,0,"array([-10.82159182,   0.13655482])"
540,1,"array([-9.74361193,  0.93834306])"
541,1,"array([-8.42479604,  0.12645396])"
542,1,"array([-7.4851385 ,  2.69960204])"
543,0,"array([-3.36399586,  0.25981078])"
544,1,"array([-3.2653382 ,  0.52510439])"
545,1,"array([-9.76112469,  0.44389376])"
546,1,"array([-7.39978544, -1.96165551])"
547,1,"array([-6.38681124, -4.63814352])"
548,0,"array([-6.27528504, -4.32297816])"
549,1,"array([-4.83372835,  3.02142439])"
550,1,"array([-5.81649101, -2.37816912])"
551,1,"array([-5.60379139,  0.95707114])"
552,1,"array([-10.78532376,  -3.17632016])"
553,1,"array([-12.18024756,  -4.3215322 ])"
554,1,"array([-9.71058012,  1.53285988])"
555,1,"array([-7.52670795, -4.84857072])"
556,0,"array([-8.11987967, -5.16684768])"
557,0,"array([-10.58562269,  -0.42258963])"
558,0,"array([-7.28332676, -1.16888342])"
559,1,"array([-12.33617594,  -4.48856412])"
560,1,"array([-8.40343502, -2.59598582])"
561,0,"array([-3.67698234,  3.44768215])"
562,1,"array([-6.88508885,  1.44410645])"
563,1,"array([-6.80671127,  1.67183844])"
564,1,"array([-7.39173933,  2.87766229])"
565,1,"array([-6.08413226,  2.32467992])"
566,0,"array([-6.17267167,  0.39155696])"
567,1,"array([-3.53610396,  0.40171258])"
568,0,"array([-3.44466574,  1.11133324])"
569,0,"array([-7.39907084, -4.60669486])"
570,1,"array([-3.63078159, -3.59447242])"
571,1,"array([-4.93745542,  1.57342814])"
572,1,"array([-10.06402119,  -3.85178603])"
573,1,"array([-5.10400726,  0.91883912])"
574,1,"array([-5.89483645, -2.80571588])"
575,1,"array([-7.50842579,  0.36759127])"
576,0,"array([-6.26484812, -2.72826942])"
577,1,"array([-7.79216395,  0.10692018])"
578,1,"array([-10.14278364,  -1.37566915])"
579,0,"array([-5.93839449, -4.71135698])"
580,1,"array([-4.23474373,  2.54723692])"
581,0,"array([-3.74375677,  0.48253366])"
582,1,"array([-8.71027638, -3.28274548])"
583,1,"array([-6.90623379,  3.21854446])"
584,1,"array([-2.89552323, -2.20733688])"
585,1,"array([-6.79866366,  0.50801955])"
586,1,"array([-7.9723322 ,  0.67568553])"
587,1,"array([-3.0356454,  1.3225096])"
588,1,"array([-6.75810995,  0.11856858])"
589,1,"array([-6.74540188,  0.22242787])"
590,0,"array([-5.26179453, -2.08120181])"
591,0,"array([-9.22569697, -3.06736686])"
592,0,"array([-6.59917089,  3.85215077])"
593,1,"array([-10.67614173,  -1.98011587])"
594,0,"array([-6.55469241,  2.23773431])"
595,1,"array([-8.46427254, -1.86604342])"
596,0,"array([-5.83381703,  3.02496878])"
597,1,"array([-9.67184782,  0.81590825])"
598,0,"array([-5.73273571, -3.74344419])"
599,1,"array([-9.49538415, -1.62302062])"
600,1,"array([-5.95196275, -2.70234944])"
601,0,"array([-5.56354871, -2.20598227])"
602,0,"array([-7.55370501,  1.42381311])"
603,1,"array([-10.78978851,  -4.05303811])"
604,1,"array([-3.47948541, -0.6883531 ])"
605,1,"array([-6.0234185 ,  2.44412437])"
606,1,"array([-7.12021625, -4.9403206 ])"
607,0,"array([-7.94989348,  0.95771273])"
608,1,"array([-4.68385708,  2.63553007])"
609,1,"array([-12.50811056,  -4.0153818 ])"
610,1,"array([-7.36181227, -2.0785365 ])"
611,0,"array([-6.51010379, -1.65016955])"
612,0,"array([-6.2665286 ,  1.70050763])"
613,1,"array([-6.36017081,  1.2965642 ])"
614,1,"array([-8.42410908, -4.92296805])"
615,1,"array([-10.23740436,   0.99928676])"
616,0,"array([-7.46526515, -1.33292311])"
617,1,"array([-8.97247735, -3.63279013])"
618,1,"array([-2.21610828, -2.91347074])"
619,1,"array([-7.34411323,  1.48151881])"
620,1,"array([-2.84391686,  0.0585936 ])"
621,1,"array([-5.54568617,  2.42993269])"
622,0,"array([-7.38171094, -1.40657281])"
623,1,"array([-8.69643698, -0.88567141])"
624,1,"array([-7.52155143,  2.50173896])"
625,1,"array([-4.10598973,  0.73980961])"
626,1,"array([-4.69282809, -2.3056226 ])"
627,1,"array([-6.81669726,  0.61507917])"
628,1,"array([-7.48062765,  0.09626084])"
629,1,"array([-6.95790564,  0.10076368])"
630,1,"array([-4.7396157 ,  3.71140848])"
631,1,"array([-6.45133497, -0.29772249])"
632,1,"array([-4.91049415, -1.59819961])"
633,0,"array([-4.84007757, -1.79545089])"
634,1,"array([-10.49664808,  -2.18735904])"
635,0,"array([-5.21691975,  3.15604533])"
636,1,"array([-6.52038686,  2.01274256])"
637,1,"array([-2.71276181, -0.13689327])"
638,1,"array([-4.64166228,  3.76377315])"
639,1,"array([-5.52589527,  1.02761082])"
640,1,"array([-4.07836189,  1.10560807])"
641,1,"array([-10.23756883,  -2.0185786 ])"
642,1,"array([-7.73315241,  3.72106784])"
643,1,"array([-9.53244463, -3.66992898])"
644,1,"array([-9.74867312,  2.05267775])"
645,1,"array([-7.65414055,  3.77722575])"
646,1,"array([-6.43999991,  2.09013346])"
647,1,"array([-8.24260628, -5.15159418])"
648,1,"array([-5.77946273,  2.16567658])"
649,0,"array([-8.89161758, -1.81936099])"
650,1,"array([-4.61440772,  3.66691195])"
651,1,"array([-4.52169383, -1.1001936 ])"
652,1,"array([-3.4719516 ,  4.21181169])"
653,0,"array([-3.66860367,  3.11145101])"
654,1,"array([-7.56180199,  3.74605307])"
655,0,"array([-6.73196707,  1.93798823])"
656,1,"array([-7.24654957,  0.29647704])"
657,1,"array([-6.78560872, -1.07041325])"
658,1,"array([-6.65541817, -1.33896606])"
659,0,"array([-7.76366622,  1.22718697])"
660,0,"array([-6.97242897,  1.02257716])"
661,1,"array([-6.17991425, -3.63091795])"
662,1,"array([-8.656138  , -2.09895786])"
663,1,"array([-8.09934498, -3.01714441])"
664,0,"array([-6.8965044 ,  1.09946764])"
665,0,"array([-6.84006277,  2.08184764])"
666,1,"array([-6.0323894 , -4.22296474])"
667,1,"array([-6.83867115,  0.05656918])"
668,0,"array([-6.84227286,  0.16283432])"
669,0,"array([-4.20259949,  0.66439602])"
670,0,"array([-13.66520886,  -3.54054004])"
671,0,"array([-3.42697312,  2.41422177])"
672,0,"array([-3.28166943,  2.62748428])"
673,1,"array([-7.09440496, -1.00192346])"
674,1,"array([-5.82753067,  1.18957969])"
675,1,"array([-9.01857993, -0.8449529 ])"
676,1,"array([-8.32772732,  0.08491575])"
677,0,"array([-8.99471963, -3.77298666])"
678,0,"array([-4.34789888,  1.65741978])"
679,1,"array([-9.68433276, -1.08050351])"
680,0,"array([-9.43759365, -1.06077757])"
681,0,"array([-9.16002821, -1.02906822])"
682,1,"array([-4.06457538, -3.19213976])"
683,0,"array([-6.32435028,  1.48069895])"
684,1,"array([-7.81937371,  3.49419367])"
685,0,"array([-7.50028023,  3.387665  ])"
686,0,"array([-6.35921152, -1.21263973])"
687,1,"array([-6.36377442, -1.4576026 ])"
688,1,"array([-2.40744603, -2.06819978])"
689,1,"array([-8.03350222, -0.59682944])"
690,1,"array([-5.32285277,  1.00524161])"
691,1,"array([-9.52689489, -3.31500769])"
692,1,"array([-4.40739516,  1.22170272])"
693,0,"array([-8.49260838, -3.99829729])"
694,1,"array([-5.55610222,  1.76065315])"
695,0,"array([-9.4995529, -2.1424017])"
696,1,"array([-6.63843641, -4.0074062 ])"
697,1,"array([-3.94603302,  3.66930195])"
698,0,"array([-3.78168361,  3.43645747])"
699,1,"array([-3.71745209, -0.60910395])"
700,0,"array([-6.38054546,  1.39685489])"
701,1,"array([-9.83167854, -1.93775982])"
702,0,"array([-9.7476399 , -2.37966877])"
703,1,"array([-12.78695775,  -3.27906744])"
704,0,"array([-8.31266014, -1.91462237])"
705,1,"array([-7.91520694,  3.14353706])"
706,0,"array([-5.38959871, -0.47830545])"
707,1,"array([-7.87799429,  3.25318711])"
708,0,"array([-6.34023248,  3.81891629])"
709,1,"array([-7.79715534,  1.49036807])"
710,0,"array([-6.00199264, -4.80668155])"
711,1,"array([-5.86901145, -1.30646644])"
712,1,"array([-3.22014909, -2.54625536])"
713,1,"array([-7.45905369, -4.71198614])"
714,0,"array([-5.73795461,  1.59110838])"
715,0,"array([-7.46248876,  1.2220786 ])"
716,1,"array([-7.54733305, -3.11384279])"
717,0,"array([-8.8372627 , -3.23937618])"
718,1,"array([-5.84450352, -3.49983921])"
719,1,"array([-5.52609122, -3.63497297])"
720,1,"array([-5.30608791, -3.4585559 ])"
721,1,"array([-13.2632464 ,  -3.55546924])"
722,1,"array([-7.54851385,  3.07696801])"
723,0,"array([-12.7941699 ,  -4.36606644])"
724,1,"array([-6.74599345,  2.6269918 ])"
725,0,"array([-3.7514745 ,  3.65421411])"
726,0,"array([-6.96199118,  0.35691106])"
727,0,"array([-10.29436855,  -0.05496288])"
728,0,"array([-6.47136673,  2.60274359])"
729,1,"array([-2.3414028 , -2.92346051])"
730,1,"array([-6.9260789 ,  0.45257278])"
731,1,"array([-7.00510151,  0.74584044])"
732,0,"array([-10.13560151,  -2.41970402])"
733,1,"array([-9.45204945,  0.03927973])"
734,0,"array([-3.07365306, -0.87006348])"
735,0,"array([-8.08359763, -4.63532942])"
736,1,"array([-4.48099699, -1.3883539 ])"
737,0,"array([-12.03113588,  -4.16772279])"
738,1,"array([-9.57857846, -2.61362285])"
739,1,"array([-9.67653184, -2.74142709])"
740,1,"array([-6.16809716,  1.25542812])"
741,1,"array([-7.46862719, -1.22654062])"
742,0,"array([-4.92297383,  1.89382972])"
743,1,"array([-9.44640432, -1.23569766])"
744,0,"array([-9.70333604, -0.9020217 ])"
745,1,"array([-9.67505806, -1.22024517])"
746,1,"array([-7.62821758, -4.27461111])"
747,1,"array([-3.76893664,  3.74591823])"
748,1,"array([-2.94687829,  1.48928455])"
749,1,"array([-7.68403779, -0.84046591])"
750,1,"array([-3.66274421,  4.16350398])"
751,1,"array([-7.82436564,  2.7697385 ])"
752,0,"array([-10.86712244,  -3.99389212])"
753,1,"array([-7.53272339,  0.61083939])"
754,1,"array([-10.46267459,  -0.48951227])"
755,1,"array([-8.52521817, -4.19766164])"
756,1,"array([-3.6914042 ,  3.21623766])"
757,1,"array([-3.33796075, -3.06624843])"
758,1,"array([-4.09499295, -2.68368531])"
759,0,"array([-5.37660792,  3.57804908])"
760,1,"array([-9.360402  ,  1.96084429])"
761,1,"array([-10.17379031,  -2.24009497])"
762,1,"array([-7.06786407, -4.47856028])"
763,0,"array([-8.56107586, -0.70709229])"
764,1,"array([-6.78250279, -2.90769472])"
765,1,"array([-8.1228105 , -3.33298879])"
766,1,"array([-8.68424909, -2.98548473])"
767,1,"array([-7.44553191,  1.44105357])"
768,1,"array([-6.57620682, -3.37450599])"
769,1,"array([-4.84076532,  3.76778155])"
770,1,"array([-8.06742455, -0.01755644])"
771,1,"array([-6.31155294, -0.27274521])"
772,0,"array([-7.80848296,  1.40059031])"
773,1,"array([-5.03494824,  1.65012097])"
774,0,"array([-5.03390004,  2.06011131])"
775,0,"array([-4.60950488,  2.042715  ])"
776,0,"array([-5.09538868,  1.79691144])"
777,1,"array([-4.92971647,  2.01894527])"
778,0,"array([-6.38902253, -3.98230355])"
779,1,"array([-8.77961235, -3.70158863])"
780,0,"array([-8.23328211,  1.0036366 ])"
781,1,"array([-7.02091762,  1.27577783])"
782,0,"array([-6.08302761, -4.41846049])"
783,1,"array([-6.59152477,  3.44053637])"
784,1,"array([-7.09872672, -3.28164935])"
785,0,"array([-3.69559768,  2.64868337])"
786,0,"array([-3.89001242,  1.45042245])"
787,1,"array([-6.07924957, -2.43273359])"
788,1,"array([-6.06504654, -2.18762236])"
789,1,"array([-2.59935645, -2.56092999])"
790,0,"array([-2.7520908 , -2.73680025])"
791,1,"array([-4.60009177,  0.29592653])"
792,0,"array([-6.94855846,  0.64439562])"
793,1,"array([-7.09175209,  0.54487948])"
794,1,"array([-5.86642271,  2.39812452])"
795,1,"array([-3.56386382,  1.1062479 ])"
796,1,"array([-3.55633281, -3.16923618])"
797,1,"array([-12.49407619,  -3.80641963])"
798,1,"array([-10.65087857,  -0.88466149])"
799,0,"array([-6.48729637, -1.08694276])"
800,1,"array([-6.49153433,  2.94008051])"
801,1,"array([-10.85228266,  -3.82088207])"
802,1,"array([-6.47263442,  2.19753638])"
803,1,"array([-9.96604159,  0.30886004])"
804,1,"array([-9.56527961, -1.23059168])"
805,1,"array([-7.92309585,  1.33058238])"
806,1,"array([-10.3795547 ,  -3.93778438])"
807,1,"array([-7.2409272 , -2.44763605])"
808,0,"array([-8.29462357, -1.24040717])"
809,1,"array([-8.5260088 , -1.14865844])"
810,1,"array([-5.34298689,  2.19257314])"
811,1,"array([-6.85196033, -3.44904162])"
812,1,"array([-8.95084336,  0.98408267])"
813,1,"array([-6.53646765,  3.93764096])"
814,0,"array([-8.45901779, -2.23544346])"
815,1,"array([-3.85472156,  3.64166773])"
816,1,"array([-10.05212619,  -2.8649265 ])"
817,0,"array([-4.32292486,  2.28549528])"
818,1,"array([-9.77407639, -1.67628278])"
819,0,"array([-7.43534181,  1.53625016])"
820,1,"array([-7.78558116, -0.65131671])"
821,1,"array([-6.31506556, -3.39838891])"
822,1,"array([-2.94617473,  1.38474828])"
823,1,"array([-4.36077514,  3.31291526])"
824,1,"array([-8.02529991, -4.93358342])"
825,1,"array([-3.17843456, -0.86214002])"
826,1,"array([-5.76019224,  2.78784795])"
827,1,"array([-4.9434101 , -0.74263887])"
828,1,"array([-3.42977334,  4.11246111])"
829,,"array([-8.39820044, -4.12388498])"
830,,"array([-8.36633389, -3.99902519])"
831,,"array([-8.31187211, -4.19398196])"
832,,"array([-7.98988785, -3.91408328])"
833,,"array([-7.53115895,  1.13590115])"
834,,"array([-7.65054035,  1.17137682])"
835,,"array([-7.68372031,  0.91468455])"
836,,"array([-7.74813217,  0.99720835])"
837,,"array([-7.60064539,  0.83849466])"
838,,"array([-7.73251163,  1.07533191])"
839,,"array([-7.70735311,  1.29608792])"
840,,"array([-7.51763847,  0.88504604])"
841,,"array([-7.82104664,  0.92440199])"
842,,"array([-7.07293752,  1.13854777])"
843,,"array([-7.4725927 ,  1.04751893])"
844,,"array([-7.49431582,  0.97199269])"
845,,"array([-7.68717109,  0.8000652 ])"
846,,"array([-7.630037  ,  1.06565633])"
847,,"array([-7.44955368,  1.33042799])"
848,,"array([-7.43507055,  0.86240561])"
849,,"array([-7.11486433,  1.28729064])"
850,,"array([-7.86196714,  1.22113806])"
851,,"array([-7.71685463,  0.22124767])"
852,,"array([-8.03088076,  1.05327786])"
853,,"array([-7.37657087,  1.06724029])"
854,,"array([-7.82983668,  0.79359345])"
855,,"array([-5.94735036,  2.77752429])"
856,,"array([-6.37011982,  2.17279898])"
857,,"array([-8.15118098, -4.97401899])"
858,,"array([-6.84379125, -4.40817909])"
859,,"array([-6.0291023 , -4.35755375])"
860,,"array([-3.76537375, -0.03868299])"
861,,"array([-3.83777683,  0.21898266])"
862,,"array([-3.96211297,  0.86910762])"
863,,"array([-3.62973696,  0.46163665])"
864,,"array([-3.33287702,  0.36929929])"
865,,"array([-3.56706648,  0.30557624])"
866,,"array([-3.64460752,  0.17943614])"
867,,"array([-3.47820945, -0.17985978])"
868,,"array([-7.70666679, -4.18019637])"
869,,"array([-7.51504228, -4.59053053])"
870,,"array([-7.61860003, -4.7313033 ])"
871,,"array([-6.00641845,  2.25719531])"
872,,"array([-2.41176005, -2.19328333])"
873,,"array([-7.2189858 , -2.87559579])"
874,,"array([-7.35389846, -3.32039697])"
875,,"array([-7.71566597, -2.35704142])"
876,,"array([-7.26723685, -2.98793414])"
877,,"array([-7.27793919, -2.91905893])"
878,,"array([-3.58786297,  1.2310828 ])"
879,,"array([-13.01319282,  -3.86405381])"
880,,"array([-6.54262656, -3.95225747])"
881,,"array([-7.12823649, -3.16446086])"
882,,"array([-9.93701969, -1.29616278])"
883,,"array([-13.01553613,  -3.56253408])"
884,,"array([-7.03796304, -4.79291013])"
885,,"array([-2.88751567, -0.11987336])"
886,,"array([-4.20317119,  2.21128296])"
887,,"array([-5.94655148,  1.69009706])"
888,,"array([-6.10276646, -4.63427607])"
889,,"array([-3.48440118,  1.91690904])"
890,,"array([-10.20835121,   0.66233919])"
891,,"array([-5.28920683,  3.43512459])"
892,,"array([-10.69609386,  -3.63910556])"
893,,"array([-3.92653991, -3.48909242])"
894,,"array([-3.80129278, -3.37696563])"
895,,"array([-3.75334363, -3.5328755 ])"
896,,"array([-3.64873999, -3.29586574])"
897,,"array([-3.96877878, -3.34030936])"
898,,"array([-3.95541384, -3.14227136])"
899,,"array([-3.69592443, -3.19612447])"
900,,"array([-3.81414775, -2.93743372])"
901,,"array([-12.66703721,  -3.58678959])"
902,,"array([-3.5790673 , -2.67866745])"
903,,"array([-3.80705189, -2.55286678])"
904,,"array([-3.99226851, -2.36806591])"
905,,"array([-7.09768185, -4.1244178 ])"
906,,"array([-8.28727445,  0.23123761])"
907,,"array([-7.14969204,  0.28640271])"
908,,"array([-7.26415014,  0.18203874])"
909,,"array([-6.96362775, -1.29675333])"
910,,"array([-6.41332514, -0.18416215])"
911,,"array([-9.41169375, -3.71211393])"
912,,"array([-8.41127147,  1.20546124])"
913,,"array([-5.76079528,  1.33764576])"
914,,"array([-9.49681493,  1.92953069])"
915,,"array([-4.74861949,  3.60204396])"
916,,"array([-4.63303066,  3.39078712])"
917,,"array([-4.85085255,  3.30131125])"
918,,"array([-4.75957517,  2.91357523])"
919,,"array([-4.8614446 ,  2.89786328])"
920,,"array([-4.80841017,  3.39897156])"
921,,"array([-4.59093673,  2.39693717])"
922,,"array([-5.90460894,  1.95194974])"
923,,"array([-6.14794609,  1.8592077 ])"
924,,"array([-5.87112005,  1.79609354])"
925,,"array([-6.22229818,  1.41965039])"
926,,"array([-4.13935033,  1.64954207])"
927,,"array([-4.35242743,  1.33348866])"
928,,"array([-4.34008954,  1.54079554])"
929,,"array([-3.78761013,  1.50846059])"
930,,"array([-4.24705578,  1.20063008])"
931,,"array([-4.21608573,  1.34097083])"
932,,"array([-4.01259764,  1.39460567])"
933,,"array([-4.22325884,  1.54747907])"
934,,"array([-4.12696077,  1.47474428])"
935,,"array([-4.08853874,  1.23307187])"
936,,"array([-3.96156376,  1.33658197])"
937,,"array([-3.97565243,  1.62910331])"
938,,"array([-5.03193515,  1.87060082])"
939,,"array([-2.91892184, -0.48098932])"
940,,"array([-6.32107711, -3.50555799])"
941,,"array([-10.5775906 ,  -3.75971902])"
942,,"array([-10.75103538,  -3.87503001])"
943,,"array([-10.96852532,  -3.70784727])"
944,,"array([-10.49617373,  -3.91120983])"
945,,"array([-10.08137334,  -3.37123576])"
946,,"array([-5.86668291,  1.41281061])"
947,,"array([-6.77317058,  2.89623148])"
948,,"array([-12.55193275,  -4.32747372])"
949,,"array([-6.39528221, -4.37399375])"
950,,"array([-4.80826437,  2.62450685])"
951,,"array([-5.02175667,  2.61493752])"
952,,"array([-5.09150855,  2.85085519])"
953,,"array([-4.98923973,  2.77306779])"
954,,"array([-3.29306348, -2.45831132])"
955,,"array([-3.93909425,  1.88499574])"
956,,"array([-9.9420781 , -0.22762734])"
957,,"array([-10.17969137,  -0.2669605 ])"
958,,"array([-8.57243192, -2.97800945])"
959,,"array([-8.72580419, -2.83265362])"
960,,"array([-8.65229333, -2.89354225])"
961,,"array([-8.55124655, -2.52099125])"
962,,"array([-8.75299259, -2.90905603])"
963,,"array([-8.56319981, -2.88747364])"
964,,"array([-2.98492693,  0.01494646])"
965,,"array([-6.56681128,  2.72719542])"
966,,"array([-7.43512461,  2.39784145])"
967,,"array([-12.05066287,  -3.72193191])"
968,,"array([-5.588842  ,  1.54484566])"
969,,"array([-6.58475487, -1.4524541 ])"
970,,"array([-6.56348305, -1.35459375])"
971,,"array([-6.75545431, -1.3339806 ])"
972,,"array([-6.76051718, -1.44141774])"
973,,"array([-3.5474336 , -2.48666375])"
974,,"array([-3.78410637, -1.98228696])"
975,,"array([-3.53906996, -2.34500956])"
976,,"array([-3.66986798, -2.24691924])"
977,,"array([-3.73664218, -2.36345934])"
978,,"array([-3.6014537 , -1.98792943])"
979,,"array([-7.91956503, -4.55817708])"
980,,"array([-10.10742994,   0.90178443])"
981,,"array([-3.79739196,  3.55090977])"
982,,"array([-9.18636762, -3.82949542])"
983,,"array([-4.08785577, -2.80288955])"
984,,"array([-9.80976801, -1.15609484])"
985,,"array([-3.77704018,  2.55460346])"
986,,"array([-9.51317406,  1.68091408])"
987,,"array([-9.2658708 ,  1.60165202])"
988,,"array([-8.25041606, -1.40823408])"
989,,"array([-3.46540106,  2.54272481])"
990,,"array([-7.27101889,  0.58945309])"
991,,"array([-6.46348664,  3.58572639])"
992,,"array([-6.27807897,  3.54004272])"
993,,"array([-6.23958619,  3.68658186])"
994,,"array([-6.48004522,  3.76652396])"
995,,"array([-6.4265224 ,  3.05731961])"
996,,"array([-6.36546341,  3.67416396])"
997,,"array([-13.1551283 ,  -3.62713067])"
998,,"array([-4.57971143,  3.20158861])"
999,,"array([-4.45602307,  3.21206147])"
1000,,"array([-4.48373082,  3.0311584 ])"
1001,,"array([-5.6446465 , -2.12147969])"
1002,,"array([-4.86749673, -1.45899694])"
1003,,"array([-5.1119396 , -1.94650355])"
1004,,"array([-5.25519702, -1.95438811])"
1005,,"array([-4.99438378, -1.73784127])"
1006,,"array([-5.33535899, -1.82771641])"
1007,,"array([-5.15277939, -1.71360816])"
1008,,"array([-5.10628378, -1.83476934])"
1009,,"array([-5.26968673, -1.61221619])"
1010,,"array([-8.42773068, -0.40015751])"
1011,,"array([-8.16496778, -0.51086195])"
1012,,"array([-9.04501014, -2.29087395])"
1013,,"array([-8.69888753, -2.33277391])"
1014,,"array([-4.66136274,  0.65834091])"
1015,,"array([-6.93437133,  0.22164251])"
1016,,"array([-4.35080523,  2.70988661])"
1017,,"array([-12.47827362,  -3.9197601 ])"
1018,,"array([-4.14848986,  2.38123358])"
1019,,"array([-6.31021769, -2.83193755])"
1020,,"array([-5.45122881, -0.56559722])"
1021,,"array([-4.67398333,  1.20806586])"
1022,,"array([-4.6410006 ,  1.73479204])"
1023,,"array([-4.69032438,  1.78742468])"
1024,,"array([-4.76957004,  1.70650783])"
1025,,"array([-4.77347974,  1.80235634])"
1026,,"array([-4.73956536,  1.14349798])"
1027,,"array([-4.55651897,  0.41513066])"
1028,,"array([-4.49165699,  0.44538458])"
1029,,"array([-12.21742898,  -3.98311672])"
1030,,"array([-12.24654781,  -4.2054398 ])"
1031,,"array([-12.14746781,  -4.11071494])"
1032,,"array([-7.26345757, -2.57591111])"
1033,,"array([-9.17278112,  0.27613709])"
1034,,"array([-7.44271484,  0.27838455])"
1035,,"array([-3.16396678,  1.68826804])"
1036,,"array([-7.54639101, -2.742908  ])"
1037,,"array([-8.82697485,  1.80128194])"
1038,,"array([-6.31369852,  2.47796289])"
1039,,"array([-6.54609666, -3.14756878])"
1040,,"array([-9.78728865,  0.5633645 ])"
1041,,"array([-9.96915958,  0.78191462])"
1042,,"array([-9.858105  ,  0.85719449])"
1043,,"array([-10.03663096,   0.58770976])"
1044,,"array([-9.77899097,  0.73105208])"
1045,,"array([-9.96443516,  0.4612491 ])"
1046,,"array([-5.75835379,  1.68325528])"
1047,,"array([-10.64858503,  -3.25155657])"
1048,,"array([-11.72515803,  -3.8044186 ])"
1049,,"array([-9.46453365, -0.07357393])"
1050,,"array([-4.29623641, -0.24571415])"
1051,,"array([-4.35950501, -0.26476983])"
1052,,"array([-4.48306469, -0.01566489])"
1053,,"array([-8.93605762,  2.44562108])"
1054,,"array([-3.30868893,  1.64468859])"
1055,,"array([-3.10727957,  1.44598439])"
1056,,"array([-3.19001489,  1.56232936])"
1057,,"array([-3.49049335,  1.56862598])"
1058,,"array([-3.28038845,  1.45591969])"
1059,,"array([-3.32771742, -0.41956082])"
1060,,"array([-4.61892366, -3.22158949])"
1061,,"array([-3.66682504, -0.49049391])"
1062,,"array([-6.70011867, -1.16104452])"
1063,,"array([-5.52984247,  2.12169264])"
1064,,"array([-4.21263175,  0.80451157])"
1065,,"array([-8.48473365,  2.11940137])"
1066,,"array([-5.95703958,  2.91840537])"
1067,,"array([-4.31867734, -0.64237241])"
1068,,"array([-4.06909337, -1.05328583])"
1069,,"array([-8.0693278 , -4.22919042])"
1070,,"array([-9.98739885, -1.40926452])"
1071,,"array([-8.26855655, -4.64612093])"
1072,,"array([-9.60091411, -1.54449445])"
1073,,"array([-5.61875957,  1.13013491])"
1074,,"array([-2.92623289, -2.3290604 ])"
1075,,"array([-2.8445493 , -2.49441339])"
1076,,"array([-2.70769677, -2.61892833])"
1077,,"array([-2.75205393, -2.36448853])"
1078,,"array([-2.9684249 , -2.58936605])"
1079,,"array([-9.9212274 , -2.77658025])"
1080,,"array([-9.34333174, -2.97325062])"
1081,,"array([-9.17030041, -3.22827142])"
1082,,"array([-9.79192231, -1.06276071])"
1083,,"array([-8.07910175, -1.84989556])"
1084,,"array([-8.26647736, -2.09930139])"
1085,,"array([-2.30905798, -2.80114635])"
1086,,"array([-3.14172509, -0.26392529])"
1087,,"array([-6.18569934, -2.56498855])"
1088,,"array([-5.372939  ,  1.83205223])"
1089,,"array([-6.38556783,  2.76311279])"
1090,,"array([-8.88837198, -3.70613238])"
1091,,"array([-6.44830166,  2.29668571])"
1092,,"array([-6.13059232,  2.81324283])"
1093,,"array([-5.87951151,  2.70389141])"
1094,,"array([-5.6645381 ,  2.46698781])"
1095,,"array([-6.0579025 ,  2.82927334])"
1096,,"array([-6.10916892,  3.18575052])"
1097,,"array([-9.39285284, -3.86115746])"
1098,,"array([-3.47027304,  3.8951937 ])"
1099,,"array([-3.56187661,  4.07892763])"
1100,,"array([-7.24566748,  2.83588922])"
1101,,"array([-7.00583022,  2.97936358])"
1102,,"array([-7.28547966,  3.17775602])"
1103,,"array([-7.09027773,  2.69993267])"
1104,,"array([-7.06903347,  2.90324713])"
1105,,"array([-6.72384877,  2.82814644])"
1106,,"array([-7.29759014,  2.96185977])"
1107,,"array([-7.11846957,  3.0063131 ])"
1108,,"array([-6.94460623,  2.43636224])"
1109,,"array([-6.93508743,  2.76948694])"
1110,,"array([-6.88850879,  2.6055228 ])"
1111,,"array([-6.9451705 ,  2.89870623])"
1112,,"array([-7.2416994 ,  2.62266825])"
1113,,"array([-7.15908946,  2.77086332])"
1114,,"array([-7.15732972,  2.88660575])"
1115,,"array([-6.6675785 ,  2.54499281])"
1116,,"array([-7.10597575, -1.37715135])"
1117,,"array([-7.10598655, -1.12350491])"
1118,,"array([-7.3351442, -1.2740004])"
1119,,"array([-4.70918846, -1.84879767])"
1120,,"array([-4.17582858, -0.74229759])"
1121,,"array([-6.62687395, -1.57201635])"
1122,,"array([-8.2887468 , -4.80231227])"
1123,,"array([-6.77670628, -2.60299152])"
1124,,"array([-7.49243736, -2.04705101])"
1125,,"array([-9.50586619, -0.85169577])"
1126,,"array([-5.01998974, -0.8268422 ])"
1127,,"array([-5.06684573,  3.17986464])"
1128,,"array([-3.14595975, -0.71233338])"
1129,,"array([-4.36597285, -1.41919906])"
1130,,"array([-8.99794411,  1.30241006])"
1131,,"array([-6.85843818,  2.19637925])"
1132,,"array([-7.31634395,  2.34330175])"
1133,,"array([-7.21889589,  2.26136099])"
1134,,"array([-5.71669287, -1.91506002])"
1135,,"array([-9.31865154, -1.62099903])"
1136,,"array([-8.81435885, -1.92512503])"
1137,,"array([-9.46358318, -1.35270507])"
1138,,"array([-5.42191903, -3.41758552])"
1139,,"array([-9.74009465, -2.8796945 ])"
1140,,"array([-7.02996856, -2.39206565])"
1141,,"array([-7.45782863,  0.70348983])"
1142,,"array([-7.8399972 ,  0.38760552])"
1143,,"array([-10.0630456 ,  -2.30782627])"
1144,,"array([-9.22621628, -0.94471364])"
1145,,"array([-5.53585184,  2.01065029])"
1146,,"array([-12.42231203,  -4.38152803])"
1147,,"array([-11.43878484,  -3.86378251])"
1148,,"array([-7.45982695, -3.17591683])"
1149,,"array([-10.35276749,  -0.15664803])"
1150,,"array([-7.80479121, -3.97483548])"
1151,,"array([-7.56495039, -4.09144207])"
1152,,"array([-7.68202885, -0.72546525])"
1153,,"array([-4.94750055, -2.80392689])"
1154,,"array([-8.43844151, -1.22938955])"
1155,,"array([-7.7413175 , -2.09402418])"
1156,,"array([-7.74506338, -2.21274473])"
1157,,"array([-7.58162582, -2.2886201 ])"
1158,,"array([-7.63899743, -2.05408808])"
1159,,"array([-7.50701549, -2.1949034 ])"
1160,,"array([-3.82150656,  3.14324975])"
1161,,"array([-9.7289864 , -2.62238006])"
1162,,"array([-6.99765105, -3.61294875])"
1163,,"array([-7.26890971, -3.82614418])"
1164,,"array([-7.28765169, -3.69131168])"
1165,,"array([-7.1580185, -3.8610724])"
1166,,"array([-7.07802398, -3.78115776])"
1167,,"array([-7.91588931, -3.51971068])"
1168,,"array([-3.15197394, -3.72049935])"
1169,,"array([-3.78428849,  0.97275462])"
1170,,"array([-8.03189481,  0.1026717 ])"
1171,,"array([-9.27623524, -3.928713  ])"
1172,,"array([-10.50766699,  -1.99466658])"
1173,,"array([-6.99319057, -4.60863824])"
1174,,"array([-13.53968645,  -3.56468309])"
1175,,"array([-8.23468773, -1.08402512])"
1176,,"array([-8.11698054, -0.77031178])"
1177,,"array([-8.00245038, -3.29875361])"
1178,,"array([-8.93881125, -0.1491206 ])"
1179,,"array([-9.3841961 , -3.09079726])"
1180,,"array([-9.00535508, -2.73777537])"
1181,,"array([-9.32064352, -3.33854039])"
1182,,"array([-7.64320941, -3.86726022])"
1183,,"array([-7.63235768, -3.73402341])"
1184,,"array([-7.9073263 , -4.22111516])"
1185,,"array([-7.83669959, -3.82096674])"
1186,,"array([-7.92906712, -3.40621748])"
1187,,"array([-8.25640639, -2.27930179])"
1188,,"array([-4.80408923,  1.43543271])"
1189,,"array([-3.03189987, -0.58933143])"
1190,,"array([-9.64457862, -2.20147295])"
1191,,"array([-9.94851018, -2.24466255])"
1192,,"array([-9.69965985, -2.14706332])"
1193,,"array([-9.67603743, -2.27572221])"
1194,,"array([-3.13011709, -3.58400628])"
1195,,"array([-3.28753571, -3.69982468])"
1196,,"array([-3.39953683, -3.3843939 ])"
1197,,"array([-7.39138641,  3.67222803])"
1198,,"array([-10.46933503,  -0.36818019])"
1199,,"array([-10.25686927,  -0.41775891])"
1200,,"array([-9.17349259,  1.17585368])"
1201,,"array([-8.99563885,  1.08564312])"
1202,,"array([-7.02719131,  3.34339513])"
1203,,"array([-5.3451205 ,  1.14285251])"
1204,,"array([-5.45259867,  1.52257383])"
1205,,"array([-7.31405265,  0.4216739 ])"
1206,,"array([-7.07843246,  0.62832226])"
1207,,"array([-6.96471192,  0.54022223])"
1208,,"array([-7.05983186,  0.425448  ])"
1209,,"array([-5.51140475,  2.75677182])"
1210,,"array([-3.67104147,  1.92451921])"
1211,,"array([-6.1057781 ,  2.07353488])"
1212,,"array([-6.86913419, -3.09678296])"
1213,,"array([-6.64218536, -3.27989533])"
1214,,"array([-3.06681246, -3.3122512 ])"
1215,,"array([-3.35812002, -3.24460171])"
1216,,"array([-8.21169149, -3.49458642])"
1217,,"array([-10.55775   ,  -3.37316936])"
1218,,"array([-5.98209886, -1.25442222])"
1219,,"array([-9.79195378,  1.85190854])"
1220,,"array([-9.78150447,  1.72238117])"
1221,,"array([-9.67252116,  1.65131205])"
1222,,"array([-9.69270948,  1.93870333])"
1223,,"array([-6.07507716,  0.29518139])"
1224,,"array([-8.80641307, -0.75298721])"
1225,,"array([-6.76772133,  3.27378186])"
1226,,"array([-6.66028849,  3.33230322])"
1227,,"array([-8.02403483, -4.81384094])"
1228,,"array([-8.66964163, -2.18421363])"
1229,,"array([-4.64621725,  2.13016244])"
1230,,"array([-4.7254708 ,  2.11553693])"
1231,,"array([-4.04886009,  3.23882917])"
1232,,"array([-8.08711763, -2.60047059])"
1233,,"array([-12.86951196,  -3.41021263])"
1234,,"array([-12.80172223,  -3.55456166])"
1235,,"array([-12.74847202,  -3.77486644])"
1236,,"array([-12.85830748,  -3.81402641])"
1237,,"array([-12.95281931,  -3.70891061])"
1238,,"array([-13.13660457,  -3.31189676])"
1239,,"array([-13.28323128,  -3.36375715])"
1240,,"array([-7.45195494,  3.57072926])"
1241,,"array([-7.58830174,  3.6064365 ])"
1242,,"array([-9.23884853, -2.51699568])"
1243,,"array([-8.7990637 , -2.36228863])"
1244,,"array([-9.42499333, -2.60964318])"
1245,,"array([-5.74040792,  1.76451743])"
1246,,"array([-5.73978841,  1.83052592])"
1247,,"array([-5.94960699,  1.75494851])"
1248,,"array([-7.84958721, -3.22958241])"
1249,,"array([-7.73302614, -3.32283867])"
1250,,"array([-7.76415592, -3.45292149])"
1251,,"array([-5.22527325,  1.37211005])"
1252,,"array([-5.38183832,  1.62006354])"
1253,,"array([-6.9689471 ,  3.49987875])"
1254,,"array([-5.65634896,  2.00349656])"
1255,,"array([-5.63899567,  1.86077963])"
1256,,"array([-5.80924915,  2.00756999])"
1257,,"array([-5.59157733,  1.93546282])"
1258,,"array([-5.65154917,  2.09506211])"
1259,,"array([-5.73913347,  2.06789724])"
1260,,"array([-6.18501863,  1.99578799])"
1261,,"array([-8.90506306, -2.55528018])"
1262,,"array([-10.37558049,  -1.8994293 ])"
1263,,"array([-5.66460991, -3.64935996])"
1264,,"array([-6.22983508, -4.45997552])"
1265,,"array([-3.47529222, -0.55531692])"
1266,,"array([-6.04645751, -2.77751869])"
1267,,"array([-6.25346879, -4.00922229])"
1268,,"array([-10.17041165,  -3.63692448])"
1269,,"array([-10.06320377,  -3.72184476])"
1270,,"array([-6.35624952, -1.33564325])"
1271,,"array([-6.1705731 , -2.84429778])"
1272,,"array([-12.71865583,  -4.24676057])"
1273,,"array([-12.80145191,  -4.15601428])"
1274,,"array([-10.41157453,  -3.15726263])"
1275,,"array([-10.42427446,  -3.43409588])"
1276,,"array([-10.30606608,  -3.22398806])"
1277,,"array([-10.31580054,  -3.35996928])"
1278,,"array([-10.51140472,  -3.2523443 ])"
1279,,"array([-10.55377898,  -3.11702131])"
1280,,"array([-5.91767971, -2.44480301])"
1281,,"array([-6.59434267,  1.91862989])"
1282,,"array([-6.42068682,  2.40334708])"
1283,,"array([-6.25182723,  2.39589703])"
1284,,"array([-6.34589275,  2.3616924 ])"
1285,,"array([-4.95277706,  0.99716865])"
1286,,"array([-4.85775868,  1.05765542])"
1287,,"array([-5.05187062,  1.05181347])"
1288,,"array([-4.99625555,  1.42726312])"
1289,,"array([-4.91384168,  1.37702619])"
1290,,"array([-9.26000155, -0.14323812])"
1291,,"array([-9.38010873, -0.27227668])"
1292,,"array([-8.97880372,  0.59059444])"
1293,,"array([-9.176887  ,  0.65915097])"
1294,,"array([-6.97181803, -3.02124125])"
1295,,"array([-6.53164241, -2.72727149])"
1296,,"array([-6.90677698, -2.93922686])"
1297,,"array([-6.9759092, -2.8343778])"
1298,,"array([-7.02720854, -3.11608959])"
1299,,"array([-4.98184741,  3.10026189])"
1300,,"array([-5.15338635,  3.0308968 ])"
1301,,"array([-8.55692565, -2.0292086 ])"
1302,,"array([-4.49013113,  2.10981431])"
1303,,"array([-4.5485961 ,  1.96310371])"
1304,,"array([-4.56640342,  1.87055309])"
1305,,"array([-5.15754347, -2.52054951])"
1306,,"array([-5.29195883, -2.68527078])"
1307,,"array([-4.78389485,  1.5277065 ])"
1308,,"array([-6.69346538,  1.74090557])"
1309,,"array([-9.66731021, -2.01020067])"
1310,,"array([-7.4584058 , -2.63385073])"
1311,,"array([-10.79324746,   0.23420285])"
1312,,"array([-7.68329579,  2.73102318])"
1313,,"array([-7.58497101,  2.79099165])"
1314,,"array([-6.3409124 , -4.49856694])"
1315,,"array([-6.13552317, -4.30295714])"
1316,,"array([-8.37864121, -2.71800806])"
1317,,"array([-8.42485621, -2.44536889])"
1318,,"array([-5.95601336,  0.98494165])"
1319,,"array([-5.04662438,  1.52058301])"
1320,,"array([-4.91407228,  1.67660299])"
1321,,"array([-4.28397604,  2.42988521])"
1322,,"array([-8.74079368, -3.15566573])"
1323,,"array([-9.39129515, -3.21302649])"
1324,,"array([-9.1120111 , -3.09247393])"
1325,,"array([-9.26822268, -3.167027  ])"
1326,,"array([-9.19587624, -2.95852609])"
1327,,"array([-8.45804527, -2.01853522])"
1328,,"array([-9.45808947, -1.72129055])"
1329,,"array([-9.64311841, -1.66906248])"
1330,,"array([-5.65161311,  2.31876673])"
1331,,"array([-8.63332265, -0.79338088])"
1332,,"array([-4.76599859, -2.37550964])"
1333,,"array([-10.38146224,  -2.10788533])"
1334,,"array([-5.30393437,  3.24865283])"
1335,,"array([-10.25924832,  -1.90909459])"
1336,,"array([-9.87909179, -2.07770379])"
1337,,"array([-6.55990405, -1.20296129])"
1338,,"array([-6.07274776, -3.70648993])"
1339,,"array([-8.54902579, -2.12782809])"
1340,,"array([-8.58324884, -2.20835228])"
1341,,"array([-8.26778176, -2.62912452])"
1342,,"array([-9.5938076 , -0.99220312])"
1343,,"array([-9.53716175, -1.13161766])"
1344,,"array([-7.67649831,  3.44425525])"
1345,,"array([-8.30271858, -0.65538839])"
1346,,"array([-8.0066596 , -0.69900652])"
1347,,"array([-7.90023214, -0.59669118])"
1348,,"array([-9.63588116, -3.3906031 ])"
1349,,"array([-5.41497575,  1.73520312])"
1350,,"array([-5.49486858,  1.66301614])"
1351,,"array([-5.47026756,  1.84238895])"
1352,,"array([-9.47122855, -2.25315167])"
1353,,"array([-8.9838606 , -2.17673497])"
1354,,"array([-9.49706956, -2.02258121])"
1355,,"array([-9.3902462 , -2.10334904])"
1356,,"array([-9.95772904, -1.88398107])"
1357,,"array([-8.36154037, -2.05078043])"
1358,,"array([-7.76775672,  3.1506979 ])"
1359,,"array([-5.68144518,  1.49338999])"
1360,,"array([-5.7736066 ,  1.46436601])"
1361,,"array([-5.8562723 ,  1.53623558])"
1362,,"array([-7.63219005,  3.16523344])"
1363,,"array([-6.48303898,  2.79428457])"
1364,,"array([-3.45596642, -3.06227572])"
1365,,"array([-3.41727396, -3.151282  ])"
1366,,"array([-7.14870186, -4.56202316])"
1367,,"array([-5.02174706,  2.19718529])"
1368,,"array([-4.88041661,  2.14545853])"
1369,,"array([-6.07500642, -2.30351187])"
1370,,"array([-10.7310989 ,  -0.82591356])"
1371,,"array([-5.22531566,  2.26925778])"
1372,,"array([-5.30792977,  2.34358998])"
1373,,"array([-6.73790339, -3.49590176])"
1374,,"array([-8.42866478, -2.14018554])"
1375,,"array([-8.32823536, -2.19198609])"
1376,,"array([-8.47575944, -2.35495927])"
1377,,"array([-8.36968897, -2.27935156])"
1378,,"array([-8.34753689, -2.36426285])"
1379,,"array([-8.56654367, -2.32897408])"
