# source, target, _graphml_edge_id, weight
0,206,,1
0,185,,1
0,185,,1
0,206,,1
0,227,,1
0,217,,1
0,226,,1
0,217,,1
0,226,,1
0,227,,1
0,229,,1
0,217,,1
0,228,,1
0,217,,1
0,228,,1
0,229,,1
1,2,,1
1,185,,1
1,407,,1
2,185,,1
2,407,,1
2,6,,1
2,242,,1
2,237,,1
2,237,,1
2,6,,1
2,242,,1
3,146,,1
3,403,,1
3,144,,1
3,144,,1
3,146,,1
3,403,,1
3,242,,1
3,5,,1
3,240,,1
3,5,,1
3,240,,1
3,242,,1
4,147,,1
4,185,,1
4,147,,1
4,185,,1
5,60,,1
5,219,,1
5,221,,1
5,168,,1
5,166,,1
5,169,,1
5,166,,1
5,169,,1
5,168,,1
5,156,,1
5,158,,1
5,168,,1
5,168,,1
5,156,,1
5,158,,1
5,158,,1
5,156,,1
5,169,,1
5,156,,1
5,169,,1
5,158,,1
5,6,,1
5,6,,1
5,244,,1
5,242,,1
5,425,,1
5,242,,1
5,425,,1
5,244,,1
5,242,,1
5,240,,1
5,240,,1
5,242,,1
5,157,,1
5,373,,1
5,373,,1
5,157,,1
5,373,,1
5,373,,1
5,226,,1
5,407,,1
5,107,,1
5,227,,1
5,107,,1
5,227,,1
5,226,,1
5,407,,1
5,157,,1
5,349,,1
5,349,,1
5,157,,1
5,359,,1
5,407,,1
5,107,,1
5,427,,1
5,107,,1
5,427,,1
5,359,,1
5,407,,1
5,349,,1
5,349,,1
6,242,,1
6,237,,1
6,237,,1
6,242,,1
6,226,,1
6,98,,1
6,227,,1
6,98,,1
6,227,,1
6,226,,1
6,146,,1
6,67,,1
6,144,,1
6,67,,1
6,144,,1
6,146,,1
7,22,,1
7,352,,1
7,351,,1
7,352,,1
7,14,,1
7,351,,1
8,11,,1
8,181,,1
8,175,,1
8,181,,1
8,15,,1
8,175,,1
9,386,,1
9,407,,1
9,385,,1
9,385,,1
9,386,,1
9,407,,1
9,298,,1
9,299,,1
9,407,,1
9,299,,1
9,407,,1
9,298,,1
9,407,,1
9,450,,1
9,448,,1
10,299,,1
10,407,,1
10,298,,1
10,298,,1
10,299,,1
10,407,,1
10,383,,1
10,407,,1
10,382,,1
10,382,,1
10,383,,1
10,407,,1
11,181,,1
11,248,,1
11,175,,1
11,181,,1
11,175,,1
12,88,,1
12,192,,1
12,204,,1
12,192,,1
12,204,,1
12,88,,1
12,111,,1
12,185,,1
12,152,,1
12,230,,1
13,146,,1
13,201,,1
13,204,,1
13,144,,1
13,407,,1
13,146,,1
13,375,,1
13,144,,1
13,370,,1
13,407,,1
14,352,,1
14,351,,1
14,355,,1
14,352,,1
14,351,,1
15,181,,1
15,175,,1
15,181,,1
15,16,,1
15,175,,1
16,181,,1
16,175,,1
16,181,,1
16,17,,1
16,175,,1
17,353,,1
17,18,,1
17,351,,1
17,181,,1
17,175,,1
17,181,,1
17,17,,1
17,175,,1
17,181,,1
17,175,,1
18,353,,1
18,351,,1
18,353,,1
18,19,,1
18,351,,1
19,353,,1
19,351,,1
19,353,,1
19,20,,1
19,351,,1
20,353,,1
20,351,,1
20,353,,1
20,21,,1
20,351,,1
21,353,,1
21,351,,1
21,353,,1
21,22,,1
21,351,,1
22,353,,1
22,351,,1
22,352,,1
22,351,,1
23,185,,1
23,286,,1
23,185,,1
23,286,,1
23,226,,1
23,101,,1
23,227,,1
23,101,,1
23,227,,1
23,226,,1
24,185,,1
24,288,,1
24,185,,1
24,288,,1
24,226,,1
24,102,,1
24,227,,1
24,102,,1
24,227,,1
24,226,,1
25,185,,1
25,291,,1
25,185,,1
25,291,,1
25,226,,1
25,104,,1
25,227,,1
25,104,,1
25,227,,1
25,226,,1
26,38,,1
26,229,,1
26,228,,1
26,228,,1
26,38,,1
26,229,,1
26,185,,1
26,391,,1
26,185,,1
26,391,,1
26,38,,1
26,227,,1
26,226,,1
26,226,,1
26,38,,1
26,227,,1
27,43,,1
27,229,,1
27,228,,1
27,228,,1
27,43,,1
27,229,,1
27,43,,1
27,227,,1
27,226,,1
27,226,,1
27,43,,1
27,227,,1
27,30,,1
27,185,,1
27,30,,1
27,185,,1
28,226,,1
28,29,,1
28,227,,1
28,29,,1
28,227,,1
28,226,,1
28,75,,1
28,185,,1
28,75,,1
28,185,,1
29,89,,1
29,152,,1
29,89,,1
29,152,,1
29,226,,1
29,227,,1
29,227,,1
29,226,,1
30,204,,1
30,88,,1
30,211,,1
30,88,,1
30,211,,1
30,204,,1
30,185,,1
30,185,,1
31,185,,1
31,297,,1
31,391,,1
31,154,,1
31,154,,1
31,185,,1
31,297,,1
31,391,,1
31,75,,1
31,185,,1
31,75,,1
31,185,,1
32,36,,1
32,146,,1
32,144,,1
32,144,,1
32,36,,1
32,146,,1
32,146,,1
32,144,,1
32,152,,1
32,389,,1
32,407,,1
32,144,,1
32,152,,1
32,389,,1
32,407,,1
32,146,,1
33,371,,1
33,371,,1
33,185,,1
33,165,,1
33,370,,1
33,165,,1
33,370,,1
33,185,,1
34,398,,1
34,398,,1
34,436,,1
34,436,,1
35,44,,1
35,229,,1
35,228,,1
35,228,,1
35,44,,1
35,229,,1
35,146,,1
35,36,,1
35,144,,1
35,36,,1
35,144,,1
35,146,,1
36,146,,1
36,144,,1
36,144,,1
36,146,,1
36,146,,1
36,144,,1
36,144,,1
36,146,,1
37,43,,1
37,43,,1
37,87,,1
37,426,,1
37,152,,1
37,152,,1
37,87,,1
37,426,,1
38,426,,1
38,152,,1
38,152,,1
38,426,,1
38,38,,1
38,229,,1
38,228,,1
38,228,,1
38,229,,1
38,227,,1
38,226,,1
38,226,,1
38,227,,1
39,117,,1
39,172,,1
39,185,,1
39,173,,1
39,173,,1
39,117,,1
39,172,,1
39,185,,1
39,185,,1
39,116,,1
39,116,,1
39,185,,1
40,78,,1
40,185,,1
40,78,,1
40,185,,1
40,226,,1
40,76,,1
40,227,,1
40,76,,1
40,227,,1
40,226,,1
41,42,,1
41,185,,1
41,154,,1
41,154,,1
41,42,,1
41,185,,1
41,226,,1
41,48,,1
41,227,,1
41,48,,1
41,227,,1
41,226,,1
42,185,,1
42,154,,1
42,154,,1
42,185,,1
42,185,,1
42,395,,1
43,229,,1
43,228,,1
43,228,,1
43,229,,1
43,227,,1
43,226,,1
43,226,,1
43,227,,1
44,229,,1
44,228,,1
44,228,,1
44,229,,1
44,185,,1
44,296,,1
44,297,,1
44,154,,1
44,154,,1
44,185,,1
44,296,,1
44,297,,1
45,185,,1
45,287,,1
45,185,,1
45,287,,1
45,226,,1
45,103,,1
45,227,,1
45,103,,1
45,227,,1
45,226,,1
46,226,,1
46,106,,1
46,227,,1
46,106,,1
46,227,,1
46,226,,1
46,185,,1
46,290,,1
46,185,,1
46,290,,1
47,185,,1
47,289,,1
47,185,,1
47,289,,1
47,226,,1
47,105,,1
47,227,,1
47,105,,1
47,227,,1
47,226,,1
48,226,,1
48,227,,1
48,227,,1
48,226,,1
48,154,,1
48,226,,1
48,152,,1
48,227,,1
48,421,,1
48,152,,1
48,227,,1
48,421,,1
48,154,,1
48,226,,1
49,260,,1
49,185,,1
49,185,,1
49,260,,1
49,226,,1
49,227,,1
49,405,,1
49,227,,1
49,405,,1
49,226,,1
50,185,,1
50,446,,1
50,358,,1
50,185,,1
50,71,,1
50,358,,1
51,185,,1
51,445,,1
51,68,,1
51,311,,1
51,185,,1
51,70,,1
51,311,,1
52,53,,1
52,146,,1
52,144,,1
52,153,,1
52,149,,1
52,425,,1
52,149,,1
52,425,,1
52,153,,1
53,146,,1
53,144,,1
54,153,,1
54,149,,1
54,425,,1
55,216,,1
55,152,,1
55,273,,1
55,122,,1
55,432,,1
56,60,,1
56,152,,1
56,185,,1
56,249,,1
56,249,,1
57,58,,1
57,152,,1
57,58,,1
57,152,,1
57,146,,1
57,197,,1
57,59,,1
57,144,,1
57,407,,1
57,59,,1
57,144,,1
57,407,,1
57,146,,1
57,197,,1
58,152,,1
58,152,,1
58,69,,1
58,146,,1
58,144,,1
58,407,,1
59,146,,1
59,197,,1
59,144,,1
59,407,,1
59,144,,1
59,407,,1
59,146,,1
59,197,,1
59,123,,1
59,364,,1
59,123,,1
59,364,,1
60,152,,1
60,185,,1
60,219,,1
60,221,,1
61,146,,1
61,204,,1
61,62,,1
61,144,,1
61,407,,1
61,62,,1
61,144,,1
61,407,,1
61,146,,1
61,204,,1
61,123,,1
61,127,,1
61,131,,1
61,127,,1
61,131,,1
61,123,,1
61,247,,1
61,124,,1
61,127,,1
62,146,,1
62,204,,1
62,144,,1
62,407,,1
62,144,,1
62,407,,1
62,146,,1
62,204,,1
62,146,,1
62,204,,1
62,144,,1
62,363,,1
62,407,,1
62,144,,1
62,363,,1
62,407,,1
62,146,,1
62,204,,1
63,64,,1
63,226,,1
63,227,,1
63,227,,1
63,64,,1
63,226,,1
63,185,,1
63,226,,1
63,227,,1
63,412,,1
63,227,,1
63,412,,1
63,185,,1
63,226,,1
64,226,,1
64,227,,1
64,227,,1
64,226,,1
65,185,,1
65,66,,1
65,407,,1
65,163,,1
65,163,,1
66,185,,1
66,407,,1
67,226,,1
67,108,,1
67,227,,1
67,108,,1
67,227,,1
67,226,,1
67,228,,1
67,108,,1
67,229,,1
67,108,,1
67,229,,1
67,228,,1
67,107,,1
67,144,,1
67,146,,1
67,146,,1
67,107,,1
67,144,,1
67,90,,1
67,90,,1
67,146,,1
67,144,,1
67,144,,1
67,146,,1
68,185,,1
68,445,,1
68,311,,1
68,185,,1
68,70,,1
68,311,,1
69,146,,1
69,144,,1
69,407,,1
69,124,,1
69,146,,1
69,185,,1
69,207,,1
69,144,,1
69,204,,1
69,407,,1
70,185,,1
70,311,,1
70,185,,1
70,311,,1
70,185,,1
70,311,,1
70,372,,1
71,185,,1
71,358,,1
72,280,,1
72,348,,1
72,425,,1
72,146,,1
72,347,,1
72,145,,1
72,145,,1
72,146,,1
72,347,,1
73,339,,1
73,407,,1
73,382,,1
73,382,,1
73,339,,1
73,407,,1
73,407,,1
73,443,,1
73,444,,1
73,444,,1
73,407,,1
73,443,,1
73,448,,1
73,341,,1
73,407,,1
73,341,,1
73,407,,1
73,448,,1
74,185,,1
74,297,,1
74,391,,1
74,154,,1
74,185,,1
74,99,,1
74,99,,1
74,185,,1
75,185,,1
75,185,,1
75,185,,1
75,185,,1
76,226,,1
76,227,,1
76,227,,1
76,226,,1
76,154,,1
76,297,,1
76,421,,1
76,297,,1
76,421,,1
76,154,,1
77,172,,1
77,78,,1
77,173,,1
77,154,,1
77,269,,1
77,342,,1
78,172,,1
78,173,,1
78,185,,1
78,185,,1
79,80,,1
79,229,,1
79,232,,1
79,185,,1
79,228,,1
79,272,,1
79,155,,1
79,271,,1
80,229,,1
80,232,,1
80,185,,1
80,228,,1
80,82,,1
80,272,,1
80,271,,1
81,84,,1
81,229,,1
81,232,,1
81,185,,1
81,228,,1
81,272,,1
81,83,,1
81,271,,1
82,83,,1
82,229,,1
82,232,,1
82,185,,1
82,228,,1
82,272,,1
82,271,,1
83,229,,1
83,232,,1
83,185,,1
83,228,,1
83,272,,1
83,271,,1
84,229,,1
84,232,,1
84,185,,1
84,228,,1
84,100,,1
84,152,,1
85,164,,1
85,88,,1
85,267,,1
85,88,,1
85,267,,1
85,164,,1
85,120,,1
85,226,,1
85,227,,1
85,227,,1
85,120,,1
85,226,,1
86,89,,1
86,152,,1
86,99,,1
86,226,,1
86,227,,1
87,426,,1
87,152,,1
87,152,,1
87,426,,1
87,185,,1
87,210,,1
87,185,,1
87,230,,1
87,185,,1
87,200,,1
87,201,,1
87,230,,1
87,185,,1
87,220,,1
87,185,,1
87,230,,1
87,185,,1
87,230,,1
87,185,,1
87,220,,1
88,204,,1
88,211,,1
88,211,,1
88,204,,1
88,207,,1
88,227,,1
88,204,,1
88,226,,1
88,227,,1
88,230,,1
88,185,,1
88,204,,1
88,226,,1
88,185,,1
88,204,,1
88,226,,1
88,227,,1
88,230,,1
88,229,,1
88,230,,1
88,185,,1
88,204,,1
88,228,,1
88,185,,1
88,204,,1
88,228,,1
88,229,,1
88,230,,1
88,108,,1
88,204,,1
88,268,,1
88,268,,1
88,108,,1
88,204,,1
88,113,,1
88,204,,1
88,435,,1
88,204,,1
88,435,,1
88,113,,1
88,115,,1
88,170,,1
88,204,,1
88,170,,1
88,204,,1
88,115,,1
88,394,,1
88,152,,1
88,276,,1
88,226,,1
88,388,,1
88,152,,1
88,227,,1
88,216,,1
88,204,,1
88,206,,1
88,204,,1
88,206,,1
88,216,,1
88,197,,1
88,204,,1
88,408,,1
88,204,,1
88,408,,1
88,197,,1
88,192,,1
88,204,,1
88,192,,1
88,204,,1
88,204,,1
88,281,,1
88,222,,1
88,222,,1
88,204,,1
88,281,,1
88,164,,1
88,267,,1
88,267,,1
88,164,,1
88,228,,1
88,388,,1
88,152,,1
88,229,,1
88,89,,1
88,204,,1
88,213,,1
88,213,,1
88,89,,1
88,204,,1
88,204,,1
88,391,,1
88,223,,1
88,223,,1
88,204,,1
88,391,,1
89,152,,1
89,204,,1
89,213,,1
89,213,,1
89,204,,1
89,152,,1
89,152,,1
90,185,,1
90,416,,1
90,185,,1
90,416,,1
91,146,,1
91,407,,1
91,185,,1
91,145,,1
92,442,,1
92,300,,1
92,411,,1
92,439,,1
92,300,,1
92,411,,1
92,439,,1
92,442,,1
92,146,,1
92,302,,1
92,144,,1
92,144,,1
92,146,,1
92,302,,1
93,185,,1
93,94,,1
93,407,,1
93,149,,1
93,284,,1
93,151,,1
93,151,,1
93,149,,1
93,284,,1
94,185,,1
94,407,,1
95,219,,1
95,413,,1
95,152,,1
95,154,,1
95,229,,1
95,171,,1
95,228,,1
96,97,,1
96,185,,1
96,97,,1
96,185,,1
96,143,,1
96,407,,1
96,407,,1
96,143,,1
97,185,,1
97,185,,1
97,229,,1
97,228,,1
97,431,,1
97,228,,1
97,431,,1
97,229,,1
98,226,,1
98,227,,1
98,227,,1
98,226,,1
98,219,,1
98,426,,1
98,192,,1
98,192,,1
98,219,,1
98,426,,1
99,185,,1
99,185,,1
99,226,,1
99,227,,1
100,118,,1
100,277,,1
100,425,,1
100,152,,1
101,226,,1
101,227,,1
101,227,,1
101,226,,1
101,154,,1
101,297,,1
101,401,,1
101,297,,1
101,401,,1
101,154,,1
102,226,,1
102,227,,1
102,227,,1
102,226,,1
102,154,,1
102,297,,1
102,308,,1
102,297,,1
102,308,,1
102,154,,1
103,226,,1
103,227,,1
103,227,,1
103,226,,1
103,154,,1
103,297,,1
103,336,,1
103,297,,1
103,336,,1
103,154,,1
104,226,,1
104,227,,1
104,227,,1
104,226,,1
104,154,,1
104,279,,1
104,297,,1
104,279,,1
104,297,,1
104,154,,1
105,226,,1
105,227,,1
105,227,,1
105,226,,1
105,154,,1
105,297,,1
105,400,,1
105,297,,1
105,400,,1
105,154,,1
106,226,,1
106,227,,1
106,227,,1
106,226,,1
106,154,,1
106,297,,1
106,393,,1
106,297,,1
106,393,,1
106,154,,1
107,226,,1
107,407,,1
107,227,,1
107,227,,1
107,226,,1
107,407,,1
107,144,,1
107,146,,1
107,146,,1
107,144,,1
107,359,,1
107,407,,1
107,427,,1
107,427,,1
107,359,,1
107,407,,1
108,204,,1
108,268,,1
108,268,,1
108,204,,1
108,226,,1
108,227,,1
108,227,,1
108,226,,1
108,228,,1
108,229,,1
108,229,,1
108,228,,1
109,146,,1
109,431,,1
109,144,,1
109,144,,1
109,146,,1
109,431,,1
109,416,,1
109,265,,1
109,407,,1
110,185,,1
110,152,,1
110,189,,1
110,230,,1
110,128,,1
110,185,,1
110,128,,1
110,185,,1
111,129,,1
111,185,,1
111,129,,1
111,185,,1
111,185,,1
111,152,,1
111,230,,1
112,185,,1
112,451,,1
112,185,,1
112,451,,1
112,185,,1
112,261,,1
112,261,,1
112,185,,1
113,204,,1
113,435,,1
113,204,,1
113,435,,1
113,204,,1
113,152,,1
114,119,,1
114,119,,1
114,185,,1
114,295,,1
114,364,,1
114,295,,1
114,364,,1
114,185,,1
115,116,,1
115,185,,1
115,227,,1
115,226,,1
115,226,,1
115,116,,1
115,185,,1
115,227,,1
115,170,,1
115,204,,1
115,170,,1
115,204,,1
116,185,,1
116,227,,1
116,226,,1
116,226,,1
116,185,,1
116,227,,1
116,185,,1
116,185,,1
117,172,,1
117,185,,1
117,173,,1
117,173,,1
117,172,,1
117,185,,1
118,277,,1
118,425,,1
118,315,,1
118,426,,1
118,426,,1
118,315,,1
119,232,,1
119,384,,1
119,232,,1
119,384,,1
120,156,,1
120,226,,1
120,227,,1
120,227,,1
120,156,,1
120,226,,1
120,226,,1
120,227,,1
120,227,,1
120,226,,1
121,229,,1
121,198,,1
121,228,,1
121,407,,1
121,198,,1
121,228,,1
121,407,,1
121,229,,1
121,146,,1
121,197,,1
121,144,,1
121,144,,1
121,146,,1
121,197,,1
122,273,,1
122,432,,1
122,273,,1
122,432,,1
122,224,,1
123,130,,1
123,134,,1
123,425,,1
123,425,,1
123,130,,1
123,134,,1
123,364,,1
123,364,,1
123,127,,1
123,131,,1
123,127,,1
123,131,,1
124,146,,1
124,185,,1
124,207,,1
124,144,,1
124,204,,1
124,407,,1
124,247,,1
124,127,,1
125,132,,1
125,146,,1
125,145,,1
125,407,,1
125,145,,1
125,407,,1
125,132,,1
125,146,,1
126,185,,1
126,375,,1
126,127,,1
126,219,,1
126,127,,1
126,219,,1
126,185,,1
126,375,,1
126,334,,1
126,142,,1
126,331,,1
126,142,,1
126,331,,1
126,334,,1
126,127,,1
126,274,,1
126,230,,1
126,343,,1
126,230,,1
126,343,,1
126,127,,1
126,274,,1
127,142,,1
127,229,,1
127,228,,1
127,228,,1
127,142,,1
127,229,,1
127,146,,1
127,204,,1
127,144,,1
127,407,,1
127,440,,1
127,144,,1
127,407,,1
127,440,,1
127,146,,1
127,204,,1
127,185,,1
127,375,,1
127,219,,1
127,219,,1
127,185,,1
127,375,,1
127,274,,1
127,230,,1
127,343,,1
127,230,,1
127,343,,1
127,274,,1
127,131,,1
127,131,,1
127,247,,1
127,133,,1
127,209,,1
127,215,,1
127,215,,1
127,133,,1
127,209,,1
127,219,,1
128,229,,1
128,444,,1
128,228,,1
128,228,,1
128,229,,1
128,444,,1
128,185,,1
128,185,,1
129,229,,1
129,448,,1
129,228,,1
129,228,,1
129,229,,1
129,448,,1
129,185,,1
129,185,,1
130,134,,1
130,425,,1
130,425,,1
130,134,,1
131,185,,1
131,187,,1
131,185,,1
131,187,,1
132,146,,1
132,145,,1
132,407,,1
132,145,,1
132,407,,1
132,146,,1
133,209,,1
133,215,,1
133,215,,1
133,209,,1
134,303,,1
134,249,,1
134,425,,1
134,146,,1
134,166,,1
134,145,,1
134,405,,1
134,406,,1
134,425,,1
134,406,,1
134,425,,1
134,405,,1
134,298,,1
134,145,,1
134,425,,1
134,145,,1
134,425,,1
134,298,,1
134,425,,1
134,425,,1
134,185,,1
134,207,,1
134,135,,1
134,204,,1
134,425,,1
134,382,,1
134,182,,1
134,425,,1
134,182,,1
134,425,,1
134,382,,1
135,185,,1
135,207,,1
135,204,,1
135,425,,1
135,146,,1
135,375,,1
135,144,,1
135,247,,1
135,407,,1
135,144,,1
135,247,,1
135,407,,1
135,146,,1
135,375,,1
136,183,,1
136,185,,1
136,204,,1
136,185,,1
136,140,,1
136,447,,1
137,231,,1
137,137,,1
137,231,,1
137,231,,1
137,231,,1
138,140,,1
138,229,,1
138,228,,1
138,228,,1
138,140,,1
138,229,,1
138,229,,1
138,141,,1
138,228,,1
138,141,,1
138,228,,1
138,229,,1
139,159,,1
139,185,,1
139,159,,1
139,185,,1
139,228,,1
139,152,,1
139,167,,1
139,229,,1
139,152,,1
139,167,,1
139,229,,1
139,228,,1
140,185,,1
140,447,,1
140,229,,1
140,228,,1
140,228,,1
140,229,,1
141,229,,1
141,228,,1
141,228,,1
141,229,,1
142,146,,1
142,204,,1
142,348,,1
142,144,,1
142,407,,1
142,144,,1
142,407,,1
142,146,,1
142,204,,1
142,348,,1
142,229,,1
142,228,,1
142,228,,1
142,229,,1
142,334,,1
142,331,,1
142,331,,1
142,334,,1
143,156,,1
143,185,,1
143,416,,1
143,407,,1
143,407,,1
143,156,,1
143,185,,1
143,416,,1
143,407,,1
143,407,,1
144,146,,1
144,146,,1
144,146,,1
144,146,,1
144,146,,1
144,152,,1
144,389,,1
144,407,,1
144,152,,1
144,389,,1
144,407,,1
144,146,,1
144,146,,1
144,299,,1
144,145,,1
144,145,,1
144,146,,1
144,299,,1
144,146,,1
144,144,,1
144,146,,1
144,146,,1
144,146,,1
144,146,,1
144,204,,1
144,348,,1
144,407,,1
144,407,,1
144,146,,1
144,204,,1
144,348,,1
144,146,,1
144,204,,1
144,407,,1
144,440,,1
144,407,,1
144,440,,1
144,146,,1
144,204,,1
144,145,,1
144,146,,1
144,145,,1
144,146,,1
144,145,,1
144,183,,1
144,175,,1
144,175,,1
144,145,,1
144,183,,1
144,183,,1
144,146,,1
144,175,,1
144,146,,1
144,175,,1
144,183,,1
144,146,,1
144,197,,1
144,146,,1
144,197,,1
144,146,,1
144,210,,1
144,415,,1
144,415,,1
144,146,,1
144,210,,1
144,146,,1
144,148,,1
144,153,,1
144,146,,1
144,322,,1
144,324,,1
144,146,,1
144,151,,1
144,148,,1
144,148,,1
144,146,,1
144,151,,1
144,153,,1
144,146,,1
144,148,,1
144,146,,1
144,152,,1
144,185,,1
144,230,,1
144,310,,1
144,407,,1
144,146,,1
144,317,,1
144,151,,1
144,146,,1
144,146,,1
144,319,,1
144,321,,1
144,321,,1
144,146,,1
144,319,,1
144,146,,1
144,320,,1
144,319,,1
144,319,,1
144,146,,1
144,320,,1
144,324,,1
144,146,,1
144,322,,1
144,146,,1
144,323,,1
144,322,,1
144,146,,1
144,322,,1
144,322,,1
144,146,,1
144,341,,1
144,334,,1
144,146,,1
144,325,,1
144,327,,1
144,327,,1
144,146,,1
144,325,,1
144,146,,1
144,326,,1
144,325,,1
144,325,,1
144,146,,1
144,326,,1
144,146,,1
144,328,,1
144,332,,1
144,332,,1
144,146,,1
144,328,,1
144,146,,1
144,443,,1
144,331,,1
144,146,,1
144,331,,1
144,328,,1
144,328,,1
144,146,,1
144,331,,1
144,146,,1
144,333,,1
144,335,,1
144,335,,1
144,146,,1
144,333,,1
144,146,,1
144,334,,1
144,333,,1
144,146,,1
144,431,,1
144,146,,1
144,431,,1
144,146,,1
144,204,,1
144,407,,1
144,407,,1
144,146,,1
144,204,,1
144,146,,1
144,204,,1
144,363,,1
144,407,,1
144,363,,1
144,407,,1
144,146,,1
144,204,,1
144,146,,1
144,403,,1
144,146,,1
144,403,,1
144,146,,1
144,158,,1
144,157,,1
144,157,,1
144,146,,1
144,158,,1
144,416,,1
144,146,,1
144,426,,1
144,146,,1
144,426,,1
144,416,,1
144,146,,1
144,161,,1
144,163,,1
144,146,,1
144,146,,1
144,158,,1
144,145,,1
144,157,,1
144,145,,1
144,157,,1
144,158,,1
144,404,,1
144,145,,1
144,163,,1
144,146,,1
144,372,,1
144,284,,1
144,284,,1
144,146,,1
144,372,,1
144,146,,1
144,152,,1
144,185,,1
144,207,,1
144,204,,1
144,310,,1
144,407,,1
144,146,,1
144,201,,1
144,204,,1
144,407,,1
144,146,,1
144,375,,1
144,370,,1
144,407,,1
144,146,,1
144,204,,1
144,230,,1
144,207,,1
144,407,,1
144,207,,1
144,407,,1
144,146,,1
144,204,,1
144,230,,1
144,146,,1
144,204,,1
144,205,,1
144,205,,1
144,146,,1
144,204,,1
144,146,,1
144,182,,1
144,175,,1
144,175,,1
144,146,,1
144,182,,1
144,146,,1
144,154,,1
144,367,,1
144,369,,1
144,407,,1
144,407,,1
144,146,,1
144,185,,1
144,184,,1
144,407,,1
144,146,,1
144,184,,1
144,185,,1
144,146,,1
144,305,,1
144,421,,1
144,398,,1
144,407,,1
144,398,,1
144,407,,1
144,146,,1
144,305,,1
144,421,,1
144,146,,1
144,257,,1
144,258,,1
144,146,,1
144,423,,1
144,424,,1
144,424,,1
144,146,,1
144,423,,1
144,146,,1
144,197,,1
144,407,,1
144,407,,1
144,146,,1
144,197,,1
144,146,,1
144,407,,1
144,146,,1
144,185,,1
144,207,,1
144,204,,1
144,407,,1
144,146,,1
144,375,,1
144,247,,1
144,407,,1
144,247,,1
144,407,,1
144,146,,1
144,375,,1
144,146,,1
144,305,,1
144,426,,1
144,407,,1
144,408,,1
144,407,,1
144,408,,1
144,146,,1
144,305,,1
144,426,,1
144,146,,1
144,429,,1
144,174,,1
144,174,,1
144,146,,1
144,429,,1
144,146,,1
144,430,,1
144,166,,1
144,166,,1
144,146,,1
144,430,,1
144,146,,1
144,302,,1
144,146,,1
144,302,,1
144,146,,1
144,146,,1
144,146,,1
144,234,,1
144,236,,1
144,236,,1
144,146,,1
144,234,,1
144,146,,1
144,443,,1
144,235,,1
144,146,,1
144,235,,1
144,234,,1
144,146,,1
144,237,,1
144,244,,1
144,244,,1
144,146,,1
144,237,,1
144,146,,1
144,243,,1
144,237,,1
144,237,,1
144,146,,1
144,243,,1
144,146,,1
144,450,,1
144,243,,1
144,146,,1
144,207,,1
144,244,,1
144,153,,1
144,204,,1
144,407,,1
144,146,,1
144,230,,1
144,244,,1
144,153,,1
144,407,,1
144,153,,1
144,407,,1
144,146,,1
144,230,,1
144,244,,1
145,146,,1
145,407,,1
145,407,,1
145,146,,1
145,146,,1
145,154,,1
145,412,,1
145,413,,1
145,425,,1
145,413,,1
145,425,,1
145,146,,1
145,154,,1
145,412,,1
145,146,,1
145,154,,1
145,294,,1
145,297,,1
145,425,,1
145,297,,1
145,425,,1
145,146,,1
145,154,,1
145,294,,1
145,146,,1
145,299,,1
145,146,,1
145,299,,1
145,146,,1
145,347,,1
145,146,,1
145,347,,1
145,146,,1
145,146,,1
145,183,,1
145,175,,1
145,175,,1
145,183,,1
145,185,,1
145,187,,1
145,230,,1
145,185,,1
145,418,,1
145,146,,1
145,146,,1
145,197,,1
145,207,,1
145,196,,1
145,204,,1
145,425,,1
145,196,,1
145,204,,1
145,425,,1
145,146,,1
145,197,,1
145,207,,1
145,185,,1
145,146,,1
145,197,,1
145,199,,1
145,195,,1
145,425,,1
145,195,,1
145,425,,1
145,146,,1
145,197,,1
145,199,,1
145,146,,1
145,166,,1
145,158,,1
145,157,,1
145,157,,1
145,158,,1
145,404,,1
145,163,,1
145,185,,1
145,301,,1
145,364,,1
145,364,,1
145,185,,1
145,301,,1
145,146,,1
145,185,,1
145,207,,1
145,245,,1
145,182,,1
145,204,,1
145,425,,1
145,298,,1
145,425,,1
145,425,,1
145,298,,1
146,407,,1
146,407,,1
146,154,,1
146,412,,1
146,413,,1
146,425,,1
146,413,,1
146,425,,1
146,154,,1
146,412,,1
146,154,,1
146,294,,1
146,297,,1
146,425,,1
146,297,,1
146,425,,1
146,154,,1
146,294,,1
146,152,,1
146,389,,1
146,407,,1
146,152,,1
146,389,,1
146,407,,1
146,299,,1
146,299,,1
146,146,,1
146,204,,1
146,348,,1
146,407,,1
146,407,,1
146,204,,1
146,348,,1
146,204,,1
146,407,,1
146,440,,1
146,407,,1
146,440,,1
146,204,,1
146,347,,1
146,347,,1
146,183,,1
146,175,,1
146,175,,1
146,183,,1
146,185,,1
146,418,,1
146,197,,1
146,207,,1
146,196,,1
146,204,,1
146,425,,1
146,196,,1
146,204,,1
146,425,,1
146,197,,1
146,207,,1
146,197,,1
146,197,,1
146,210,,1
146,415,,1
146,415,,1
146,210,,1
146,407,,1
146,148,,1
146,153,,1
146,322,,1
146,324,,1
146,151,,1
146,148,,1
146,148,,1
146,151,,1
146,153,,1
146,148,,1
146,152,,1
146,185,,1
146,230,,1
146,310,,1
146,407,,1
146,197,,1
146,199,,1
146,195,,1
146,425,,1
146,195,,1
146,425,,1
146,197,,1
146,199,,1
146,317,,1
146,151,,1
146,319,,1
146,321,,1
146,321,,1
146,319,,1
146,320,,1
146,319,,1
146,319,,1
146,320,,1
146,324,,1
146,322,,1
146,323,,1
146,322,,1
146,322,,1
146,322,,1
146,341,,1
146,334,,1
146,325,,1
146,327,,1
146,327,,1
146,325,,1
146,326,,1
146,325,,1
146,325,,1
146,326,,1
146,328,,1
146,332,,1
146,332,,1
146,328,,1
146,443,,1
146,331,,1
146,331,,1
146,328,,1
146,328,,1
146,331,,1
146,333,,1
146,335,,1
146,335,,1
146,333,,1
146,334,,1
146,333,,1
146,431,,1
146,431,,1
146,166,,1
146,204,,1
146,407,,1
146,407,,1
146,204,,1
146,204,,1
146,363,,1
146,407,,1
146,363,,1
146,407,,1
146,204,,1
146,403,,1
146,403,,1
146,158,,1
146,157,,1
146,157,,1
146,158,,1
146,416,,1
146,426,,1
146,426,,1
146,416,,1
146,161,,1
146,163,,1
146,372,,1
146,284,,1
146,284,,1
146,372,,1
146,152,,1
146,185,,1
146,207,,1
146,204,,1
146,310,,1
146,407,,1
146,201,,1
146,204,,1
146,407,,1
146,375,,1
146,370,,1
146,407,,1
146,204,,1
146,230,,1
146,207,,1
146,407,,1
146,207,,1
146,407,,1
146,204,,1
146,230,,1
146,204,,1
146,205,,1
146,205,,1
146,204,,1
146,182,,1
146,175,,1
146,175,,1
146,182,,1
146,154,,1
146,367,,1
146,369,,1
146,407,,1
146,407,,1
146,185,,1
146,184,,1
146,407,,1
146,184,,1
146,185,,1
146,305,,1
146,421,,1
146,398,,1
146,407,,1
146,398,,1
146,407,,1
146,305,,1
146,421,,1
146,185,,1
146,207,,1
146,245,,1
146,182,,1
146,204,,1
146,425,,1
146,185,,1
146,215,,1
146,272,,1
146,407,,1
146,425,,1
146,257,,1
146,258,,1
146,423,,1
146,424,,1
146,424,,1
146,423,,1
146,197,,1
146,407,,1
146,407,,1
146,197,,1
146,407,,1
146,185,,1
146,207,,1
146,204,,1
146,407,,1
146,375,,1
146,247,,1
146,407,,1
146,247,,1
146,407,,1
146,375,,1
146,305,,1
146,426,,1
146,407,,1
146,408,,1
146,407,,1
146,408,,1
146,305,,1
146,426,,1
146,429,,1
146,174,,1
146,174,,1
146,429,,1
146,174,,1
146,172,,1
146,425,,1
146,172,,1
146,425,,1
146,174,,1
146,430,,1
146,166,,1
146,166,,1
146,430,,1
146,437,,1
146,302,,1
146,425,,1
146,302,,1
146,425,,1
146,437,,1
146,302,,1
146,302,,1
146,234,,1
146,236,,1
146,236,,1
146,234,,1
146,443,,1
146,235,,1
146,235,,1
146,234,,1
146,237,,1
146,244,,1
146,244,,1
146,237,,1
146,243,,1
146,237,,1
146,237,,1
146,243,,1
146,450,,1
146,243,,1
146,207,,1
146,244,,1
146,153,,1
146,204,,1
146,407,,1
146,230,,1
146,244,,1
146,153,,1
146,407,,1
146,153,,1
146,407,,1
146,230,,1
146,244,,1
147,185,,1
147,185,,1
147,147,,1
148,153,,1
148,428,,1
148,185,,1
148,322,,1
148,411,,1
148,151,,1
148,151,,1
148,153,,1
148,153,,1
148,351,,1
148,354,,1
149,153,,1
149,425,,1
149,153,,1
149,425,,1
149,425,,1
149,153,,1
149,284,,1
149,151,,1
149,151,,1
149,284,,1
150,153,,1
150,284,,1
150,425,,1
151,317,,1
151,284,,1
151,284,,1
152,426,,1
152,426,,1
152,232,,1
152,281,,1
152,384,,1
152,384,,1
152,232,,1
152,281,,1
152,394,,1
152,276,,1
152,226,,1
152,388,,1
152,227,,1
152,389,,1
152,407,,1
152,389,,1
152,407,,1
152,185,,1
152,226,,1
152,420,,1
152,227,,1
152,281,,1
152,227,,1
152,281,,1
152,226,,1
152,420,,1
152,185,,1
152,305,,1
152,305,,1
152,185,,1
152,185,,1
152,230,,1
152,310,,1
152,407,,1
152,228,,1
152,167,,1
152,229,,1
152,167,,1
152,229,,1
152,228,,1
152,185,,1
152,207,,1
152,204,,1
152,310,,1
152,407,,1
152,406,,1
152,243,,1
152,204,,1
152,172,,1
152,369,,1
152,173,,1
152,285,,1
152,390,,1
152,394,,1
152,269,,1
152,269,,1
152,390,,1
152,394,,1
152,228,,1
152,388,,1
152,229,,1
152,216,,1
152,264,,1
152,414,,1
152,394,,1
152,426,,1
152,270,,1
152,270,,1
152,394,,1
152,426,,1
152,426,,1
152,426,,1
152,219,,1
152,413,,1
152,154,,1
152,185,,1
152,189,,1
152,230,,1
152,185,,1
152,230,,1
152,391,,1
152,394,,1
152,275,,1
152,275,,1
152,391,,1
152,394,,1
152,154,,1
152,226,,1
152,227,,1
152,421,,1
152,227,,1
152,421,,1
152,154,,1
152,226,,1
153,351,,1
153,354,,1
153,284,,1
153,425,,1
153,425,,1
153,425,,1
153,425,,1
153,207,,1
153,244,,1
153,204,,1
153,407,,1
153,230,,1
153,244,,1
153,407,,1
153,407,,1
153,230,,1
153,244,,1
154,297,,1
154,393,,1
154,297,,1
154,393,,1
154,279,,1
154,297,,1
154,279,,1
154,297,,1
154,412,,1
154,413,,1
154,425,,1
154,413,,1
154,425,,1
154,412,,1
154,296,,1
154,297,,1
154,297,,1
154,296,,1
154,297,,1
154,400,,1
154,297,,1
154,400,,1
154,297,,1
154,336,,1
154,297,,1
154,336,,1
154,297,,1
154,401,,1
154,297,,1
154,401,,1
154,297,,1
154,308,,1
154,297,,1
154,308,,1
154,294,,1
154,297,,1
154,425,,1
154,297,,1
154,425,,1
154,294,,1
154,276,,1
154,342,,1
154,436,,1
154,175,,1
154,407,,1
154,436,,1
154,183,,1
154,434,,1
154,185,,1
154,297,,1
154,408,,1
154,316,,1
154,185,,1
154,296,,1
154,297,,1
154,185,,1
154,296,,1
154,297,,1
154,297,,1
154,381,,1
154,214,,1
154,183,,1
154,294,,1
154,175,,1
154,297,,1
154,407,,1
154,175,,1
154,297,,1
154,407,,1
154,183,,1
154,294,,1
154,367,,1
154,369,,1
154,407,,1
154,269,,1
154,342,,1
154,297,,1
154,421,,1
154,297,,1
154,421,,1
154,185,,1
154,297,,1
154,381,,1
154,214,,1
154,185,,1
154,297,,1
154,391,,1
154,185,,1
154,297,,1
154,391,,1
154,185,,1
154,297,,1
154,391,,1
154,270,,1
154,297,,1
154,342,,1
154,297,,1
154,342,,1
154,270,,1
154,219,,1
154,297,,1
154,266,,1
154,413,,1
154,433,,1
154,263,,1
154,219,,1
154,413,,1
154,185,,1
154,185,,1
154,226,,1
154,227,,1
154,421,,1
154,227,,1
154,421,,1
154,226,,1
154,275,,1
154,342,,1
154,387,,1
155,272,,1
155,271,,1
156,185,,1
156,416,,1
156,407,,1
156,407,,1
156,185,,1
156,416,,1
156,226,,1
156,227,,1
156,227,,1
156,226,,1
156,158,,1
156,168,,1
156,168,,1
156,158,,1
156,158,,1
156,169,,1
156,169,,1
156,158,,1
157,158,,1
157,158,,1
157,373,,1
157,373,,1
157,158,,1
157,158,,1
157,349,,1
157,349,,1
158,168,,1
158,168,,1
158,169,,1
158,169,,1
158,163,,1
158,163,,1
158,160,,1
158,185,,1
158,230,,1
158,230,,1
158,160,,1
158,185,,1
159,185,,1
159,185,,1
159,163,,1
159,228,,1
159,229,,1
159,229,,1
159,163,,1
159,228,,1
160,185,,1
160,230,,1
160,230,,1
160,185,,1
160,185,,1
160,258,,1
160,294,,1
160,294,,1
160,185,,1
160,258,,1
161,163,,1
161,185,,1
161,392,,1
161,403,,1
162,244,,1
162,237,,1
162,242,,1
162,425,,1
162,237,,1
162,242,,1
162,425,,1
162,244,,1
163,228,,1
163,229,,1
163,229,,1
163,228,,1
163,404,,1
164,267,,1
164,267,,1
165,360,,1
165,361,,1
165,426,,1
165,185,,1
165,370,,1
165,370,,1
165,185,,1
166,168,,1
166,169,,1
166,169,,1
166,168,,1
166,167,,1
166,167,,1
166,430,,1
166,430,,1
167,169,,1
167,169,,1
167,228,,1
167,229,,1
167,229,,1
167,228,,1
168,169,,1
168,169,,1
170,204,,1
170,204,,1
170,381,,1
170,426,,1
170,381,,1
170,426,,1
171,172,,1
171,173,,1
171,433,,1
171,229,,1
171,228,,1
172,413,,1
172,173,,1
172,289,,1
172,173,,1
172,289,,1
172,413,,1
172,400,,1
172,173,,1
172,290,,1
172,173,,1
172,290,,1
172,400,,1
172,393,,1
172,173,,1
172,287,,1
172,173,,1
172,287,,1
172,393,,1
172,336,,1
172,173,,1
172,286,,1
172,173,,1
172,286,,1
172,336,,1
172,401,,1
172,173,,1
172,291,,1
172,173,,1
172,291,,1
172,401,,1
172,279,,1
172,173,,1
172,288,,1
172,173,,1
172,288,,1
172,279,,1
172,308,,1
172,173,,1
172,285,,1
172,173,,1
172,285,,1
172,308,,1
172,185,,1
172,173,,1
172,173,,1
172,185,,1
172,434,,1
172,173,,1
172,364,,1
172,284,,1
172,173,,1
172,373,,1
172,173,,1
172,373,,1
172,284,,1
172,369,,1
172,173,,1
172,285,,1
172,173,,1
172,174,,1
172,425,,1
172,425,,1
172,174,,1
172,173,,1
172,433,,1
172,387,,1
172,173,,1
172,395,,1
173,413,,1
173,289,,1
173,289,,1
173,413,,1
173,400,,1
173,290,,1
173,290,,1
173,400,,1
173,393,,1
173,287,,1
173,287,,1
173,393,,1
173,336,,1
173,286,,1
173,286,,1
173,336,,1
173,401,,1
173,291,,1
173,291,,1
173,401,,1
173,279,,1
173,288,,1
173,288,,1
173,279,,1
173,308,,1
173,285,,1
173,285,,1
173,308,,1
173,185,,1
173,185,,1
173,434,,1
173,364,,1
173,284,,1
173,373,,1
173,373,,1
173,284,,1
173,369,,1
173,285,,1
173,433,,1
173,387,,1
173,395,,1
174,429,,1
174,429,,1
174,425,,1
174,425,,1
175,407,,1
175,436,,1
175,183,,1
175,434,,1
175,183,,1
175,183,,1
175,183,,1
175,183,,1
175,181,,1
175,248,,1
175,181,,1
175,181,,1
175,181,,1
175,181,,1
175,181,,1
175,183,,1
175,294,,1
175,297,,1
175,407,,1
175,297,,1
175,407,,1
175,183,,1
175,294,,1
175,182,,1
175,182,,1
175,183,,1
175,187,,1
175,197,,1
175,301,,1
175,407,,1
175,301,,1
175,407,,1
175,183,,1
175,187,,1
175,197,,1
175,185,,1
175,419,,1
175,425,,1
175,425,,1
175,185,,1
175,419,,1
176,329,,1
176,329,,1
176,229,,1
176,179,,1
176,228,,1
177,229,,1
177,180,,1
177,228,,1
177,178,,1
177,178,,1
178,181,,1
178,185,,1
178,185,,1
178,181,,1
179,229,,1
179,228,,1
180,229,,1
180,228,,1
181,248,,1
181,185,,1
181,185,,1
182,185,,1
182,309,,1
182,229,,1
182,187,,1
182,228,,1
182,230,,1
182,187,,1
182,228,,1
182,230,,1
182,229,,1
182,185,,1
182,207,,1
182,245,,1
182,204,,1
182,425,,1
182,382,,1
182,425,,1
182,425,,1
182,382,,1
183,407,,1
183,436,,1
183,434,,1
183,294,,1
183,297,,1
183,407,,1
183,297,,1
183,407,,1
183,294,,1
183,309,,1
183,407,,1
183,185,,1
183,204,,1
183,185,,1
183,204,,1
183,346,,1
183,187,,1
183,197,,1
183,301,,1
183,407,,1
183,301,,1
183,407,,1
183,187,,1
183,197,,1
184,305,,1
184,185,,1
184,185,,1
184,305,,1
184,305,,1
184,305,,1
184,305,,1
184,305,,1
184,407,,1
184,184,,1
184,185,,1
184,407,,1
184,185,,1
184,233,,1
184,186,,1
184,232,,1
184,452,,1
184,184,,1
184,452,,1
184,452,,1
184,452,,1
185,288,,1
185,288,,1
185,286,,1
185,286,,1
185,291,,1
185,291,,1
185,226,,1
185,227,,1
185,412,,1
185,227,,1
185,412,,1
185,226,,1
185,287,,1
185,287,,1
185,289,,1
185,289,,1
185,290,,1
185,290,,1
185,285,,1
185,190,,1
185,190,,1
185,285,,1
185,227,,1
185,230,,1
185,204,,1
185,226,,1
185,204,,1
185,226,,1
185,227,,1
185,230,,1
185,229,,1
185,230,,1
185,204,,1
185,228,,1
185,204,,1
185,228,,1
185,229,,1
185,230,,1
185,268,,1
185,219,,1
185,407,,1
185,219,,1
185,407,,1
185,268,,1
185,226,,1
185,435,,1
185,227,,1
185,434,,1
185,227,,1
185,434,,1
185,226,,1
185,435,,1
185,228,,1
185,435,,1
185,229,,1
185,434,,1
185,229,,1
185,434,,1
185,228,,1
185,435,,1
185,295,,1
185,364,,1
185,295,,1
185,364,,1
185,227,,1
185,226,,1
185,226,,1
185,227,,1
185,283,,1
185,282,,1
185,407,,1
185,228,,1
185,292,,1
185,229,,1
185,294,,1
185,364,,1
185,214,,1
185,214,,1
185,364,,1
185,297,,1
185,408,,1
185,316,,1
185,316,,1
185,278,,1
185,278,,1
185,316,,1
185,278,,1
185,388,,1
185,388,,1
185,278,,1
185,296,,1
185,297,,1
185,296,,1
185,297,,1
185,305,,1
185,305,,1
185,299,,1
185,230,,1
185,386,,1
185,230,,1
185,386,,1
185,299,,1
185,299,,1
185,298,,1
185,430,,1
185,293,,1
185,230,,1
185,294,,1
185,187,,1
185,230,,1
185,418,,1
185,206,,1
185,226,,1
185,204,,1
185,227,,1
185,204,,1
185,227,,1
185,206,,1
185,226,,1
185,194,,1
185,216,,1
185,449,,1
185,216,,1
185,449,,1
185,194,,1
185,206,,1
185,206,,1
185,232,,1
185,304,,1
185,399,,1
185,196,,1
185,197,,1
185,230,,1
185,415,,1
185,220,,1
185,407,,1
185,220,,1
185,407,,1
185,415,,1
185,375,,1
185,219,,1
185,219,,1
185,375,,1
185,307,,1
185,284,,1
185,374,,1
185,374,,1
185,284,,1
185,372,,1
185,428,,1
185,322,,1
185,411,,1
185,309,,1
185,313,,1
185,255,,1
185,312,,1
185,314,,1
185,313,,1
185,437,,1
185,229,,1
185,232,,1
185,228,,1
185,229,,1
185,232,,1
185,228,,1
185,229,,1
185,232,,1
185,228,,1
185,305,,1
185,305,,1
185,230,,1
185,310,,1
185,407,,1
185,202,,1
185,230,,1
185,426,,1
185,441,,1
185,318,,1
185,230,,1
185,448,,1
185,201,,1
185,230,,1
185,438,,1
185,441,,1
185,201,,1
185,230,,1
185,426,,1
185,438,,1
185,317,,1
185,230,,1
185,450,,1
185,337,,1
185,230,,1
185,340,,1
185,323,,1
185,230,,1
185,334,,1
185,338,,1
185,230,,1
185,341,,1
185,330,,1
185,329,,1
185,329,,1
185,330,,1
185,335,,1
185,334,,1
185,425,,1
185,416,,1
185,407,,1
185,407,,1
185,416,,1
185,226,,1
185,292,,1
185,227,,1
185,294,,1
185,227,,1
185,294,,1
185,226,,1
185,292,,1
185,226,,1
185,242,,1
185,227,,1
185,238,,1
185,227,,1
185,238,,1
185,226,,1
185,242,,1
185,407,,1
185,407,,1
185,416,,1
185,416,,1
185,207,,1
185,204,,1
185,310,,1
185,407,,1
185,260,,1
185,260,,1
185,207,,1
185,204,,1
185,230,,1
185,197,,1
185,230,,1
185,364,,1
185,204,,1
185,447,,1
185,204,,1
185,346,,1
185,346,,1
185,345,,1
185,425,,1
185,345,,1
185,344,,1
185,407,,1
185,344,,1
185,407,,1
185,345,,1
185,383,,1
185,382,,1
185,430,,1
185,186,,1
185,370,,1
185,410,,1
185,186,,1
185,232,,1
185,210,,1
185,185,,1
185,230,,1
185,210,,1
185,230,,1
185,209,,1
185,219,,1
185,200,,1
185,200,,1
185,201,,1
185,230,,1
185,407,,1
185,451,,1
185,451,,1
185,261,,1
185,261,,1
185,407,,1
185,301,,1
185,364,,1
185,364,,1
185,301,,1
185,207,,1
185,245,,1
185,204,,1
185,425,,1
185,187,,1
185,226,,1
185,227,,1
185,245,,1
185,386,,1
185,385,,1
185,430,,1
185,297,,1
185,381,,1
185,214,,1
185,392,,1
185,403,,1
185,215,,1
185,272,,1
185,407,,1
185,425,,1
185,370,,1
185,370,,1
185,259,,1
185,193,,1
185,218,,1
185,254,,1
185,251,,1
185,252,,1
185,254,,1
185,250,,1
185,253,,1
185,230,,1
185,230,,1
185,258,,1
185,294,,1
185,294,,1
185,258,,1
185,297,,1
185,391,,1
185,297,,1
185,391,,1
185,297,,1
185,391,,1
185,439,,1
185,442,,1
185,411,,1
185,438,,1
185,411,,1
185,438,,1
185,439,,1
185,442,,1
185,417,,1
185,380,,1
185,407,,1
185,407,,1
185,419,,1
185,425,,1
185,425,,1
185,419,,1
185,425,,1
185,407,,1
185,207,,1
185,204,,1
185,425,,1
185,207,,1
185,204,,1
185,407,,1
185,187,,1
185,187,,1
185,391,,1
185,391,,1
185,271,,1
185,209,,1
185,299,,1
185,209,,1
185,299,,1
185,271,,1
185,225,,1
185,232,,1
185,186,,1
185,362,,1
185,375,,1
185,219,,1
185,185,,1
185,230,,1
185,426,,1
185,219,,1
185,230,,1
185,426,,1
185,230,,1
185,426,,1
185,185,,1
185,219,,1
185,230,,1
185,426,,1
185,219,,1
185,219,,1
185,438,,1
185,201,,1
185,445,,1
185,311,,1
185,311,,1
185,311,,1
185,311,,1
185,372,,1
185,446,,1
185,358,,1
185,358,,1
185,220,,1
185,185,,1
185,230,,1
185,220,,1
185,230,,1
185,230,,1
185,185,,1
185,220,,1
185,230,,1
185,220,,1
185,189,,1
185,230,,1
185,203,,1
185,204,,1
185,212,,1
185,204,,1
185,212,,1
185,203,,1
185,237,,1
185,368,,1
185,333,,1
185,409,,1
185,237,,1
185,442,,1
185,333,,1
185,411,,1
185,237,,1
185,428,,1
185,333,,1
185,411,,1
185,230,,1
185,395,,1
185,306,,1
185,245,,1
185,246,,1
186,232,,1
186,424,,1
186,422,,1
186,370,,1
186,410,,1
186,232,,1
186,232,,1
186,380,,1
186,381,,1
186,225,,1
186,232,,1
186,362,,1
186,375,,1
186,233,,1
186,232,,1
187,230,,1
187,229,,1
187,228,,1
187,230,,1
187,228,,1
187,230,,1
187,229,,1
187,197,,1
187,301,,1
187,407,,1
187,301,,1
187,407,,1
187,197,,1
187,226,,1
187,227,,1
187,245,,1
188,360,,1
188,361,,1
188,426,,1
189,230,,1
190,226,,1
190,227,,1
190,296,,1
190,227,,1
190,296,,1
190,226,,1
190,285,,1
190,285,,1
191,292,,1
191,375,,1
191,292,,1
191,375,,1
192,204,,1
192,204,,1
192,381,,1
192,375,,1
192,426,,1
192,375,,1
192,426,,1
192,381,,1
192,219,,1
192,426,,1
192,211,,1
192,426,,1
192,390,,1
192,390,,1
192,211,,1
192,426,,1
192,219,,1
192,426,,1
192,219,,1
192,426,,1
192,223,,1
192,426,,1
192,391,,1
192,391,,1
192,223,,1
192,426,,1
193,259,,1
193,218,,1
194,216,,1
194,449,,1
194,216,,1
194,449,,1
194,216,,1
194,449,,1
194,195,,1
194,364,,1
194,364,,1
194,195,,1
195,197,,1
195,199,,1
195,425,,1
195,425,,1
195,197,,1
195,199,,1
195,364,,1
195,364,,1
196,197,,1
196,230,,1
196,197,,1
196,207,,1
196,204,,1
196,425,,1
196,204,,1
196,425,,1
196,197,,1
196,207,,1
197,230,,1
197,204,,1
197,408,,1
197,204,,1
197,408,,1
197,207,,1
197,204,,1
197,425,,1
197,204,,1
197,425,,1
197,207,,1
197,199,,1
197,425,,1
197,425,,1
197,199,,1
197,310,,1
197,260,,1
197,407,,1
197,260,,1
197,407,,1
197,310,,1
197,230,,1
197,364,,1
197,301,,1
197,407,,1
197,301,,1
197,407,,1
197,407,,1
197,407,,1
198,229,,1
198,228,,1
198,407,,1
198,228,,1
198,407,,1
198,229,,1
198,229,,1
198,210,,1
198,228,,1
198,210,,1
198,228,,1
198,229,,1
198,227,,1
198,210,,1
198,226,,1
198,210,,1
198,226,,1
198,227,,1
199,216,,1
199,310,,1
199,407,,1
199,407,,1
199,216,,1
199,310,,1
199,425,,1
199,425,,1
200,209,,1
200,219,,1
200,201,,1
200,230,,1
201,230,,1
201,438,,1
201,441,,1
201,230,,1
201,426,,1
201,438,,1
201,204,,1
201,407,,1
201,230,,1
201,266,,1
201,438,,1
201,294,,1
201,219,,1
201,438,,1
202,230,,1
202,426,,1
202,441,,1
203,221,,1
203,232,,1
203,425,,1
203,425,,1
203,221,,1
203,232,,1
203,204,,1
203,212,,1
203,204,,1
203,212,,1
204,211,,1
204,211,,1
204,207,,1
204,227,,1
204,226,,1
204,227,,1
204,230,,1
204,226,,1
204,226,,1
204,227,,1
204,230,,1
204,229,,1
204,230,,1
204,228,,1
204,228,,1
204,229,,1
204,230,,1
204,268,,1
204,268,,1
204,435,,1
204,435,,1
204,348,,1
204,407,,1
204,407,,1
204,348,,1
204,407,,1
204,440,,1
204,407,,1
204,440,,1
204,216,,1
204,206,,1
204,206,,1
204,216,,1
204,206,,1
204,226,,1
204,227,,1
204,227,,1
204,206,,1
204,226,,1
204,408,,1
204,408,,1
204,207,,1
204,425,,1
204,425,,1
204,207,,1
204,207,,1
204,315,,1
204,303,,1
204,426,,1
204,281,,1
204,222,,1
204,222,,1
204,281,,1
204,407,,1
204,407,,1
204,363,,1
204,407,,1
204,363,,1
204,407,,1
204,207,,1
204,310,,1
204,407,,1
204,207,,1
204,230,,1
204,407,,1
204,396,,1
204,230,,1
204,262,,1
204,230,,1
204,262,,1
204,396,,1
204,230,,1
204,207,,1
204,407,,1
204,207,,1
204,407,,1
204,230,,1
204,205,,1
204,205,,1
204,346,,1
204,207,,1
204,245,,1
204,425,,1
204,213,,1
204,213,,1
204,207,,1
204,425,,1
204,207,,1
204,407,,1
204,391,,1
204,223,,1
204,223,,1
204,391,,1
204,212,,1
204,212,,1
204,207,,1
204,244,,1
204,407,,1
205,229,,1
205,206,,1
205,228,,1
205,407,,1
205,206,,1
205,228,,1
205,407,,1
205,229,,1
206,216,,1
206,216,,1
206,226,,1
206,227,,1
206,227,,1
206,226,,1
206,229,,1
206,228,,1
206,407,,1
206,228,,1
206,407,,1
206,229,,1
207,227,,1
207,226,,1
207,425,,1
207,425,,1
207,315,,1
207,303,,1
207,426,,1
207,310,,1
207,407,,1
207,230,,1
207,230,,1
207,407,,1
207,407,,1
207,230,,1
207,245,,1
207,425,,1
207,425,,1
207,407,,1
207,244,,1
207,407,,1
208,230,,1
208,451,,1
208,230,,1
208,451,,1
209,219,,1
209,271,,1
209,299,,1
209,299,,1
209,271,,1
209,215,,1
209,215,,1
210,229,,1
210,228,,1
210,228,,1
210,229,,1
210,227,,1
210,226,,1
210,226,,1
210,227,,1
210,415,,1
210,415,,1
210,230,,1
211,426,,1
211,390,,1
211,390,,1
211,426,,1
214,364,,1
214,364,,1
214,226,,1
214,227,,1
214,408,,1
214,227,,1
214,408,,1
214,226,,1
214,297,,1
214,381,,1
214,297,,1
214,381,,1
215,272,,1
215,407,,1
215,425,,1
216,449,,1
216,449,,1
216,449,,1
216,310,,1
216,407,,1
216,407,,1
216,310,,1
217,227,,1
217,226,,1
217,226,,1
217,227,,1
217,229,,1
217,228,,1
217,228,,1
217,229,,1
217,231,,1
217,217,,1
217,231,,1
217,231,,1
217,231,,1
218,259,,1
219,268,,1
219,407,,1
219,407,,1
219,268,,1
219,375,,1
219,375,,1
219,221,,1
219,426,,1
219,297,,1
219,266,,1
219,413,,1
219,426,,1
219,426,,1
219,230,,1
219,426,,1
219,230,,1
219,426,,1
219,438,,1
220,415,,1
220,407,,1
220,407,,1
220,415,,1
220,292,,1
220,375,,1
220,230,,1
220,230,,1
220,292,,1
220,375,,1
221,232,,1
221,425,,1
221,425,,1
221,232,,1
222,281,,1
222,281,,1
223,391,,1
223,391,,1
223,426,,1
223,391,,1
223,391,,1
223,426,,1
224,273,,1
224,432,,1
225,232,,1
225,362,,1
225,375,,1
226,227,,1
226,227,,1
226,227,,1
226,227,,1
226,227,,1
226,227,,1
226,227,,1
226,227,,1
226,227,,1
226,227,,1
226,227,,1
226,412,,1
226,227,,1
226,412,,1
226,227,,1
226,227,,1
226,227,,1
226,296,,1
226,227,,1
226,296,,1
226,227,,1
226,227,,1
226,227,,1
226,227,,1
226,227,,1
226,227,,1
226,230,,1
226,227,,1
226,230,,1
226,227,,1
226,227,,1
226,435,,1
226,227,,1
226,434,,1
226,227,,1
226,434,,1
226,435,,1
226,227,,1
226,227,,1
226,227,,1
226,408,,1
226,227,,1
226,408,,1
226,388,,1
226,227,,1
226,227,,1
226,227,,1
226,227,,1
226,227,,1
226,227,,1
226,227,,1
226,420,,1
226,227,,1
226,281,,1
226,227,,1
226,281,,1
226,420,,1
226,227,,1
226,227,,1
226,227,,1
226,227,,1
226,292,,1
226,227,,1
226,294,,1
226,227,,1
226,294,,1
226,292,,1
226,356,,1
226,227,,1
226,292,,1
226,227,,1
226,292,,1
226,356,,1
226,242,,1
226,227,,1
226,238,,1
226,227,,1
226,238,,1
226,242,,1
226,380,,1
226,227,,1
226,381,,1
226,227,,1
226,381,,1
226,380,,1
226,227,,1
226,227,,1
226,407,,1
226,227,,1
226,227,,1
226,407,,1
226,284,,1
226,227,,1
226,373,,1
226,227,,1
226,373,,1
226,284,,1
226,227,,1
226,284,,1
226,373,,1
226,227,,1
226,405,,1
226,227,,1
226,405,,1
226,227,,1
226,227,,1
226,227,,1
226,245,,1
226,227,,1
226,227,,1
226,227,,1
226,227,,1
226,227,,1
226,227,,1
226,227,,1
226,227,,1
226,421,,1
226,227,,1
226,421,,1
227,412,,1
227,412,,1
227,296,,1
227,296,,1
227,230,,1
227,230,,1
227,435,,1
227,434,,1
227,434,,1
227,435,,1
227,408,,1
227,408,,1
227,388,,1
227,420,,1
227,281,,1
227,281,,1
227,420,,1
227,292,,1
227,294,,1
227,294,,1
227,292,,1
227,356,,1
227,292,,1
227,292,,1
227,356,,1
227,242,,1
227,238,,1
227,238,,1
227,242,,1
227,380,,1
227,381,,1
227,381,,1
227,380,,1
227,407,,1
227,407,,1
227,284,,1
227,373,,1
227,373,,1
227,284,,1
227,284,,1
227,373,,1
227,405,,1
227,405,,1
227,245,,1
227,421,,1
227,421,,1
228,229,,1
228,229,,1
228,229,,1
228,230,,1
228,229,,1
228,230,,1
228,229,,1
228,229,,1
228,435,,1
228,229,,1
228,434,,1
228,229,,1
228,434,,1
228,435,,1
228,292,,1
228,229,,1
228,294,,1
228,229,,1
228,229,,1
228,229,,1
228,229,,1
228,229,,1
228,229,,1
228,229,,1
228,407,,1
228,407,,1
228,229,,1
228,229,,1
228,229,,1
228,229,,1
228,232,,1
228,229,,1
228,232,,1
228,229,,1
228,232,,1
228,229,,1
228,229,,1
228,431,,1
228,431,,1
228,229,,1
228,229,,1
228,229,,1
228,229,,1
228,229,,1
228,229,,1
228,284,,1
228,229,,1
228,373,,1
228,229,,1
228,373,,1
228,284,,1
228,229,,1
228,407,,1
228,407,,1
228,229,,1
228,229,,1
228,230,,1
228,230,,1
228,229,,1
228,229,,1
228,229,,1
228,229,,1
228,229,,1
228,388,,1
228,229,,1
228,229,,1
228,229,,1
228,229,,1
228,229,,1
228,444,,1
228,229,,1
228,444,,1
228,229,,1
228,448,,1
228,229,,1
228,448,,1
229,230,,1
229,230,,1
229,435,,1
229,434,,1
229,434,,1
229,435,,1
229,292,,1
229,294,,1
229,407,,1
229,407,,1
229,232,,1
229,232,,1
229,232,,1
229,431,,1
229,431,,1
229,284,,1
229,373,,1
229,373,,1
229,284,,1
229,407,,1
229,407,,1
229,230,,1
229,230,,1
229,388,,1
229,444,,1
229,444,,1
229,448,,1
229,448,,1
230,299,,1
230,386,,1
230,386,,1
230,299,,1
230,293,,1
230,294,,1
230,315,,1
230,303,,1
230,426,,1
230,310,,1
230,407,,1
230,426,,1
230,441,,1
230,318,,1
230,448,,1
230,438,,1
230,441,,1
230,426,,1
230,438,,1
230,317,,1
230,450,,1
230,337,,1
230,340,,1
230,323,,1
230,334,,1
230,338,,1
230,341,,1
230,364,,1
230,396,,1
230,262,,1
230,262,,1
230,396,,1
230,407,,1
230,407,,1
230,274,,1
230,343,,1
230,343,,1
230,274,,1
230,451,,1
230,451,,1
230,426,,1
230,426,,1
230,244,,1
230,407,,1
230,407,,1
230,244,,1
231,231,,1
231,231,,1
232,384,,1
232,384,,1
232,281,,1
232,384,,1
232,384,,1
232,281,,1
232,304,,1
232,399,,1
232,424,,1
232,422,,1
232,380,,1
232,381,,1
232,362,,1
232,375,,1
232,233,,1
232,425,,1
232,425,,1
234,236,,1
234,236,,1
234,235,,1
235,443,,1
237,239,,1
237,256,,1
237,248,,1
237,244,,1
237,242,,1
237,425,,1
237,242,,1
237,425,,1
237,244,,1
237,242,,1
237,377,,1
237,378,,1
237,242,,1
237,242,,1
237,368,,1
237,333,,1
237,409,,1
237,442,,1
237,333,,1
237,411,,1
237,428,,1
237,333,,1
237,411,,1
237,244,,1
237,244,,1
237,243,,1
237,243,,1
238,241,,1
238,241,,1
238,242,,1
238,242,,1
239,354,,1
239,243,,1
239,256,,1
239,256,,1
239,248,,1
240,242,,1
240,242,,1
240,242,,1
240,242,,1
242,244,,1
242,425,,1
242,425,,1
242,244,,1
242,244,,1
242,425,,1
242,377,,1
242,378,,1
242,425,,1
242,244,,1
243,354,,1
243,256,,1
243,406,,1
243,450,,1
244,425,,1
244,425,,1
244,425,,1
244,425,,1
244,407,,1
244,407,,1
244,407,,1
245,425,,1
245,306,,1
245,246,,1
246,306,,1
247,375,,1
247,407,,1
247,407,,1
247,375,,1
248,256,,1
249,303,,1
249,425,,1
250,254,,1
250,253,,1
251,254,,1
251,252,,1
252,254,,1
253,254,,1
255,313,,1
255,312,,1
256,354,,1
257,258,,1
258,294,,1
258,294,,1
260,310,,1
260,407,,1
260,407,,1
260,310,,1
262,396,,1
262,396,,1
263,413,,1
263,433,,1
264,414,,1
265,416,,1
265,407,,1
265,315,,1
265,407,,1
266,297,,1
266,438,,1
266,294,,1
268,407,,1
268,407,,1
269,390,,1
269,394,,1
269,390,,1
269,394,,1
269,342,,1
270,394,,1
270,426,,1
270,394,,1
270,426,,1
270,297,,1
270,342,,1
270,297,,1
270,342,,1
271,272,,1
271,272,,1
271,272,,1
271,299,,1
271,299,,1
272,407,,1
272,425,,1
273,432,,1
273,432,,1
274,343,,1
274,343,,1
275,391,,1
275,394,,1
275,391,,1
275,394,,1
275,342,,1
275,387,,1
276,342,,1
276,436,,1
276,394,,1
277,425,,1
278,316,,1
278,316,,1
278,388,,1
278,388,,1
279,288,,1
279,288,,1
279,297,,1
279,297,,1
280,348,,1
280,425,,1
281,384,,1
281,384,,1
281,420,,1
281,420,,1
282,283,,1
282,407,,1
283,407,,1
284,307,,1
284,374,,1
284,374,,1
284,372,,1
284,425,,1
284,372,,1
284,372,,1
284,373,,1
284,373,,1
284,373,,1
284,373,,1
284,373,,1
284,373,,1
284,373,,1
285,308,,1
285,308,,1
285,369,,1
286,336,,1
286,336,,1
287,393,,1
287,393,,1
289,413,,1
289,413,,1
290,400,,1
290,400,,1
291,401,,1
291,401,,1
292,294,,1
292,375,,1
292,375,,1
292,294,,1
292,294,,1
292,356,,1
292,356,,1
292,375,,1
292,375,,1
293,294,,1
294,297,,1
294,425,,1
294,297,,1
294,425,,1
294,297,,1
294,407,,1
294,297,,1
294,407,,1
294,438,,1
295,364,,1
295,364,,1
296,297,,1
296,297,,1
296,297,,1
296,297,,1
297,393,,1
297,393,,1
297,400,,1
297,400,,1
297,336,,1
297,336,,1
297,401,,1
297,401,,1
297,308,,1
297,308,,1
297,425,,1
297,425,,1
297,408,,1
297,316,,1
297,381,,1
297,407,,1
297,407,,1
297,421,,1
297,421,,1
297,381,,1
297,391,,1
297,391,,1
297,391,,1
297,342,,1
297,342,,1
298,299,,1
298,407,,1
298,299,,1
298,407,,1
298,299,,1
298,430,,1
298,299,,1
298,407,,1
298,299,,1
298,407,,1
298,425,,1
298,425,,1
299,386,,1
299,386,,1
299,407,,1
299,407,,1
299,430,,1
299,407,,1
299,407,,1
300,442,,1
300,411,,1
300,439,,1
300,411,,1
300,439,,1
300,442,,1
301,364,,1
301,364,,1
301,407,,1
301,407,,1
302,437,,1
302,425,,1
302,425,,1
302,437,,1
303,315,,1
303,426,,1
303,425,,1
303,315,,1
303,426,,1
304,399,,1
305,305,,1
305,305,,1
305,421,,1
305,398,,1
305,407,,1
305,398,,1
305,407,,1
305,421,,1
305,426,,1
305,407,,1
305,408,,1
305,407,,1
305,408,,1
305,426,,1
307,374,,1
309,407,,1
310,407,,1
310,407,,1
310,407,,1
310,407,,1
310,407,,1
310,407,,1
311,445,,1
311,372,,1
312,313,,1
313,314,,1
313,437,,1
314,437,,1
315,426,,1
315,426,,1
315,420,,1
315,420,,1
315,426,,1
315,426,,1
315,407,,1
316,408,,1
317,450,,1
318,448,,1
319,321,,1
319,321,,1
319,320,,1
319,320,,1
322,428,,1
322,411,,1
322,324,,1
322,324,,1
322,323,,1
322,322,,1
323,334,,1
325,327,,1
325,327,,1
325,326,,1
325,326,,1
328,332,,1
328,332,,1
328,331,,1
328,331,,1
329,330,,1
329,330,,1
331,443,,1
331,334,,1
331,334,,1
333,335,,1
333,335,,1
333,334,,1
333,368,,1
333,409,,1
333,442,,1
333,411,,1
333,428,,1
333,411,,1
334,341,,1
334,335,,1
334,425,,1
335,425,,1
337,340,,1
338,341,,1
339,407,,1
339,382,,1
339,382,,1
339,407,,1
341,448,,1
341,407,,1
341,407,,1
341,448,,1
342,436,,1
342,387,,1
344,345,,1
344,407,,1
344,407,,1
344,345,,1
344,347,,1
344,379,,1
344,347,,1
344,379,,1
345,346,,1
345,425,,1
345,407,,1
345,407,,1
346,425,,1
347,379,,1
347,379,,1
348,407,,1
348,407,,1
348,425,,1
350,389,,1
350,365,,1
350,425,,1
350,365,,1
350,425,,1
350,389,,1
351,354,,1
351,352,,1
351,355,,1
351,353,,1
351,353,,1
351,353,,1
351,353,,1
351,353,,1
351,352,,1
351,352,,1
352,355,,1
357,425,,1
358,446,,1
359,407,,1
359,427,,1
359,427,,1
359,407,,1
360,361,,1
360,426,,1
360,361,,1
360,426,,1
361,426,,1
361,426,,1
362,375,,1
363,407,,1
363,407,,1
364,434,,1
365,389,,1
365,425,,1
365,425,,1
365,389,,1
366,389,,1
366,402,,1
366,402,,1
366,389,,1
367,369,,1
367,407,,1
368,409,,1
369,407,,1
370,375,,1
370,407,,1
370,410,,1
371,397,,1
371,397,,1
372,374,,1
372,372,,1
375,381,,1
375,426,,1
375,426,,1
375,381,,1
375,407,,1
375,407,,1
375,407,,1
376,378,,1
377,378,,1
380,381,,1
380,381,,1
380,417,,1
380,407,,1
380,381,,1
381,426,,1
381,426,,1
381,388,,1
381,434,,1
381,434,,1
381,388,,1
381,426,,1
381,426,,1
382,407,,1
382,407,,1
382,383,,1
382,430,,1
382,383,,1
382,407,,1
382,383,,1
382,407,,1
382,425,,1
382,425,,1
383,430,,1
383,407,,1
383,407,,1
385,386,,1
385,407,,1
385,386,,1
385,407,,1
385,386,,1
385,430,,1
386,407,,1
386,407,,1
386,430,,1
387,395,,1
388,434,,1
388,434,,1
389,407,,1
389,407,,1
389,425,,1
389,425,,1
389,402,,1
389,402,,1
390,426,,1
390,426,,1
390,394,,1
390,394,,1
391,426,,1
391,426,,1
391,394,,1
391,394,,1
392,403,,1
394,426,,1
394,426,,1
396,396,,1
398,421,,1
398,407,,1
398,407,,1
398,421,,1
405,406,,1
405,425,,1
405,406,,1
405,425,,1
406,425,,1
406,425,,1
407,436,,1
407,434,,1
407,440,,1
407,440,,1
407,415,,1
407,415,,1
407,450,,1
407,448,,1
407,416,,1
407,416,,1
407,416,,1
407,427,,1
407,427,,1
407,421,,1
407,421,,1
407,425,,1
407,417,,1
407,425,,1
407,426,,1
407,408,,1
407,408,,1
407,426,,1
407,443,,1
407,444,,1
407,444,,1
407,443,,1
407,448,,1
407,448,,1
408,426,,1
408,426,,1
411,428,,1
411,442,,1
411,439,,1
411,439,,1
411,442,,1
411,439,,1
411,442,,1
411,438,,1
411,438,,1
411,439,,1
411,442,,1
411,442,,1
411,428,,1
412,413,,1
412,425,,1
412,413,,1
412,425,,1
413,425,,1
413,425,,1
413,433,,1
416,426,,1
416,426,,1
419,425,,1
419,425,,1
422,424,,1
423,424,,1
423,424,,1
425,437,,1
425,437,,1
426,441,,1
426,438,,1
434,435,,1
434,435,,1
434,435,,1
434,435,,1
434,436,,1
438,441,,1
438,439,,1
438,442,,1
438,439,,1
438,442,,1
439,442,,1
439,442,,1
439,442,,1
439,442,,1
443,444,,1
443,444,,1
448,450,,1
452,452,,1
