# index, id, female, _pos
0,0,0,"array([ 0.06259288, -1.12057376])"
1,1,0,"array([-0.23531045, -1.02688029])"
2,2,0,"array([ 0.21942824, -0.94986472])"
3,3,0,"array([-0.05695344, -1.17929604])"
4,4,0,"array([ 0.14004413, -1.20806334])"
5,5,0,"array([ 0.02035283, -1.12074634])"
6,6,0,"array([ 0.00349102, -1.33865734])"
7,7,0,"array([ 0.30722881, -1.18348592])"
8,8,0,"array([ 0.19557548, -0.83639571])"
9,9,0,"array([-0.21302237, -1.32203833])"
10,10,0,"array([-0.13395088, -1.20847427])"
11,11,0,"array([-0.18503104, -1.09860382])"
12,12,0,"array([ 0.13082875, -1.29961826])"
13,13,0,"array([-0.02115727, -1.19239966])"
14,15,0,"array([ 0.129399  , -1.23658869])"
15,16,0,"array([ 0.03515669, -0.96559272])"
16,17,0,"array([-0.04815531, -1.00767133])"
17,18,0,"array([-0.07730593, -1.39102061])"
18,19,0,"array([-0.10334913, -1.09110864])"
19,22,0,"array([-0.03299781, -0.91943552])"
20,23,0,"array([-0.09623686, -1.22337541])"
21,25,0,"array([ 0.17353559, -1.37486971])"
22,26,0,"array([ 0.27747815, -1.30336273])"
23,27,0,"array([ 0.0551062 , -1.39931837])"
24,28,0,"array([-0.11480822, -1.31797206])"
25,29,0,"array([ 0.0506119, -1.2755905])"
26,30,0,"array([ 0.18226125, -1.24200122])"
27,31,0,"array([ 0.19820238, -1.24786991])"
28,32,0,"array([ 0.43151007, -1.27374756])"
29,33,0,"array([-0.00779393, -1.30409522])"
30,34,0,"array([ 0.11413363, -0.86441001])"
31,35,0,"array([-0.06101631, -0.83886922])"
32,36,0,"array([ 0.10942893, -1.26448709])"
33,37,0,"array([ 0.07963547, -1.16942543])"
34,38,0,"array([ 0.01773561, -1.0418537 ])"
35,39,0,"array([ 0.09134019, -1.21007827])"
36,41,0,"array([ 0.05084466, -1.43011845])"
37,42,0,"array([-0.06247176, -1.09099956])"
38,43,0,"array([-0.12017253, -1.01577907])"
39,44,0,"array([-0.14410972, -1.36196892])"
40,45,0,"array([-0.25740183, -0.80572856])"
41,46,0,"array([ 0.07784852, -1.21626914])"
42,47,0,"array([ 0.09043718, -1.01626932])"
43,48,0,"array([ 0.00696779, -1.25900242])"
44,49,0,"array([ 0.05896924, -1.15140145])"
45,50,0,"array([ 0.04967342, -0.91114959])"
46,51,0,"array([-0.08869367, -1.10432786])"
47,52,0,"array([-0.02925594, -1.18260619])"
48,53,0,"array([ 0.32607906, -0.98543411])"
49,54,0,"array([-0.06353246, -1.16467662])"
50,55,0,"array([-0.01461451, -1.35310818])"
51,56,0,"array([ 0.14233971, -1.37538946])"
52,57,0,"array([ 0.13999149, -0.94129208])"
53,58,0,"array([ 0.13314503, -1.19352969])"
54,59,0,"array([-0.11448374, -1.23679958])"
55,60,0,"array([ 0.04359147, -1.18342917])"
56,61,0,"array([ 0.37206021, -1.24457738])"
57,62,0,"array([ 0.20057827, -0.87060664])"
58,63,0,"array([-0.175253  , -1.14477538])"
59,64,0,"array([-0.01636307, -1.07722712])"
60,65,0,"array([ 0.14646739, -1.10907108])"
61,66,0,"array([ 0.08697767, -1.1972568 ])"
62,67,0,"array([ 0.24664613, -1.22662584])"
63,68,0,"array([-0.08463272, -1.06491395])"
64,69,0,"array([ 0.02945082, -1.20808118])"
65,71,0,"array([-0.14229967, -1.05913508])"
66,72,0,"array([-0.06030682, -1.30376065])"
67,73,0,"array([-0.12272124, -1.19223068])"
68,74,0,"array([ 0.05053182, -1.12818434])"
69,75,0,"array([ 0.05628615, -1.23014123])"
70,76,0,"array([ 0.02782661, -1.24846255])"
71,77,0,"array([ 0.37095533, -1.38592799])"
72,78,0,"array([-0.10188064, -1.29942385])"
73,79,0,"array([ 0.15076658, -1.26017073])"
74,80,0,"array([ 0.0827302 , -1.10024675])"
75,81,0,"array([-0.04264028, -1.15070022])"
76,82,0,"array([-0.06054675, -0.88130509])"
77,83,0,"array([ 0.07475493, -1.28630412])"
78,84,0,"array([-0.07460035, -1.01694769])"
79,85,0,"array([ 0.11843641, -1.24419475])"
80,86,0,"array([-0.15353453, -1.1865251 ])"
81,87,0,"array([ 0.14200736, -1.17894285])"
82,88,0,"array([-0.01171169, -1.33570722])"
83,90,0,"array([-0.01906168, -1.12742329])"
84,91,0,"array([-0.06678192, -0.9969611 ])"
85,93,0,"array([ 0.13016334, -1.41291066])"
86,94,0,"array([ 0.11246114, -1.33650112])"
87,95,0,"array([ 0.13800809, -1.03546764])"
88,96,0,"array([ 0.07289771, -1.20335267])"
89,97,0,"array([ 0.04753763, -1.09497089])"
90,98,0,"array([-0.47473435, -1.26865438])"
91,99,0,"array([-0.04591309, -1.26460688])"
92,100,0,"array([ 0.11704105, -1.22572995])"
93,102,0,"array([ 0.02235147, -0.91041799])"
94,103,0,"array([ 0.40543542, -0.89293246])"
95,104,0,"array([ 0.01890692, -1.13903714])"
96,105,0,"array([ 0.24867975, -1.15408576])"
97,106,0,"array([ 0.06949358, -1.08709791])"
98,107,0,"array([-0.01974708, -1.097556  ])"
99,108,0,"array([-0.04775746, -1.22799035])"
100,109,0,"array([ 0.0651297 , -1.33153594])"
101,110,0,"array([ 0.21764861, -1.45612947])"
102,111,0,"array([ 0.08585424, -1.1442959 ])"
103,112,0,"array([-0.08970376, -1.26923766])"
104,113,0,"array([-0.18863495, -1.1963132 ])"
105,114,0,"array([ 0.19752762, -1.41083659])"
106,115,0,"array([-0.09132151, -1.17678765])"
107,116,0,"array([ 0.02189871, -0.8755152 ])"
108,117,0,"array([ 0.20537543, -1.29365782])"
109,118,0,"array([ 0.1751518 , -1.25751569])"
110,119,0,"array([ 0.21770318, -1.25452718])"
111,120,0,"array([-0.36723957, -1.24386782])"
112,121,0,"array([ 0.07580075, -1.053383  ])"
113,122,0,"array([ 0.11840638, -1.12568263])"
114,123,0,"array([ 0.1119485 , -1.05257465])"
115,125,0,"array([ 0.14755952, -1.60654358])"
116,126,0,"array([-0.21562001, -1.12175052])"
117,127,0,"array([ 0.10556885, -1.47579193])"
118,128,0,"array([ 0.00793318, -1.27311122])"
119,129,0,"array([ 0.08709095, -1.50165137])"
120,130,0,"array([ 0.07785255, -1.38960909])"
121,131,0,"array([ 0.00823268, -1.12832402])"
122,132,0,"array([ 0.181734  , -1.05795851])"
123,133,0,"array([ 0.07582404, -1.2415418 ])"
124,134,0,"array([-0.17146914, -1.41448657])"
125,135,0,"array([ 0.08907667, -1.24234661])"
126,136,0,"array([-0.10318018, -1.27708234])"
127,137,0,"array([ 0.09016476, -1.32511982])"
128,138,0,"array([ 0.23285139, -1.00612375])"
129,139,0,"array([ 0.07600001, -1.25708568])"
130,140,0,"array([ 0.19631409, -1.0726823 ])"
131,141,0,"array([ 0.07395963, -1.11029535])"
132,142,0,"array([ 0.0015175 , -1.05136586])"
133,143,0,"array([ 0.09859837, -1.43584825])"
134,144,0,"array([ 0.06016783, -1.21418524])"
135,145,0,"array([-0.03113809, -1.48820891])"
136,146,0,"array([-0.0733672 , -1.19029167])"
137,147,0,"array([ 0.41094077, -1.27430969])"
138,148,0,"array([ 0.05604066, -1.31025517])"
139,150,0,"array([ 0.07256488, -0.8050334 ])"
140,151,0,"array([-0.02712583, -1.14998716])"
141,152,0,"array([ 0.14802929, -1.29742294])"
142,153,0,"array([-0.17382968, -1.18125897])"
143,154,0,"array([ 0.11253264, -1.35202482])"
144,155,0,"array([-0.02777257, -1.36482741])"
145,156,0,"array([ 0.29379898, -0.98902362])"
146,157,0,"array([ 0.35898613, -1.28202046])"
147,158,0,"array([ 6.32610352e-04, -1.35294263e+00])"
148,160,0,"array([-0.00520659, -0.78839998])"
149,161,0,"array([ 0.02515508, -1.00832551])"
150,162,0,"array([ 0.0481047 , -1.29197098])"
151,163,0,"array([ 0.16683858, -0.96458471])"
152,164,0,"array([ 0.07005789, -0.92177848])"
153,165,0,"array([ 0.0964405 , -1.40990814])"
154,166,0,"array([-0.01850357, -1.26090337])"
155,167,0,"array([-0.11969288, -1.36602189])"
156,168,0,"array([-0.18336423, -1.26643886])"
157,169,0,"array([ 0.1289349, -1.0868209])"
158,171,0,"array([ 0.07456419, -1.15492309])"
159,172,0,"array([ 0.30488397, -1.13977915])"
160,173,0,"array([ 0.0365858 , -1.12085961])"
161,174,0,"array([ 0.19385597, -1.35366825])"
162,175,0,"array([ 0.16764841, -1.21028037])"
163,176,0,"array([ 0.01221898, -1.20102845])"
164,177,0,"array([ 0.13571386, -1.25109618])"
165,178,0,"array([-0.00543666, -1.39528155])"
166,179,0,"array([ 0.18184295, -1.2026807 ])"
167,180,0,"array([ 0.01557622, -1.35082335])"
168,181,0,"array([ 0.09998963, -1.36617127])"
169,182,0,"array([-0.00483777, -1.12445286])"
170,183,0,"array([-0.05672924, -1.12049617])"
171,184,0,"array([ 0.22778436, -0.8477317 ])"
172,185,0,"array([-0.10427298, -1.03455483])"
173,186,0,"array([ 0.08634196, -1.17951262])"
174,187,0,"array([ 0.31981567, -1.07099153])"
175,188,0,"array([ 0.26005631, -1.02945719])"
176,189,0,"array([ 0.04771021, -1.0654716 ])"
177,190,0,"array([ 0.04236415, -1.21061087])"
178,191,0,"array([-0.12340723, -1.08198778])"
179,192,0,"array([ 0.13524877, -1.26862879])"
180,193,0,"array([ 0.06514955, -1.13756706])"
181,194,0,"array([-0.11360214, -1.21510777])"
182,195,0,"array([ 0.16277786, -1.2424402 ])"
183,196,0,"array([-0.00512233, -1.41942141])"
184,198,0,"array([ 0.10653271, -1.21727448])"
185,199,0,"array([-0.17788217, -1.009981  ])"
186,200,0,"array([-0.03141882, -1.29354182])"
187,201,0,"array([ 0.12472939, -1.17776046])"
188,202,0,"array([ 0.15753742, -0.9878741 ])"
189,203,0,"array([ 0.21933854, -1.39230787])"
190,204,0,"array([-0.09077265, -0.98446839])"
191,205,0,"array([ 0.21388415, -1.16824243])"
192,206,0,"array([-0.21128876, -1.19006208])"
193,207,0,"array([-0.0422452 , -1.31939386])"
194,208,0,"array([ 0.04199957, -1.15678736])"
195,209,0,"array([ 0.22108535, -0.97157326])"
196,210,0,"array([-0.1124001 , -1.05462119])"
197,211,0,"array([ 0.00207739, -1.28524032])"
198,212,0,"array([-0.06300074, -1.05729887])"
199,213,0,"array([ 0.07113625, -1.40562648])"
200,214,0,"array([-0.06817915, -0.94622753])"
201,215,0,"array([-0.15918417, -1.23058525])"
202,216,0,"array([ 0.15783624, -1.12231705])"
203,217,0,"array([ 0.04581976, -1.14609413])"
204,218,0,"array([ 0.33883186, -1.25161747])"
205,219,0,"array([-0.02888361, -1.16435671])"
206,220,0,"array([-0.03626902, -1.35077673])"
207,221,0,"array([ 0.096765  , -1.17455137])"
208,222,0,"array([-0.07297911, -1.03513807])"
209,223,0,"array([-0.14527339, -0.97416547])"
210,224,0,"array([ 0.29411032, -1.05658313])"
211,225,0,"array([ 0.22590408, -1.35523064])"
212,226,0,"array([-0.09541649, -1.24133674])"
213,227,0,"array([ 0.19570481, -1.38149341])"
214,228,0,"array([-0.02390351, -1.34163351])"
215,229,0,"array([ 0.16291448, -1.15887015])"
216,230,0,"array([-0.17808948, -1.30461605])"
217,231,0,"array([ 0.24392215, -0.96530831])"
218,232,0,"array([-0.21562504, -0.82952696])"
219,233,0,"array([ 0.17598864, -1.13179199])"
220,234,0,"array([ 0.26875652, -1.17104546])"
221,235,0,"array([ 0.05421708, -1.3593075 ])"
222,236,0,"array([-0.00586569, -1.09178215])"
223,237,0,"array([-0.0578902 , -1.27710343])"
224,238,0,"array([ 0.02295275, -1.26144925])"
225,239,0,"array([-0.06925692, -1.13240731])"
226,240,0,"array([ 0.15218882, -1.2174313 ])"
227,241,0,"array([ 0.06808105, -1.44340937])"
228,242,0,"array([ 0.1466956 , -1.16295851])"
229,243,0,"array([ 0.1937713 , -0.95011779])"
230,244,0,"array([ 0.14003397, -1.39655216])"
231,245,0,"array([ 0.2515051 , -1.04620187])"
232,246,0,"array([ 0.25278643, -1.07301277])"
233,247,0,"array([-0.14265376, -0.93707389])"
234,248,0,"array([ 0.13020954, -1.1598096 ])"
235,249,0,"array([ 0.15200687, -1.19561071])"
236,250,0,"array([-0.31707815, -1.06322946])"
237,251,0,"array([ 0.26393174, -1.4499441 ])"
238,252,0,"array([-0.00965534, -0.87380548])"
239,253,0,"array([ 0.39858277, -1.08240663])"
240,254,0,"array([ 0.01609559, -1.36517676])"
241,255,0,"array([ 0.38388605, -1.17029836])"
242,256,0,"array([ 0.16409313, -1.22731192])"
243,257,0,"array([ 0.15211578, -1.36227688])"
244,258,0,"array([-0.00185204, -1.13935199])"
245,259,0,"array([-0.13749821, -1.29613061])"
246,260,0,"array([-0.14741494, -1.14144006])"
247,261,0,"array([ 0.03489393, -1.03379338])"
248,262,0,"array([ 0.02875219, -1.05971076])"
249,263,0,"array([ 0.00958028, -1.15603878])"
250,264,0,"array([ 0.34227943, -0.86293647])"
251,265,0,"array([ 0.23410507, -1.11342017])"
252,266,0,"array([ 0.0932362, -1.2696213])"
253,267,0,"array([ 0.00480637, -1.11117787])"
254,268,0,"array([ 0.06970179, -1.17780064])"
255,269,0,"array([-0.05382551, -1.13780232])"
256,270,0,"array([ 0.24460162, -1.26615024])"
257,272,0,"array([ 0.08014932, -1.31774454])"
258,273,0,"array([ 0.21110098, -1.09497525])"
259,274,0,"array([ 0.30199231, -1.27259091])"
260,275,0,"array([ 0.08661041, -1.081641  ])"
261,276,0,"array([ 0.06765675, -1.22868229])"
262,277,0,"array([ 0.11611306, -1.07032581])"
263,279,0,"array([ 0.25548507, -1.13284276])"
264,280,0,"array([-0.01615361, -1.16081862])"
265,281,0,"array([ 0.27987686, -1.1552589 ])"
266,282,0,"array([ 0.18196114, -1.39899416])"
267,283,0,"array([-0.05927573, -1.24006564])"
268,284,0,"array([ 0.10864914, -1.30837701])"
269,285,0,"array([ 0.02118901, -1.07735305])"
270,286,0,"array([-0.04861043, -1.07343152])"
271,287,0,"array([ 0.16099466, -1.40159333])"
272,288,0,"array([ 0.03495154, -1.13552286])"
273,289,0,"array([ 0.18300071, -1.49162541])"
274,290,0,"array([-0.09740503, -1.34974298])"
275,291,0,"array([-0.03070898, -1.25715979])"
276,292,0,"array([ 0.03869862, -0.84556037])"
277,293,0,"array([ 0.23169184, -1.0249932 ])"
278,294,0,"array([-0.03750131, -1.19638931])"
279,295,0,"array([-0.08783304, -1.28579329])"
280,296,0,"array([-0.01948135, -1.27387129])"
281,297,0,"array([-0.07830867, -1.23527503])"
282,298,0,"array([-0.19629181, -0.90825573])"
283,299,0,"array([ 0.03025154, -1.15206065])"
284,300,0,"array([ 0.02228015, -1.16376004])"
285,301,0,"array([ 0.05892565, -1.18550463])"
286,302,0,"array([ 0.05520666, -0.95518683])"
287,303,0,"array([-0.21116845, -1.08368644])"
288,304,0,"array([ 0.12307822, -0.95964884])"
289,305,0,"array([ 0.29527156, -1.2182017 ])"
290,306,0,"array([ 0.04443878, -1.33787597])"
291,307,0,"array([-0.11998387, -1.34487057])"
292,308,0,"array([ 0.18176314, -1.29920223])"
293,309,0,"array([ 0.21056215, -1.02442418])"
294,310,0,"array([ 0.17327744, -1.07842371])"
295,311,0,"array([ 0.1539566 , -1.31739588])"
296,312,0,"array([ 0.02423684, -1.42829879])"
297,313,0,"array([ 0.22058324, -1.33025336])"
298,314,0,"array([-0.27512402, -1.17999574])"
299,315,0,"array([ 0.0399382 , -1.35214473])"
300,316,0,"array([ 0.29020053, -1.10913477])"
301,317,0,"array([-0.08936466, -1.20752857])"
302,318,0,"array([-0.20461142, -0.976469  ])"
303,320,0,"array([ 0.19656325, -1.22443681])"
304,323,0,"array([ 0.07897629, -1.3029392 ])"
305,324,0,"array([-0.00911895, -1.21644571])"
306,325,0,"array([ 0.13243477, -0.91748085])"
307,326,0,"array([ 0.19128384, -1.33107389])"
308,327,0,"array([ 0.19147933, -1.0929222 ])"
309,328,0,"array([ 0.06283556, -0.98037992])"
310,329,0,"array([-0.13008535, -1.39641027])"
311,330,0,"array([ 0.02889496, -1.40340058])"
312,331,0,"array([ 0.17081426, -1.42127899])"
313,332,0,"array([ 0.13448448, -0.9971286 ])"
314,333,0,"array([ 0.03013867, -1.0919944 ])"
315,334,0,"array([-0.08673009, -1.333859  ])"
316,335,0,"array([ 0.16211432, -1.04483939])"
317,336,0,"array([-0.03779964, -1.27836348])"
318,337,0,"array([ 0.34736998, -1.08797113])"
319,338,0,"array([ 0.08916672, -1.28765665])"
320,339,0,"array([-0.06507342, -1.37399972])"
321,340,0,"array([ 0.19136019, -1.04178748])"
322,341,0,"array([ 0.217517  , -1.21141765])"
323,342,0,"array([ 0.05477061, -1.256981  ])"
324,343,0,"array([ 0.02046907, -0.94798175])"
325,344,0,"array([ 0.18148412, -1.22265159])"
326,345,0,"array([-0.1375933 , -1.10492163])"
327,346,0,"array([ 0.21171144, -1.31058118])"
328,347,0,"array([ 0.10968934, -0.93999162])"
329,348,0,"array([ 0.10620938, -1.25026593])"
330,349,0,"array([-0.11970421, -1.28848218])"
331,350,0,"array([ 0.01710207, -1.33647872])"
332,351,0,"array([-0.05803539, -1.25821975])"
333,352,0,"array([-0.06743468, -1.24939863])"
334,353,0,"array([ 0.12473502, -1.25946191])"
335,354,0,"array([ 0.21407093, -0.99166021])"
336,355,0,"array([-0.06906348, -1.33779828])"
337,356,0,"array([-0.12061308, -1.13941383])"
338,357,0,"array([-0.05252475, -1.19022453])"
339,358,0,"array([ 0.04577926, -1.22210885])"
340,359,0,"array([-0.05864025, -1.32283536])"
341,360,0,"array([ 0.03187136, -1.32756952])"
342,361,0,"array([-0.20943727, -0.9424722 ])"
343,362,0,"array([-0.26137041, -1.23027772])"
344,363,0,"array([-0.04451009, -0.94875588])"
345,364,0,"array([ 0.07492647, -0.85963318])"
346,365,0,"array([-0.04385626, -1.10621995])"
347,367,0,"array([-0.16203272, -1.33256308])"
348,368,0,"array([ 0.25801243, -1.11081331])"
349,369,0,"array([-0.05073275, -0.79842934])"
350,370,0,"array([-0.10250777, -1.1968665 ])"
351,371,0,"array([ 0.01919881, -1.23181861])"
352,372,0,"array([ 0.0975435 , -1.10007678])"
353,373,0,"array([ 0.07706187, -1.1890744 ])"
354,374,0,"array([-0.07391043, -1.27028102])"
355,375,0,"array([-0.14610121, -1.08335915])"
356,376,0,"array([ 0.1317877 , -1.35988688])"
357,377,0,"array([ 0.23286158, -1.13550986])"
358,378,0,"array([-0.00988989, -1.29091566])"
359,379,0,"array([-0.06498941, -1.44374601])"
360,381,0,"array([ 0.13836409, -1.22389314])"
361,382,0,"array([ 0.28784359, -1.19532955])"
362,383,0,"array([ 0.04118473, -1.51208398])"
363,384,0,"array([-0.20016617, -1.05393812])"
364,385,0,"array([-0.01563857, -1.14022178])"
365,386,0,"array([ 0.25015795, -1.09127165])"
366,387,0,"array([ 0.24057097, -1.31554706])"
367,388,0,"array([ 0.14656183, -1.33507479])"
368,389,0,"array([-0.26889873, -1.08216255])"
369,390,0,"array([-0.04854993, -1.09051876])"
370,391,0,"array([ 0.29351397, -1.01352303])"
371,392,0,"array([ 0.13851553, -1.31298209])"
372,393,0,"array([ 0.0100041 , -1.17077381])"
373,394,0,"array([ 0.15909268, -1.14068617])"
374,395,0,"array([-0.07602461, -1.300935  ])"
375,396,0,"array([-0.03042451, -1.06981363])"
376,397,0,"array([ 0.1679854 , -0.94005526])"
377,398,0,"array([ 0.09467953, -1.38659711])"
378,399,0,"array([ 0.13009114, -1.3850036 ])"
379,400,0,"array([ 0.19308274, -1.15718842])"
380,401,0,"array([ 0.06177881, -1.19926833])"
381,402,0,"array([-0.04413323, -1.12265467])"
382,403,0,"array([-0.02799711, -1.1141725 ])"
383,404,0,"array([ 0.07901922, -1.03744903])"
384,405,0,"array([ 0.03934106, -1.28165668])"
385,406,0,"array([ 0.10680582, -1.16335716])"
386,407,0,"array([ 0.02854121, -1.29220114])"
387,408,0,"array([ 0.27985012, -1.26520027])"
388,409,0,"array([-0.13531556, -1.03121963])"
389,410,0,"array([ 0.17167846, -1.35726585])"
390,411,0,"array([ 0.11741246, -1.29581876])"
391,412,0,"array([-0.12822023, -1.12203111])"
392,413,0,"array([ 0.11576287, -1.14967218])"
393,414,0,"array([ 0.33443638, -1.12210686])"
394,415,0,"array([ 0.00362096, -1.31101184])"
395,416,0,"array([ 0.10662756, -1.27742431])"
396,417,0,"array([-0.13009783, -0.99463826])"
397,419,0,"array([ 0.181904  , -0.89208763])"
398,420,0,"array([-0.39699774, -0.94025231])"
399,421,0,"array([ 0.12670881, -1.13992458])"
400,423,0,"array([ 0.03064041, -1.36380748])"
401,424,0,"array([ 0.12395971, -1.21341451])"
402,425,0,"array([-9.89700013e-05, -9.21316426e-01])"
403,426,0,"array([-0.16004639, -1.21033012])"
404,427,0,"array([ 0.15167177, -0.83648998])"
405,428,0,"array([-0.25343542, -1.2621244 ])"
406,429,0,"array([-0.08441661, -1.36214341])"
407,430,0,"array([-0.16033828, -0.81470799])"
408,431,0,"array([ 0.07586144, -1.0742801 ])"
409,432,0,"array([-0.11262661, -1.1069967 ])"
410,433,0,"array([ 0.22090344, -0.7986816 ])"
411,434,0,"array([-0.22075677, -1.45563932])"
412,435,0,"array([ 0.17250024, -0.91752601])"
413,436,0,"array([ 0.16318727, -1.30269103])"
414,437,0,"array([-0.03328376, -1.09095141])"
415,438,0,"array([ 0.0443797 , -1.41202336])"
416,439,0,"array([ 0.2440466 , -1.34809648])"
417,440,0,"array([ 0.26990413, -1.21355897])"
418,441,0,"array([-0.1313903 , -1.22550285])"
419,442,0,"array([ 0.30882412, -1.11950595])"
420,443,0,"array([-0.04887087, -1.38868522])"
421,444,0,"array([ 0.04756334, -1.24366794])"
422,445,0,"array([-0.2116981, -1.0011595])"
423,446,0,"array([ 0.21701508, -1.13775688])"
424,447,0,"array([ 0.28670354, -1.39263219])"
425,448,0,"array([ 0.00572988, -1.07463787])"
426,449,0,"array([-0.04799641, -1.21488877])"
427,450,0,"array([ 0.19076341, -0.97692818])"
428,451,0,"array([-0.23947093, -1.05275751])"
429,452,0,"array([ 0.13904579, -0.97574098])"
430,453,0,"array([-0.0940846 , -1.00624587])"
431,454,0,"array([ 0.10985604, -1.38548509])"
432,455,0,"array([ 0.18631635, -1.44799358])"
433,456,0,"array([ 0.37798264, -1.0011821 ])"
434,457,0,"array([ 0.0666261 , -1.26884359])"
435,458,0,"array([-0.16270367, -1.04050779])"
436,459,0,"array([-0.35834521, -1.12447823])"
437,460,0,"array([-0.18518946, -1.08018346])"
438,461,0,"array([-0.1383865 , -1.31701856])"
439,462,0,"array([ 0.03471416, -1.27070349])"
440,463,0,"array([-0.02807266, -0.99017247])"
441,464,0,"array([-0.02667801, -1.32107739])"
442,465,0,"array([-0.00716363, -1.32145647])"
443,466,0,"array([-0.00992555, -1.10840073])"
444,467,0,"array([-0.03721462, -1.38036353])"
445,468,0,"array([-0.02388713, -0.95387773])"
446,469,0,"array([ 0.31764128, -1.25828329])"
447,470,0,"array([ 0.03829067, -1.07800389])"
448,471,0,"array([-0.11122093, -1.12311819])"
449,472,0,"array([-0.00204683, -1.19475818])"
450,473,0,"array([ 0.17106836, -1.31430435])"
451,474,0,"array([ 0.1023229, -1.1206366])"
452,475,0,"array([-0.12811443, -1.16057287])"
453,476,0,"array([-0.02207957, -1.3074197 ])"
454,477,0,"array([-0.12877998, -1.2475247 ])"
455,478,0,"array([ 0.38156583, -1.26158095])"
456,479,0,"array([ 0.38012535, -1.31193444])"
457,480,0,"array([-0.08592034, -1.08368835])"
458,482,0,"array([-0.09624156, -1.12532217])"
459,483,0,"array([-0.02284569, -1.2440836 ])"
460,484,0,"array([ 0.09968875, -1.34233993])"
461,485,0,"array([-0.00208475, -1.23488462])"
462,486,0,"array([-0.01463106, -1.23265574])"
463,487,0,"array([ 0.07228851, -1.36670718])"
464,488,0,"array([ 0.01592588, -1.46420569])"
465,489,0,"array([ 0.25916377, -1.29010596])"
466,490,0,"array([-0.0507775 , -1.34446169])"
467,491,0,"array([ 0.04095016, -1.04918225])"
468,492,0,"array([ 0.30153526, -1.24207184])"
469,493,0,"array([ 0.34978773, -1.05091193])"
470,494,0,"array([ 0.13002499, -1.01882516])"
471,495,0,"array([-0.60683841, -1.29203566])"
472,496,0,"array([-0.17672298, -1.05928644])"
473,497,0,"array([ 0.16987997, -1.27185076])"
474,498,0,"array([ 0.18091464, -0.78714928])"
475,499,0,"array([-0.06576608, -1.10975311])"
476,500,0,"array([-0.01904827, -0.82130486])"
477,501,0,"array([ 0.04298805, -1.6291604 ])"
478,502,0,"array([ 0.14540976, -1.08613368])"
479,503,0,"array([ 0.05218154, -1.17177366])"
480,504,0,"array([ 0.08550128, -1.37079818])"
481,505,0,"array([ 0.10170997, -1.29087862])"
482,506,0,"array([ 0.09280509, -1.30687329])"
483,507,0,"array([ 0.18112838, -1.28371608])"
484,508,0,"array([-0.04543647, -1.4554258 ])"
485,509,0,"array([ 0.1848454 , -1.18914696])"
486,510,0,"array([ 0.37911825, -1.28599846])"
487,512,0,"array([ 0.02730776, -1.22324909])"
488,513,0,"array([ 0.15707387, -1.34721062])"
489,514,0,"array([ 0.14895036, -1.41954002])"
490,515,0,"array([-0.28380315, -1.33810469])"
491,516,0,"array([-0.21127829, -0.77562382])"
492,517,0,"array([-0.02084594, -0.89585444])"
493,518,0,"array([ 0.14560574, -1.48245598])"
494,519,0,"array([ 0.05143214, -1.3238968 ])"
495,520,0,"array([ 0.17373284, -1.00537795])"
496,521,0,"array([ 0.004393  , -1.22538542])"
497,522,0,"array([ 0.2626261 , -1.35929228])"
498,523,0,"array([-0.13384479, -1.1787864 ])"
499,524,0,"array([ 0.1105797 , -1.18194856])"
500,525,0,"array([ 0.06121852, -1.09993819])"
501,526,0,"array([-0.20304454, -1.21682079])"
502,527,0,"array([-0.18386076, -1.23819981])"
503,528,0,"array([ 0.31955817, -1.28344106])"
504,529,0,"array([ 0.09163238, -1.15790225])"
505,530,0,"array([-0.10534619, -1.07112928])"
506,531,0,"array([-0.23737709, -1.10172214])"
507,532,0,"array([-0.02751391, -1.2089006 ])"
508,533,0,"array([ 0.07618678, -0.94284129])"
509,534,0,"array([ 0.04511417, -1.38762317])"
510,535,0,"array([ 0.20816056, -1.18810672])"
511,536,0,"array([-0.07532365, -1.31970874])"
512,537,0,"array([-0.10664074, -1.16983686])"
513,538,0,"array([ 0.0619908 , -1.24570247])"
514,539,0,"array([-0.10030741, -1.1395943 ])"
515,540,0,"array([ 0.19010249, -1.11517281])"
516,541,0,"array([-0.09005203, -1.31273813])"
517,542,0,"array([ 0.01727387, -0.97872968])"
518,543,0,"array([ 0.06355262, -1.06487191])"
519,544,0,"array([ 0.26080028, -1.24979224])"
520,545,0,"array([ 0.18101066, -1.34296694])"
521,546,0,"array([ 0.00156591, -1.24454017])"
522,547,0,"array([ 0.03460471, -1.44751703])"
523,548,0,"array([-0.40751537, -1.05160689])"
524,549,0,"array([ 0.04219095, -0.98358678])"
525,550,0,"array([ 0.05575197, -1.34579321])"
526,551,0,"array([ 0.17849828, -1.15468277])"
527,552,0,"array([ 0.12365214, -1.31517937])"
528,553,0,"array([ 0.16033487, -1.17667012])"
529,554,0,"array([ 0.28341313, -0.87117707])"
530,555,0,"array([-0.25065924, -1.36589052])"
531,556,0,"array([ 0.01493821, -1.05802284])"
532,557,0,"array([ 0.03882554, -0.93118432])"
533,558,0,"array([ 0.01400541, -1.02154421])"
534,559,0,"array([ 0.04028457, -1.0173833 ])"
535,560,0,"array([-0.06855967, -1.28952752])"
536,561,0,"array([-0.04222421, -1.05062472])"
537,562,0,"array([ 0.19615984, -1.31605131])"
538,563,0,"array([-0.00823452, -1.37118486])"
539,564,0,"array([ 0.16388531, -1.28808687])"
540,565,0,"array([ 0.26693562, -1.55926063])"
541,566,0,"array([ 0.32731176, -1.14722312])"
542,567,0,"array([ 0.21528223, -1.11733804])"
543,568,0,"array([ 0.01421479, -1.24560053])"
544,569,0,"array([ 0.03285606, -1.37880909])"
545,570,0,"array([-0.10312591, -1.39086855])"
546,571,0,"array([-0.02232953, -1.03893837])"
547,572,0,"array([ 0.02100965, -1.27692275])"
548,573,0,"array([-0.29997438, -1.24279985])"
549,574,0,"array([ 0.12928228, -1.3290494 ])"
550,575,0,"array([ 0.10197896, -1.03406586])"
551,576,0,"array([ 0.10472256, -1.14294701])"
552,577,0,"array([ 0.27092782, -1.06234097])"
553,578,0,"array([ 0.09901594, -1.23281953])"
554,579,0,"array([ 0.15814007, -0.8774102 ])"
555,580,0,"array([-0.07455898, -1.20969149])"
556,581,0,"array([ 0.22285912, -1.0723948 ])"
557,582,0,"array([ 0.11435228, -1.42657754])"
558,583,0,"array([-0.01484628, -1.2002089 ])"
559,584,0,"array([ 0.05642   , -1.47752889])"
560,585,0,"array([ 0.265954 , -0.9814382])"
561,586,0,"array([ 0.03283434, -1.48036015])"
562,587,0,"array([ 0.32402007, -1.01183375])"
563,588,0,"array([-0.03886533, -1.24405783])"
564,589,0,"array([-0.00632542, -1.25673029])"
565,590,0,"array([-0.04646859, -1.29076813])"
566,592,0,"array([ 0.30163238, -0.83721556])"
567,593,0,"array([-0.16004605, -1.09581351])"
568,594,0,"array([ 0.11515588, -0.83944393])"
569,595,0,"array([-0.18778813, -1.03489424])"
570,596,0,"array([ 0.15169112, -1.07223805])"
571,597,0,"array([ 0.00421257, -1.38178274])"
572,598,0,"array([ 0.08985422, -1.11609762])"
573,599,0,"array([ 0.06508652, -1.29961958])"
574,600,0,"array([-0.0677546 , -1.15118136])"
575,601,0,"array([ 0.09007848, -0.98832562])"
576,602,0,"array([ 0.22918028, -1.09091997])"
577,603,0,"array([-0.18948716, -1.16447598])"
578,604,0,"array([ 0.37093562, -1.11481891])"
579,605,0,"array([ 0.28424892, -1.13535579])"
580,606,0,"array([ 0.3207153 , -1.20067439])"
581,607,0,"array([-0.06991984, -1.471465  ])"
582,608,0,"array([ 5.73019506e-04, -9.55208562e-01])"
583,609,0,"array([ 0.35476476, -1.18390471])"
584,610,0,"array([ 0.31682267, -1.03486506])"
585,611,0,"array([-0.01836748, -1.17355182])"
586,612,0,"array([-0.05666005, -1.406419  ])"
587,614,0,"array([ 0.14083295, -1.12392646])"
588,615,0,"array([ 0.03942829, -1.30181948])"
589,616,0,"array([ 0.0807966 , -1.45881449])"
590,617,0,"array([ 0.27118084, -1.08850141])"
591,618,0,"array([-0.27734663, -1.00958792])"
592,619,0,"array([ 0.01389103, -1.30123546])"
593,620,0,"array([-0.10198059, -0.86793443])"
594,621,0,"array([ 0.21148733, -1.36816014])"
595,622,0,"array([ 0.01156239, -1.08975464])"
596,623,0,"array([-0.08858297, -1.04551566])"
597,624,0,"array([-0.11990994, -0.95936058])"
598,625,0,"array([ 0.08123223, -1.4250803 ])"
599,626,0,"array([-0.03566818, -1.53539534])"
600,627,0,"array([ 0.04047698, -1.25875981])"
601,628,0,"array([ 0.1173239 , -1.03388273])"
602,629,0,"array([ 0.31122381, -1.49886909])"
603,630,0,"array([ 0.2697548 , -1.00623764])"
604,631,0,"array([-0.00917988, -0.98085522])"
605,632,0,"array([ 0.05110014, -1.10874038])"
606,633,0,"array([-0.15366914, -1.01326017])"
607,635,0,"array([ 0.05115312, -1.00348013])"
608,637,0,"array([ 0.27991083, -1.04168097])"
609,639,0,"array([-0.05365807, -1.03648254])"
610,640,0,"array([ 0.14489745, -1.14481305])"
611,641,0,"array([ 0.02187684, -1.18986569])"
612,642,0,"array([-0.01644715, -1.44265782])"
613,643,0,"array([ 0.27994065, -0.94674149])"
614,644,0,"array([ 0.00529225, -1.32349538])"
615,645,0,"array([ 0.07860697, -1.27148757])"
616,646,0,"array([-0.03780471, -1.33444857])"
617,647,0,"array([-0.14407203, -1.27292296])"
618,648,0,"array([ 0.19499139, -1.00508041])"
619,649,0,"array([-0.12522792, -0.89557488])"
620,650,0,"array([-0.22890586, -1.23559942])"
621,651,0,"array([-0.07128068, -0.9770322 ])"
622,652,0,"array([-0.00494155, -1.16997227])"
623,653,0,"array([ 0.13197971, -1.34627252])"
624,654,0,"array([-0.24020578, -1.29099024])"
625,655,0,"array([-0.30139375, -1.11127596])"
626,656,0,"array([ 0.38940534, -1.14290753])"
627,657,0,"array([ 0.0579894 , -1.02856054])"
628,658,0,"array([-0.16662806, -1.1190032 ])"
629,659,0,"array([ 0.07121497, -1.34939821])"
630,660,0,"array([ 0.11308295, -0.98372109])"
631,661,0,"array([ 0.05528052, -1.07828154])"
632,663,0,"array([ 0.16889223, -1.3303115 ])"
633,664,0,"array([-0.10497366, -1.15425285])"
634,666,0,"array([ 0.158178  , -1.02757709])"
635,667,0,"array([-0.21275346, -1.14717176])"
636,668,0,"array([-0.07426926, -0.90072667])"
637,669,0,"array([ 0.00420984, -1.51553273])"
638,670,0,"array([ 0.14533597, -1.24080142])"
639,671,0,"array([ 0.21289912, -1.04904578])"
640,672,0,"array([ 0.0915746 , -1.13435901])"
641,673,0,"array([ 0.23754088, -1.06157413])"
642,674,0,"array([ 0.31767644, -1.09464196])"
643,675,0,"array([-0.25868957, -1.14147685])"
644,676,0,"array([ 0.28829637, -1.08052658])"
645,677,0,"array([-0.04593058, -1.16308843])"
646,678,0,"array([ 0.0778233 , -1.12563934])"
647,679,0,"array([ 0.11659839, -1.36891697])"
648,680,0,"array([-0.09429908, -0.9166755 ])"
649,682,0,"array([ 0.01021508, -1.40580861])"
650,683,0,"array([-0.03602788, -1.02636084])"
651,684,0,"array([-0.09422141, -0.9424953 ])"
652,685,0,"array([-0.00849479, -1.06532202])"
653,686,0,"array([ 0.21141259, -0.91312384])"
654,687,0,"array([ 0.16001138, -1.09619747])"
655,688,0,"array([ 0.01924967, -1.32230122])"
656,689,0,"array([-0.05977719, -1.20329762])"
657,690,0,"array([-0.18037253, -1.38517641])"
658,691,0,"array([-0.12061946, -1.26626127])"
659,692,0,"array([ 0.04108312, -1.31332037])"
660,693,0,"array([ 0.35729297, -1.14236237])"
661,694,0,"array([ 0.22843622, -1.23720483])"
662,695,0,"array([-0.02102632, -1.22226   ])"
663,696,0,"array([-0.04782054, -1.36579421])"
664,697,0,"array([ 0.03211183, -0.80516711])"
665,699,0,"array([-0.24646617, -1.1878539 ])"
666,700,0,"array([-0.04258098, -1.30608   ])"
667,701,0,"array([ 0.03333816, -1.10569316])"
668,702,0,"array([ 0.09974954, -1.19779369])"
669,704,0,"array([ 0.50324854, -1.00215884])"
670,705,0,"array([ 0.25418774, -1.49157825])"
671,706,0,"array([ 0.03581913, -1.19213662])"
672,707,0,"array([ 0.20928014, -1.3425124 ])"
673,709,0,"array([-0.01966883, -1.38135559])"
674,710,0,"array([-0.28049114, -0.84071066])"
675,711,0,"array([ 0.05996105, -1.1638549 ])"
676,712,0,"array([ 0.09823769, -1.07220671])"
677,713,0,"array([ 0.25491838, -0.92785108])"
678,714,0,"array([ 0.1307003 , -0.88205319])"
679,715,0,"array([ 0.44138012, -1.30097599])"
680,717,0,"array([-0.26949494, -1.04655911])"
681,718,0,"array([ 0.05335828, -0.87221539])"
682,719,0,"array([-0.08500564, -1.15875868])"
683,720,0,"array([ 0.13478881, -1.06545161])"
684,721,0,"array([ 0.06388799, -1.38143405])"
685,722,0,"array([-0.07638482, -1.17375993])"
686,723,0,"array([-0.15362402, -1.15907143])"
687,725,0,"array([-0.23800311, -1.16227934])"
688,726,0,"array([-0.0981816 , -1.44926719])"
689,728,0,"array([ 0.15125565, -1.27793108])"
690,729,0,"array([ 0.01578484, -1.21541035])"
691,730,0,"array([ 0.36750297, -0.96434226])"
692,733,0,"array([-0.00664159, -1.18437223])"
693,734,0,"array([ 0.19830665, -1.20480113])"
694,735,0,"array([-0.03914846, -1.17709003])"
695,736,0,"array([ 0.06056428, -1.28386015])"
696,737,0,"array([ 0.41207118, -1.32609131])"
697,738,0,"array([ 0.09021773, -0.89752256])"
698,739,0,"array([ 0.19827304, -1.56064457])"
699,740,0,"array([ 0.30506405, -0.95119951])"
700,741,0,"array([-0.06288403, -1.35618323])"
701,742,0,"array([ 0.22612454, -1.28093964])"
702,743,0,"array([ 0.13936552, -1.28444829])"
703,744,0,"array([ 0.17095348, -1.18502214])"
704,745,0,"array([-0.19210323, -1.35915704])"
705,746,0,"array([ 0.11626222, -1.19900499])"
706,747,0,"array([-0.09627036, -1.4186947 ])"
707,748,0,"array([ 0.23858722, -1.29757763])"
708,749,0,"array([ 0.02561369, -1.3100292 ])"
709,750,0,"array([ 0.34191775, -1.45188752])"
710,751,0,"array([ 0.39194511, -1.03727956])"
711,752,0,"array([ 0.12085397, -1.27798785])"
712,753,0,"array([ 0.49719669, -1.27392507])"
713,754,0,"array([ 0.26932259, -1.3271344 ])"
714,755,0,"array([ 0.19076644, -1.26338894])"
715,756,0,"array([ 0.27256914, -1.2315185 ])"
716,757,0,"array([-0.17309438, -1.47201056])"
717,758,0,"array([ 0.19420616, -1.13573731])"
718,759,0,"array([-0.06882396, -1.42251663])"
719,760,0,"array([ 0.24956035, -1.40141256])"
720,761,0,"array([-0.02272642, -1.28642418])"
721,762,0,"array([ 0.04611633, -1.37158802])"
722,763,0,"array([ 0.3570699 , -1.21533844])"
723,764,0,"array([ 0.32378819, -1.34699896])"
724,765,0,"array([ 0.11225626, -0.80262066])"
725,766,0,"array([ 0.14282368, -1.44091788])"
726,767,0,"array([ 0.34778092, -0.92916277])"
727,768,0,"array([ 0.1138597 , -1.40495498])"
728,769,0,"array([ 0.08999921, -1.59745449])"
729,770,0,"array([ 0.02849582, -1.34339413])"
730,771,0,"array([-0.00584661, -1.27532855])"
731,772,0,"array([ 0.39931964, -1.23700004])"
732,773,0,"array([ 0.12405262, -1.45582606])"
733,774,0,"array([ 0.00458275, -1.44199993])"
734,775,0,"array([-0.03105753, -1.13751322])"
735,776,0,"array([ 0.25186456, -1.19699189])"
736,777,0,"array([ 0.34589849, -1.32616383])"
737,778,0,"array([-0.02405871, -1.4212051 ])"
738,780,0,"array([ 0.11137958, -1.0860826 ])"
739,781,0,"array([ 0.15838949, -1.38145941])"
740,782,0,"array([ 0.18941824, -1.17457678])"
741,783,0,"array([ 0.08714351, -0.74747979])"
742,784,0,"array([ 0.06632395, -1.3186315 ])"
743,785,0,"array([ 0.204739  , -1.27474455])"
744,786,0,"array([ 0.01810763, -1.38766697])"
745,789,0,"array([ 0.0495672 , -1.19850363])"
746,790,0,"array([ 0.0821318 , -1.33589684])"
747,791,0,"array([ 0.43494585, -1.23533276])"
748,792,0,"array([-0.10551165, -1.25573302])"
749,793,0,"array([ 0.4175952 , -1.19361785])"
750,794,0,"array([-0.14997154, -1.25219091])"
751,795,0,"array([ 0.12547014, -1.10768467])"
752,796,0,"array([ 0.33829784, -1.30318919])"
753,797,0,"array([ 0.01526816, -1.28786823])"
754,798,0,"array([-0.06535762, -1.22405827])"
755,799,0,"array([ 0.08202296, -0.97256073])"
756,800,0,"array([ 0.03439529, -1.23532451])"
757,801,0,"array([-0.07603197, -1.09767093])"
758,802,0,"array([-0.05398492, -0.92561908])"
759,804,0,"array([ 0.0987909 , -0.95894631])"
760,805,0,"array([-0.26583491, -1.11750167])"
761,806,0,"array([-0.06554789, -1.07307774])"
762,807,0,"array([-0.0208467 , -1.05451338])"
763,808,0,"array([-0.04970601, -0.97555405])"
764,809,0,"array([ 0.02569035, -1.17601472])"
765,810,0,"array([ 0.03044675, -0.76993592])"
766,811,0,"array([ 0.24471125, -1.1742387 ])"
767,812,0,"array([ 0.32548953, -1.16793597])"
768,813,0,"array([ 0.1765874 , -1.02710683])"
769,814,0,"array([ 0.29833049, -1.16121676])"
770,815,0,"array([-0.17238402, -0.98035992])"
771,816,0,"array([ 0.28878386, -1.35988999])"
772,817,0,"array([ 0.10974597, -1.10586813])"
773,818,0,"array([ 0.10488375, -1.32413479])"
774,819,0,"array([-0.00830699, -1.00409448])"
775,820,0,"array([ 0.00167842, -1.20782082])"
776,823,0,"array([-0.02596744, -1.40299972])"
777,824,0,"array([ 0.00974226, -1.18810617])"
778,825,0,"array([-0.23377725, -1.41147529])"
779,826,0,"array([ 0.1733621 , -1.10926561])"
780,827,0,"array([ 0.40502486, -1.29758755])"
781,828,0,"array([ 0.0186074 , -1.10351939])"
782,829,0,"array([-0.00320736, -1.15534882])"
783,831,0,"array([-0.07886118, -1.11894232])"
784,832,0,"array([ 0.09199513, -1.25588429])"
785,833,0,"array([ 0.109041  , -1.00523144])"
786,834,0,"array([ 0.09141185, -1.05470863])"
787,835,0,"array([ 0.00942629, -0.99584729])"
788,836,0,"array([-0.08389422, -1.25313903])"
789,837,0,"array([ 0.07492893, -1.00159694])"
790,838,0,"array([ 0.08682763, -1.22916151])"
791,839,0,"array([ 0.03663584, -1.16966631])"
792,840,0,"array([ 6.22664093e-04, -1.03490192e+00])"
793,841,0,"array([-0.12025135, -1.42674521])"
794,842,0,"array([ 0.05654689, -1.04808129])"
795,844,0,"array([-0.01699049, -1.02191979])"
796,845,0,"array([-0.03323403, -1.22935609])"
797,846,0,"array([-0.08268338, -1.14140434])"
798,848,0,"array([-0.24772923, -0.97114642])"
799,850,0,"array([ 0.08613782, -1.35133444])"
