# index, name, _pos
0,1,"array([-7.40536013,  2.36294663])"
1,2,"array([-7.44612057,  2.39157152])"
2,3,"array([-7.3831753 ,  2.37534173])"
3,4,"array([-7.41577001,  2.44331821])"
4,5,"array([-7.35737624,  2.33315794])"
5,6,"array([-7.37931506,  2.36491993])"
6,7,"array([-7.32782195,  2.38429165])"
7,8,"array([-7.42982697,  2.43573408])"
8,9,"array([-7.40767892,  2.3715966 ])"
9,10,"array([-7.46668792,  2.32037822])"
10,11,"array([-7.39271927,  2.41876711])"
11,12,"array([-7.26262141,  2.33722153])"
12,13,"array([-7.39179456,  2.38212693])"
13,14,"array([-7.48594366,  2.34586991])"
14,15,"array([-7.35861222,  2.38763648])"
15,16,"array([-7.42163413,  2.2874519 ])"
16,17,"array([-7.53818599,  2.35332038])"
17,18,"array([-7.40184432,  2.41649432])"
18,19,"array([-7.37692669,  2.39737757])"
19,20,"array([-7.38781606,  2.43083891])"
20,21,"array([-7.39522337,  2.39870812])"
21,22,"array([-7.40472484,  2.39402073])"
22,23,"array([-7.38861171,  2.39042468])"
23,24,"array([-7.47822227,  2.33515756])"
24,25,"array([-7.41533922,  2.37604048])"
25,26,"array([-7.47810447,  2.40645637])"
26,27,"array([-7.38557459,  2.40249131])"
27,28,"array([-7.42816987,  2.39527876])"
28,29,"array([-7.25705477,  2.35547989])"
29,30,"array([-7.46436054,  2.27076079])"
30,31,"array([-7.34634564,  2.37808429])"
31,32,"array([-7.36019615,  2.32038819])"
32,33,"array([-7.46960877,  2.34064447])"
33,34,"array([-7.46244932,  2.35108271])"
34,35,"array([-7.58743583,  2.41653089])"
35,36,"array([-7.56465594,  2.43766372])"
36,37,"array([-7.58198704,  2.43193835])"
37,38,"array([-7.32087847,  2.42544305])"
38,39,"array([-7.35349141,  2.37014132])"
39,40,"array([-7.36496622,  2.35163074])"
40,41,"array([-7.34783284,  2.4241227 ])"
41,42,"array([-7.32215697,  2.34250838])"
42,43,"array([-7.41210614,  2.41659252])"
43,44,"array([-7.2994795 ,  2.30647286])"
44,45,"array([-7.34796849,  2.43339738])"
45,46,"array([-7.36284946,  2.43047947])"
46,47,"array([-7.37888412,  2.33001277])"
47,48,"array([-7.39472066,  2.35675173])"
48,49,"array([-7.40532251,  2.31064063])"
49,50,"array([-7.3503411,  2.390745 ])"
50,51,"array([-7.37119409,  2.43168749])"
51,52,"array([-7.35701884,  2.41720158])"
52,53,"array([-7.4534165 ,  2.43504033])"
53,54,"array([-7.31158128,  2.39639217])"
54,55,"array([-7.41631618,  2.31478023])"
55,56,"array([-7.39643849,  2.31644179])"
56,57,"array([-7.43190297,  2.48438742])"
57,58,"array([-7.44322991,  2.40568412])"
58,59,"array([-7.38631492,  2.51093652])"
59,60,"array([-7.4939408 ,  2.45606165])"
60,61,"array([-7.44475908,  2.44502091])"
61,62,"array([-7.3588695 ,  2.40002117])"
62,63,"array([-7.35527492,  2.48033236])"
63,64,"array([-7.40506319,  2.48822532])"
64,65,"array([-7.42175474,  2.48920166])"
65,66,"array([-7.38415572,  2.47944188])"
66,67,"array([-7.48014406,  2.42953942])"
67,68,"array([-7.40677575,  2.47721462])"
68,69,"array([-7.32527851,  2.45306298])"
69,70,"array([-7.45721304,  2.4065409 ])"
70,71,"array([-7.39404928,  2.48507089])"
71,72,"array([-7.36095586,  2.45515464])"
72,73,"array([-7.32746638,  2.44100972])"
73,74,"array([-7.35350566,  2.3807533 ])"
74,75,"array([-7.23779824,  2.29978155])"
75,76,"array([-7.33520632,  2.39294499])"
76,77,"array([-7.36355667,  2.28032444])"
77,78,"array([-7.44973952,  2.31083522])"
78,79,"array([-7.44081994,  2.34339219])"
79,80,"array([-7.42814914,  2.33586863])"
80,81,"array([-7.34859578,  2.44159211])"
81,82,"array([-7.40541666,  2.40523422])"
82,83,"array([-7.28517991,  2.3132484 ])"
83,84,"array([-7.28357866,  2.33952483])"
84,85,"array([-7.38805273,  2.23990311])"
85,86,"array([-7.29591847,  2.42365469])"
86,87,"array([-7.29260821,  2.40710278])"
87,88,"array([-7.39436193,  2.23083231])"
88,89,"array([-7.23083764,  2.43142242])"
89,90,"array([-7.32165342,  2.48538792])"
90,91,"array([-7.31156548,  2.48877645])"
91,92,"array([-7.34527527,  2.24161867])"
92,93,"array([-7.23956395,  2.35214066])"
93,94,"array([-7.30310142,  2.44829774])"
94,95,"array([-7.29351599,  2.45463778])"
95,96,"array([-7.2177833 ,  2.47528878])"
96,97,"array([-7.45390418,  2.41885546])"
97,98,"array([-7.1504404 ,  2.39828761])"
98,99,"array([-7.23661965,  2.40781487])"
99,100,"array([-7.19379688,  2.45711371])"
100,101,"array([-7.42321555,  2.38278036])"
101,102,"array([-7.37609274,  2.55470834])"
102,103,"array([-7.33539807,  2.45320791])"
103,104,"array([-7.38076408,  2.31612032])"
104,105,"array([-7.38411413,  2.29702598])"
105,106,"array([-7.34565016,  2.50172668])"
106,107,"array([-7.4478334 ,  2.32809467])"
107,108,"array([-7.50356685,  2.33884014])"
108,109,"array([-7.55327331,  2.26489915])"
109,110,"array([-7.48202878,  2.3784196 ])"
110,111,"array([-7.58119777,  2.23769087])"
111,112,"array([-7.48358792,  2.35739966])"
112,113,"array([-7.45799769,  2.36072155])"
113,114,"array([-7.51114724,  2.36694734])"
114,115,"array([-7.49597865,  2.36220737])"
115,116,"array([-7.41293001,  2.28858755])"
116,117,"array([-7.43310824,  2.3744036 ])"
117,118,"array([-7.40553425,  2.2607272 ])"
118,119,"array([-7.46768898,  2.37086856])"
119,120,"array([-7.47376642,  2.35226072])"
120,121,"array([-7.51962781,  2.32923883])"
121,122,"array([-7.43625675,  2.36141365])"
122,123,"array([-7.52232408,  2.26933492])"
123,124,"array([-7.41595588,  2.35449958])"
124,125,"array([-7.44517745,  2.36431666])"
125,126,"array([-7.50781723,  2.2701142 ])"
126,127,"array([-7.41701863,  2.23653951])"
127,128,"array([-7.40169168,  2.32565127])"
128,129,"array([-7.45256642,  2.22969338])"
129,130,"array([-7.44396732,  2.26735342])"
130,131,"array([-7.38212988,  2.46093995])"
131,132,"array([-7.36903957,  2.35914488])"
132,133,"array([-7.41582214,  2.401927  ])"
133,134,"array([-7.37400394,  2.45103947])"
134,135,"array([-7.31646179,  2.38304453])"
135,136,"array([-7.40539527,  2.46042646])"
136,137,"array([-7.35298712,  2.40957758])"
137,138,"array([-7.42177714,  2.41253746])"
138,139,"array([-7.1778604 ,  2.31559092])"
139,140,"array([-7.27733301,  2.3573099 ])"
140,141,"array([-7.21963041,  2.33449994])"
141,142,"array([-7.2731689 ,  2.33807113])"
142,143,"array([-7.27501588,  2.30102973])"
143,144,"array([-7.18623857,  2.28036422])"
144,145,"array([-7.28591102,  2.35586541])"
145,146,"array([-7.269096  ,  2.36128831])"
146,147,"array([-7.25085912,  2.34178554])"
147,148,"array([-7.27642013,  2.32883956])"
148,149,"array([-7.24593894,  2.32392241])"
149,150,"array([-7.28777888,  2.37095379])"
150,151,"array([-7.23499363,  2.3843693 ])"
151,152,"array([-7.23352303,  2.31469554])"
152,153,"array([-7.25421049,  2.27507716])"
153,154,"array([-7.45818279,  2.28557191])"
154,155,"array([-7.35242696,  2.45575004])"
155,156,"array([-7.41335711,  2.45347977])"
156,157,"array([-7.32753758,  2.3495541 ])"
157,158,"array([-7.27533085,  2.47846886])"
158,159,"array([-7.33898865,  2.25339185])"
159,160,"array([-7.56276528,  2.48843143])"
160,161,"array([-7.41226936,  2.33692629])"
161,162,"array([-7.48670889,  2.28462534])"
162,163,"array([-7.49087549,  2.37244452])"
163,164,"array([-7.49225589,  2.31968777])"
164,165,"array([-7.49092412,  2.33649456])"
165,166,"array([-7.51596605,  2.34180178])"
166,167,"array([-7.46989249,  2.3821244 ])"
167,168,"array([-7.45630014,  2.37138895])"
168,169,"array([-7.5256191 ,  2.37037029])"
169,170,"array([-7.53802664,  2.39573117])"
170,171,"array([-7.51338506,  2.31397615])"
171,172,"array([-7.55435347,  2.34919443])"
172,173,"array([-7.57781242,  2.28564323])"
173,174,"array([-7.54334805,  2.30581554])"
174,175,"array([-7.61418185,  2.29093818])"
175,176,"array([-7.4567642 ,  2.32365412])"
176,177,"array([-7.55386745,  2.31433257])"
177,178,"array([-7.52955135,  2.31687522])"
178,179,"array([-7.5389073 ,  2.36801489])"
179,180,"array([-7.52906903,  2.41622612])"
180,181,"array([-7.42426767,  2.34733522])"
181,182,"array([-7.46001541,  2.38708642])"
182,183,"array([-7.30401702,  2.37716186])"
183,184,"array([-7.33349399,  2.37760645])"
184,185,"array([-7.31571063,  2.33748851])"
185,186,"array([-7.30008143,  2.43297221])"
186,187,"array([-7.26220304,  2.38278568])"
187,188,"array([-7.30254601,  2.50873995])"
188,189,"array([-7.24761155,  2.37626992])"
189,190,"array([-7.32181519,  2.36046958])"
190,191,"array([-7.27780132,  2.40426209])"
191,192,"array([-7.44889538,  2.29345352])"
192,193,"array([-7.41812836,  2.22284567])"
193,194,"array([-7.42624447,  2.31727145])"
194,195,"array([-7.52590821,  2.30298248])"
195,196,"array([-7.41675614,  2.29737994])"
196,197,"array([-7.45719287,  2.24531415])"
197,198,"array([-7.41489016,  2.24482064])"
198,199,"array([-7.38153588,  2.23350379])"
199,200,"array([-7.38228791,  2.26023577])"
200,201,"array([-7.40592576,  2.30025133])"
201,202,"array([-7.38352242,  2.33913146])"
202,203,"array([-7.35533163,  2.28803087])"
203,204,"array([-7.39471611,  2.28075279])"
204,205,"array([-7.40253616,  2.23869096])"
205,206,"array([-7.39534438,  2.30028646])"
206,207,"array([-7.40498841,  2.24985072])"
207,208,"array([-7.39317489,  2.21795413])"
208,209,"array([-7.36127773,  2.2244065 ])"
209,210,"array([-7.4078483 ,  2.32304685])"
210,211,"array([-7.39633527,  2.24647486])"
211,212,"array([-7.36006774,  2.24801245])"
212,213,"array([-7.37251645,  2.30244071])"
213,214,"array([-7.38772547,  2.32204375])"
214,215,"array([-7.40539459,  2.21977108])"
215,216,"array([-7.41277011,  2.21276118])"
216,217,"array([-7.37535887,  2.28774954])"
217,218,"array([-7.39606707,  2.2559745 ])"
218,219,"array([-7.3832931 ,  2.22460468])"
219,220,"array([-7.47942323,  2.23192465])"
220,221,"array([-7.38594828,  2.20812357])"
221,222,"array([-7.40053561,  2.18277659])"
222,223,"array([-7.51426143,  2.41149373])"
223,224,"array([-7.54356439,  2.32662452])"
224,225,"array([-7.60532318,  2.32788928])"
225,226,"array([-7.36433073,  2.55064826])"
226,227,"array([-7.3881765 ,  2.35006538])"
227,228,"array([-7.38040494,  2.42426144])"
228,229,"array([-7.26186304,  2.39535847])"
229,230,"array([-7.33985173,  2.38495241])"
230,231,"array([-7.37279055,  2.42139675])"
231,232,"array([-7.47342064,  2.41877601])"
232,233,"array([-7.36970286,  2.40613311])"
233,234,"array([-7.39327061,  2.44767665])"
234,235,"array([-7.34338349,  2.44986648])"
235,236,"array([-7.34926923,  2.26346757])"
236,237,"array([-7.33947476,  2.42107241])"
237,238,"array([-7.43667094,  2.46685727])"
238,239,"array([-7.3283842 ,  2.36959391])"
239,240,"array([-7.38841581,  2.36671915])"
240,241,"array([-7.35797373,  2.42502206])"
241,242,"array([-7.32719711,  2.54387443])"
242,243,"array([-7.31601034,  2.37273297])"
243,244,"array([-7.4626388 ,  2.39873598])"
244,245,"array([-7.33904657,  2.36519131])"
245,246,"array([-7.34308003,  2.41069519])"
246,247,"array([-7.46420271,  2.42939376])"
247,248,"array([-7.3468952 ,  2.32233208])"
248,249,"array([-7.40540551,  2.35009083])"
249,250,"array([-7.39659601,  2.37437195])"
250,251,"array([-7.35461253,  2.3441731 ])"
251,252,"array([-7.37330875,  2.33836899])"
252,253,"array([-7.52596587,  2.44732141])"
253,254,"array([-7.35565453,  2.43477645])"
254,255,"array([-7.4796068,  2.3676125])"
255,256,"array([-7.32174977,  2.53517944])"
256,257,"array([-7.33858419,  2.50825936])"
257,258,"array([-7.39902237,  2.34125566])"
258,259,"array([-7.39292211,  2.3306245 ])"
259,260,"array([-7.33498993,  2.52102118])"
260,261,"array([-7.53319518,  2.43430259])"
261,262,"array([-7.42164986,  2.4741717 ])"
262,263,"array([-7.43405752,  2.30645281])"
263,264,"array([-7.50326244,  2.49688881])"
264,265,"array([-7.4418544 ,  2.31824429])"
265,266,"array([-7.2675729,  2.4457177])"
266,267,"array([-7.25580471,  2.32619139])"
267,268,"array([-7.33313298,  2.46290325])"
268,269,"array([-7.37634675,  2.43853202])"
269,270,"array([-7.3546525 ,  2.49843126])"
270,271,"array([-7.34591224,  2.34764451])"
271,272,"array([-7.47600362,  2.29667107])"
272,273,"array([-7.51737686,  2.39847556])"
273,274,"array([-7.39073682,  2.26337695])"
274,275,"array([-7.35521649,  2.46843321])"
275,276,"array([-7.29157485,  2.32596686])"
276,277,"array([-7.5027204 ,  2.32592897])"
277,278,"array([-7.4540542 ,  2.52204892])"
278,279,"array([-7.30233189,  2.48195648])"
279,280,"array([-7.44826398,  2.38032371])"
280,281,"array([-7.46430879,  2.48449115])"
281,282,"array([-7.41182888,  2.46758762])"
282,283,"array([-7.49414036,  2.41739031])"
283,284,"array([-7.35576113,  2.30217471])"
284,285,"array([-7.39592816,  2.46009062])"
285,286,"array([-7.45951914,  2.30900989])"
286,287,"array([-7.50504435,  2.39210247])"
287,288,"array([-7.51913438,  2.25455022])"
288,289,"array([-7.43514532,  2.24426569])"
289,290,"array([-7.53183985,  2.33048188])"
290,291,"array([-7.38942051,  2.27166888])"
291,292,"array([-7.57138229,  2.33971388])"
292,293,"array([-7.39176241,  2.29041059])"
293,294,"array([-7.59936747,  2.27175131])"
294,295,"array([-7.58142093,  2.37446169])"
295,296,"array([-7.4898404 ,  2.40114308])"
296,297,"array([-7.50962572,  2.35323232])"
297,298,"array([-7.2978715 ,  2.36034152])"
298,299,"array([-7.31712463,  2.29481749])"
299,300,"array([-7.30528876,  2.35284419])"
300,301,"array([-7.47012683,  2.47218338])"
301,302,"array([-7.49638332,  2.43685667])"
302,303,"array([-7.32057852,  2.27886499])"
303,304,"array([-7.50204751,  2.40658192])"
304,305,"array([-7.37722794,  2.34899358])"
305,306,"array([-7.29570578,  2.37503802])"
306,307,"array([-7.43979671,  2.28341906])"
307,308,"array([-7.40369187,  2.44831258])"
308,309,"array([-7.44376108,  2.41679964])"
309,310,"array([-7.15733123,  2.31875834])"
310,311,"array([-7.23389918,  2.34346909])"
311,312,"array([-7.21523997,  2.31382677])"
312,313,"array([-7.24757555,  2.41209653])"
313,314,"array([-7.28859467,  2.38291687])"
314,315,"array([-7.25017449,  2.38769365])"
315,316,"array([-7.33312907,  2.43569248])"
316,317,"array([-7.46274288,  2.25525814])"
317,318,"array([-7.54603897,  2.16540819])"
318,319,"array([-7.55428186,  2.18644038])"
319,320,"array([-7.47420876,  2.24649278])"
320,321,"array([-7.43477847,  2.29377912])"
321,322,"array([-7.44160053,  2.30159   ])"
322,323,"array([-7.44636838,  2.23986908])"
323,324,"array([-7.42135334,  2.32790349])"
324,325,"array([-7.4545413 ,  2.26683488])"
325,326,"array([-7.46719659,  2.16683053])"
326,327,"array([-7.41464473,  2.26507887])"
327,328,"array([-7.43212976,  2.21854231])"
328,329,"array([-7.36319123,  2.34247012])"
329,330,"array([-7.3860154 ,  2.44100113])"
330,331,"array([-7.36965396,  2.38998931])"
331,332,"array([-7.31034275,  2.31574653])"
332,333,"array([-7.37210806,  2.36832722])"
333,334,"array([-7.27025882,  2.47134037])"
334,335,"array([-7.36390906,  2.30684763])"
335,336,"array([-7.38476096,  2.30689595])"
336,337,"array([-7.35255887,  2.27702901])"
337,338,"array([-7.2942941 ,  2.44165318])"
338,339,"array([-7.37366173,  2.48977473])"
339,340,"array([-7.38241391,  2.46937828])"
340,341,"array([-7.2840023 ,  2.28895556])"
341,342,"array([-7.57581231,  2.40324721])"
342,343,"array([-7.46741636,  2.23404004])"
343,344,"array([-7.4031524 ,  2.42647103])"
344,345,"array([-7.18061292,  2.47219347])"
345,346,"array([-7.37323594,  2.46141413])"
346,347,"array([-7.209157  ,  2.27223108])"
347,348,"array([-7.32683732,  2.40487411])"
348,349,"array([-7.24447043,  2.4481047 ])"
349,350,"array([-7.1783458 ,  2.43981306])"
350,351,"array([-7.38679858,  2.45352993])"
351,352,"array([-7.30596278,  2.52243848])"
352,353,"array([-7.33260983,  2.48517878])"
353,354,"array([-7.30134138,  2.40241535])"
354,355,"array([-7.42420597,  2.35897579])"
355,356,"array([-7.28201423,  2.32337339])"
356,357,"array([-7.31033704,  2.27345445])"
357,358,"array([-7.31612299,  2.4776619 ])"
358,359,"array([-7.26673566,  2.40601004])"
359,360,"array([-7.42612646,  2.25683381])"
360,361,"array([-7.43076309,  2.27733663])"
361,362,"array([-7.28523056,  2.43138706])"
362,363,"array([-7.42773857,  2.23837528])"
363,364,"array([-7.33307235,  2.29340579])"
364,365,"array([-7.31467735,  2.45682347])"
365,366,"array([-7.27912854,  2.3756164 ])"
366,367,"array([-7.4343962 ,  2.35161243])"
367,368,"array([-7.34596234,  2.47176277])"
368,369,"array([-7.33768512,  2.4945143 ])"
369,370,"array([-7.27566419,  2.54558447])"
370,371,"array([-7.29503045,  2.33749933])"
371,372,"array([-7.33882864,  2.40271327])"
372,373,"array([-7.39564043,  2.43586145])"
373,374,"array([-7.23284552,  2.52001462])"
374,375,"array([-7.3296089,  2.500622 ])"
375,376,"array([-7.24037098,  2.4724592 ])"
376,377,"array([-7.44443211,  2.47653862])"
377,378,"array([-7.32144096,  2.39927553])"
378,379,"array([-7.29544079,  2.34942858])"
379,380,"array([-7.26697799,  2.23407824])"
380,381,"array([-7.30605087,  2.29604595])"
381,382,"array([-7.2916291 ,  2.23966668])"
382,383,"array([-7.30226379,  2.25866684])"
383,384,"array([-7.30375215,  2.28792076])"
384,385,"array([-7.26584446,  2.2542993 ])"
385,386,"array([-7.28444377,  2.26508937])"
386,387,"array([-7.26561134,  2.26929038])"
387,388,"array([-7.27638733,  2.27735227])"
388,389,"array([-7.28999159,  2.27420268])"
389,390,"array([-7.41048554,  2.27492071])"
390,391,"array([-7.28493336,  2.49552577])"
391,392,"array([-7.31937877,  2.415711  ])"
392,393,"array([-7.29745893,  2.2957257 ])"
393,394,"array([-7.22828122,  2.32733962])"
394,395,"array([-7.25775966,  2.48686643])"
395,396,"array([-7.25994434,  2.31583252])"
396,397,"array([-7.24821603,  2.39936272])"
397,398,"array([-7.30173096,  2.24611768])"
398,399,"array([-7.30653354,  2.43838363])"
399,400,"array([-7.42643642,  2.2955298 ])"
400,401,"array([-7.44813954,  2.25661425])"
401,402,"array([-7.26728099,  2.3741597 ])"
402,403,"array([-7.28022545,  2.39501134])"
403,404,"array([-7.31659061,  2.35195312])"
404,405,"array([-7.43151471,  2.41994846])"
405,406,"array([-7.21946003,  2.2029038 ])"
406,407,"array([-7.25799083,  2.24216859])"
407,408,"array([-7.27540843,  2.22674052])"
408,409,"array([-7.32322869,  2.30735019])"
409,410,"array([-7.30091381,  2.27636146])"
410,411,"array([-7.24631972,  2.28859957])"
411,412,"array([-7.24000428,  2.25683784])"
412,413,"array([-7.30549757,  2.33021087])"
413,414,"array([-7.30746231,  2.34058927])"
414,415,"array([-7.34385653,  2.48047156])"
415,416,"array([-7.31880717,  2.31797976])"
416,417,"array([-7.25513359,  2.50219909])"
417,418,"array([-7.36564523,  2.5370842 ])"
418,419,"array([-7.47288512,  2.51399367])"
419,420,"array([-7.38031487,  2.35621817])"
420,421,"array([-7.22927841,  2.4944898 ])"
421,422,"array([-7.43401607,  2.50229522])"
422,423,"array([-7.35367488,  2.53897123])"
423,424,"array([-7.36228166,  2.58529535])"
424,425,"array([-7.37268024,  2.47950146])"
425,426,"array([-7.39511014,  2.49586696])"
426,427,"array([-7.35898993,  2.50835869])"
427,428,"array([-7.39027371,  2.41089322])"
428,429,"array([-7.36541703,  2.41501148])"
429,430,"array([-7.41011218,  2.51370723])"
430,431,"array([-7.27445442,  2.31063654])"
431,432,"array([-7.20759919,  2.43046748])"
432,433,"array([-7.37919914,  2.27956752])"
433,434,"array([-7.29387814,  2.2872075 ])"
434,435,"array([-7.45775931,  2.33556144])"
435,436,"array([-7.48173926,  2.21257495])"
436,437,"array([-7.40080918,  2.27113718])"
437,438,"array([-7.36507246,  2.29366835])"
438,439,"array([-7.40213903,  2.28544078])"
439,440,"array([-7.42391662,  2.30675117])"
440,441,"array([-7.47105213,  2.28276302])"
441,442,"array([-7.50013236,  2.25353619])"
442,443,"array([-7.3253297 ,  2.33275365])"
443,444,"array([-7.37965731,  2.41015907])"
444,445,"array([-7.36348693,  2.48882667])"
445,446,"array([-7.41976627,  2.27847331])"
446,447,"array([-7.45202559,  2.50819943])"
447,448,"array([-7.40776127,  2.53710624])"
448,449,"array([-7.42923333,  2.545552  ])"
449,450,"array([-7.22399624,  2.40220635])"
450,451,"array([-7.37927906,  2.50199535])"
451,452,"array([-7.32542459,  2.47522487])"
452,453,"array([-7.43601309,  2.45564055])"
453,454,"array([-7.2632566 ,  2.41719711])"
454,455,"array([-7.32207256,  2.52245157])"
455,456,"array([-7.38269623,  2.4918114 ])"
456,457,"array([-7.28011289,  2.43925952])"
457,458,"array([-7.29317404,  2.48567807])"
458,459,"array([-7.2484873 ,  2.52455439])"
459,460,"array([-7.46732637,  2.52293073])"
460,461,"array([-7.39501441,  2.53878644])"
461,462,"array([-7.21701227,  2.44431976])"
462,463,"array([-7.16066286,  2.44320083])"
463,464,"array([-7.20281221,  2.40556503])"
464,465,"array([-7.23718678,  2.37069151])"
465,466,"array([-7.27732272,  2.42444614])"
466,467,"array([-7.31430451,  2.46649592])"
467,468,"array([-7.33251515,  2.32965227])"
468,469,"array([-7.47568163,  2.25854648])"
469,470,"array([-7.37935352,  2.38330695])"
470,471,"array([-7.47140657,  2.45211468])"
471,472,"array([-7.38048564,  2.24806062])"
472,473,"array([-7.45754479,  2.2092316 ])"
473,474,"array([-7.44917979,  2.27744452])"
474,475,"array([-7.47149381,  2.5022062 ])"
475,476,"array([-7.43082828,  2.51527242])"
476,477,"array([-7.48582318,  2.56517923])"
477,478,"array([-7.52082737,  2.55026958])"
478,479,"array([-7.4909302 ,  2.50412594])"
479,480,"array([-7.48090918,  2.46418723])"
480,481,"array([-7.44659556,  2.53203373])"
481,482,"array([-7.50511405,  2.54457853])"
482,483,"array([-7.46063117,  2.56584117])"
483,484,"array([-7.43599161,  2.52886174])"
484,485,"array([-7.42420058,  2.50758594])"
485,486,"array([-7.493113  ,  2.54948657])"
486,487,"array([-7.48320656,  2.53866816])"
487,488,"array([-7.56010613,  2.45334638])"
488,489,"array([-7.49256372,  2.35108902])"
489,490,"array([-7.53783841,  2.45728397])"
490,491,"array([-7.46094768,  2.50220753])"
491,492,"array([-7.54196197,  2.40923065])"
492,493,"array([-7.57711841,  2.46605734])"
493,494,"array([-7.57978733,  2.45044266])"
494,495,"array([-7.51288857,  2.37940137])"
495,496,"array([-7.36213734,  2.6425999 ])"
496,497,"array([-7.43624834,  2.57901555])"
497,498,"array([-7.31282445,  2.61008813])"
498,499,"array([-7.37319353,  2.59862907])"
499,500,"array([-7.3630422 ,  2.46481994])"
500,501,"array([-7.39932167,  2.38455917])"
501,502,"array([-7.56635733,  2.50807778])"
502,503,"array([-7.35164257,  2.31179883])"
503,504,"array([-7.2947445 ,  2.31504343])"
504,505,"array([-7.27356816,  2.34791274])"
505,506,"array([-7.34505685,  2.53155972])"
506,507,"array([-7.31059353,  2.42638342])"
507,508,"array([-7.37268969,  2.53060598])"
508,509,"array([-7.28473811,  2.47882491])"
509,510,"array([-7.40389613,  2.52566466])"
510,511,"array([-7.42047563,  2.53718016])"
511,512,"array([-7.32027228,  2.26847581])"
512,513,"array([-7.47714642,  2.48758566])"
513,514,"array([-7.48445133,  2.63989387])"
514,515,"array([-7.30371314,  2.54609513])"
515,516,"array([-7.59236306,  2.49528905])"
516,517,"array([-7.43571297,  2.38406865])"
517,518,"array([-7.43181808,  2.26590222])"
518,519,"array([-7.6029062,  2.4794419])"
519,520,"array([-7.43845256,  2.42870011])"
520,521,"array([-7.25652118,  2.44144139])"
521,522,"array([-7.41998637,  2.56592292])"
522,523,"array([-7.24946516,  2.48101217])"
523,524,"array([-7.2530367,  2.4271387])"
524,525,"array([-7.30026124,  2.58794829])"
525,526,"array([-7.25356286,  2.58481712])"
526,527,"array([-7.19744641,  2.38951479])"
527,528,"array([-7.27853251,  2.50419439])"
528,529,"array([-7.19486401,  2.42606996])"
529,530,"array([-7.45079259,  2.54859946])"
530,531,"array([-7.56125302,  2.46995761])"
531,532,"array([-7.41953067,  2.36825481])"
532,533,"array([-7.4046695 ,  2.55537483])"
533,534,"array([-7.44800279,  2.45790861])"
534,535,"array([-7.352705  ,  2.60022546])"
535,536,"array([-7.39888335,  2.56647466])"
536,537,"array([-7.36636736,  2.56568973])"
537,538,"array([-7.3340572 ,  2.53086288])"
538,539,"array([-7.33006292,  2.4251475 ])"
539,540,"array([-7.30764711,  2.36754719])"
540,541,"array([-7.37070828,  2.50866752])"
541,542,"array([-7.31485712,  2.28664771])"
542,543,"array([-7.35536039,  2.35422896])"
543,544,"array([-7.20294792,  2.47491523])"
544,545,"array([-7.36306179,  2.36802558])"
545,546,"array([-7.26337839,  2.46310008])"
546,547,"array([-7.33690444,  2.33912473])"
547,548,"array([-7.26337839,  2.54524575])"
548,549,"array([-7.36697541,  2.44501312])"
549,550,"array([-7.21231005,  2.36472453])"
550,551,"array([-7.31529732,  2.44666802])"
551,552,"array([-7.29687725,  2.26736536])"
552,553,"array([-7.34720961,  2.51597819])"
553,554,"array([-7.41721955,  2.49871702])"
554,555,"array([-7.31313202,  2.30427713])"
555,556,"array([-7.17242563,  2.27441183])"
556,557,"array([-7.1940515 ,  2.29316913])"
557,558,"array([-7.2293031 ,  2.35590987])"
558,559,"array([-7.19589636,  2.31386829])"
559,560,"array([-7.25744289,  2.1635545 ])"
560,561,"array([-7.12858681,  2.31325953])"
561,562,"array([-7.3031737 ,  2.46311228])"
562,563,"array([-7.49374459,  2.38319817])"
563,564,"array([-7.44187244,  2.48989637])"
564,565,"array([-7.45340357,  2.48455218])"
565,566,"array([-7.37102298,  2.38023161])"
566,567,"array([-7.27444816,  2.3861405 ])"
567,568,"array([-7.34169261,  2.46167483])"
568,569,"array([-7.41629482,  2.39087668])"
569,570,"array([-7.20903405,  2.46264128])"
570,571,"array([-7.31286056,  2.24428731])"
571,572,"array([-7.25755393,  2.47292165])"
572,573,"array([-7.26811924,  2.324165  ])"
573,574,"array([-7.36306932,  2.26908735])"
574,575,"array([-7.56494338,  2.22090384])"
575,576,"array([-7.47138857,  2.43991977])"
576,577,"array([-7.52198027,  2.28567312])"
577,578,"array([-7.30464149,  2.38641442])"
578,579,"array([-7.41234807,  2.43485557])"
579,580,"array([-7.43124163,  2.40598141])"
580,581,"array([-7.43490828,  2.32754853])"
581,582,"array([-7.512694  ,  2.42852965])"
582,583,"array([-7.5377554 ,  2.24709807])"
583,584,"array([-7.48531875,  2.27480203])"
584,585,"array([-7.35761599,  2.44564544])"
585,586,"array([-7.30007491,  2.41333641])"
586,587,"array([-7.21386511,  2.52955877])"
587,588,"array([-7.31909261,  2.49942325])"
588,589,"array([-7.31710669,  2.43570329])"
589,590,"array([-7.25661708,  2.28932978])"
590,591,"array([-7.27230666,  2.28749024])"
591,592,"array([-7.3668519 ,  2.20154029])"
592,593,"array([-7.32881714,  2.17623266])"
593,594,"array([-7.41286724,  2.20154377])"
594,595,"array([-7.35825411,  2.18011469])"
595,596,"array([-7.3708068 ,  2.18953434])"
596,597,"array([-7.20465935,  2.48901142])"
597,598,"array([-7.2319175 ,  2.46616133])"
598,599,"array([-7.43923793,  2.19934446])"
599,600,"array([-7.37513353,  2.17773968])"
600,601,"array([-7.46624691,  2.18268626])"
601,602,"array([-7.20734875,  2.39438761])"
602,603,"array([-7.25619872,  2.45447084])"
603,604,"array([-7.23111937,  2.42046901])"
604,605,"array([-7.38277519,  2.58696274])"
605,606,"array([-7.24413198,  2.46272668])"
606,607,"array([-7.3988409 ,  2.51537093])"
607,608,"array([-7.19082725,  2.48617835])"
608,609,"array([-7.22145445,  2.56403571])"
609,610,"array([-7.17891046,  2.49618251])"
610,611,"array([-7.29328803,  2.46991158])"
611,612,"array([-7.24805419,  2.55019823])"
612,613,"array([-7.23467287,  2.50561837])"
613,614,"array([-7.35345104,  2.5252255 ])"
614,615,"array([-7.23788543,  2.60074514])"
615,616,"array([-7.32919285,  2.11737813])"
616,617,"array([-7.33623044,  2.22048733])"
617,618,"array([-7.30749749,  2.12189372])"
618,619,"array([-7.34806082,  2.11321386])"
619,620,"array([-7.3460102 ,  2.33626762])"
620,621,"array([-7.18785599,  2.41195491])"
621,622,"array([-7.18573374,  2.40035949])"
622,623,"array([-7.1750951 ,  2.40691166])"
623,624,"array([-7.2183018 ,  2.41183988])"
624,625,"array([-7.23409239,  2.39421949])"
625,626,"array([-7.11990843,  2.37359832])"
626,627,"array([-7.10457248,  2.34463837])"
627,628,"array([-7.10654555,  2.30411136])"
628,629,"array([-7.36953121,  2.21552319])"
629,630,"array([-7.19983572,  2.50449453])"
630,631,"array([-7.23267559,  2.48340222])"
631,632,"array([-7.36673316,  2.50044697])"
632,633,"array([-7.3379779 ,  2.35264288])"
633,634,"array([-7.16442426,  2.48069331])"
634,635,"array([-7.03717757,  2.39662457])"
635,636,"array([-7.14173491,  2.32145012])"
636,637,"array([-7.55857592,  2.4055607 ])"
637,638,"array([-7.33243982,  2.41280641])"
638,639,"array([-7.24888575,  2.5352099 ])"
639,640,"array([-7.42606749,  2.20822395])"
640,641,"array([-7.41442492,  2.25561069])"
641,642,"array([-7.43637981,  2.22973612])"
642,643,"array([-7.43756555,  2.25471362])"
643,644,"array([-7.43906909,  2.16526164])"
644,645,"array([-7.42966667,  2.18992988])"
645,646,"array([-7.34916529,  2.1950466 ])"
646,647,"array([-7.38713498,  2.19058548])"
647,648,"array([-7.3697001,  2.2448995])"
648,649,"array([-7.33245421,  2.32080086])"
649,650,"array([-7.37046599,  2.2326788 ])"
650,651,"array([-7.46275871,  2.21948511])"
651,652,"array([-7.33297601,  2.57486579])"
652,653,"array([-7.34343602,  2.62104725])"
653,654,"array([-7.30981163,  2.50012432])"
654,655,"array([-7.28753281,  2.59570808])"
655,656,"array([-7.29022938,  2.50512822])"
656,657,"array([-7.27188967,  2.51617819])"
657,658,"array([-7.50009603,  2.46861124])"
658,659,"array([-7.30396586,  2.4722347 ])"
659,660,"array([-7.34811615,  2.4901182 ])"
660,661,"array([-7.24771128,  2.51038747])"
661,662,"array([-7.33601486,  2.47355314])"
662,663,"array([-7.38063247,  2.52287616])"
663,664,"array([-7.36299651,  2.61923851])"
664,665,"array([-7.23764194,  2.56184356])"
665,666,"array([-7.48855223,  2.29807793])"
666,667,"array([-7.56305716,  2.24741356])"
667,668,"array([-7.5457857 ,  2.33952889])"
668,669,"array([-7.52456869,  2.38663259])"
669,670,"array([-7.62578507,  2.33718319])"
670,671,"array([-7.4796357 ,  2.32111478])"
671,672,"array([-7.48292299,  2.30795339])"
672,673,"array([-7.50045621,  2.30521677])"
673,674,"array([-7.61200087,  2.34816621])"
674,675,"array([-7.54256402,  2.38059333])"
675,676,"array([-7.36699469,  2.25744895])"
676,677,"array([-7.34691261,  2.40000532])"
677,678,"array([-7.51243964,  2.29831211])"
678,679,"array([-7.4748594 ,  2.14956325])"
679,680,"array([-7.48723294,  2.25883342])"
680,681,"array([-7.48752597,  2.1637635 ])"
681,682,"array([-7.50973406,  2.44239871])"
682,683,"array([-7.39543125,  2.14166244])"
683,684,"array([-7.5056009 ,  2.19328539])"
684,685,"array([-7.6070259 ,  2.30873303])"
685,686,"array([-7.46437991,  2.2944809 ])"
686,687,"array([-7.36180724,  2.37692112])"
687,688,"array([-7.34970429,  2.36166829])"
688,689,"array([-7.55247659,  2.36604265])"
689,690,"array([-7.5375421 ,  2.27008801])"
690,691,"array([-7.42569676,  2.44551578])"
691,692,"array([-7.36934534,  2.31323929])"
692,693,"array([-7.47106201,  2.31009749])"
693,694,"array([-7.52768165,  2.35586342])"
694,695,"array([-7.39871741,  2.20411369])"
695,696,"array([-7.40078515,  2.16473103])"
696,697,"array([-7.37646547,  2.26788662])"
697,698,"array([-7.4080952 ,  2.23172342])"
698,699,"array([-7.54072795,  2.28785982])"
699,700,"array([-7.31361833,  2.51361951])"
700,701,"array([-7.32389423,  2.55821484])"
701,702,"array([-7.42457817,  2.4595095 ])"
702,703,"array([-7.36851323,  2.32685711])"
703,704,"array([-7.30927507,  2.41695342])"
704,705,"array([-7.42216517,  2.42701347])"
705,706,"array([-7.4358469 ,  2.55613859])"
706,707,"array([-7.32590004,  2.51107111])"
707,708,"array([-7.24492093,  2.49451675])"
708,709,"array([-7.44546515,  2.49780146])"
709,710,"array([-7.1852828 ,  2.30236202])"
710,711,"array([-7.28344127,  2.41459022])"
711,712,"array([-7.21849864,  2.42475452])"
712,713,"array([-7.22493782,  2.36886923])"
713,714,"array([-7.138896  ,  2.34130925])"
714,715,"array([-7.28368062,  2.4633849 ])"
715,716,"array([-7.39881864,  2.58965669])"
716,717,"array([-7.54118942,  2.52077767])"
717,718,"array([-7.2974879 ,  2.51909863])"
718,719,"array([-7.20537348,  2.30385193])"
719,720,"array([-7.20642371,  2.34147585])"
720,721,"array([-7.24342864,  2.33422131])"
721,722,"array([-7.14426096,  2.3001343 ])"
722,723,"array([-7.17771896,  2.29271289])"
723,724,"array([-7.24014548,  2.26663344])"
724,725,"array([-7.33394707,  2.23587466])"
725,726,"array([-7.28323342,  2.25206113])"
726,727,"array([-7.29160279,  2.39399381])"
727,728,"array([-7.17596319,  2.21565958])"
728,729,"array([-7.32553628,  2.2556712 ])"
729,730,"array([-7.28525089,  2.3024799 ])"
730,731,"array([-7.19365816,  2.26533823])"
731,732,"array([-7.11619803,  2.23112952])"
732,733,"array([-7.10288803,  2.24687588])"
733,734,"array([-7.16469261,  2.39354499])"
734,735,"array([-7.16349302,  2.29879498])"
735,736,"array([-7.26280964,  2.28142228])"
736,737,"array([-7.16873813,  2.32852227])"
737,738,"array([-7.13377946,  2.28723692])"
738,739,"array([-7.15201913,  2.2775416 ])"
739,740,"array([-7.11589224,  2.26297397])"
740,741,"array([-7.22245538,  2.37994443])"
741,742,"array([-7.32056888,  2.20966868])"
742,743,"array([-7.22930167,  2.26757501])"
743,744,"array([-7.24957178,  2.22923621])"
744,745,"array([-7.24157351,  2.21678778])"
745,746,"array([-7.20305245,  2.22626009])"
746,747,"array([-7.2070636 ,  2.25764598])"
747,748,"array([-7.22668366,  2.21903456])"
748,749,"array([-7.24831869,  2.31293037])"
749,750,"array([-7.2655332 ,  2.43161404])"
750,751,"array([-7.20121032,  2.58601378])"
751,752,"array([-7.22547577,  2.54645193])"
752,753,"array([-7.21779433,  2.50251158])"
753,754,"array([-7.20689072,  2.55001111])"
754,755,"array([-7.34762901,  2.58189797])"
755,756,"array([-7.29217308,  2.25166437])"
756,757,"array([-7.52049122,  2.53491513])"
757,758,"array([-7.66295154,  2.51912108])"
758,759,"array([-7.65280153,  2.54425593])"
759,760,"array([-7.62918631,  2.36554947])"
760,761,"array([-7.45187859,  2.46850975])"
761,762,"array([-7.53996741,  2.47616126])"
762,763,"array([-7.60248843,  2.40577059])"
763,764,"array([-7.25756889,  2.56177914])"
764,765,"array([-7.23085483,  2.44752159])"
765,766,"array([-7.18721937,  2.35155414])"
766,767,"array([-7.31346384,  2.40665808])"
767,768,"array([-7.14125676,  2.49922839])"
768,769,"array([-7.2951054 ,  2.53316086])"
769,770,"array([-7.2926473,  2.5641166])"
770,771,"array([-7.25543785,  2.6165231 ])"
771,772,"array([-7.30821034,  2.56119519])"
772,773,"array([-7.21959939,  2.27884572])"
773,774,"array([-7.15492787,  2.33590549])"
774,775,"array([-7.34490622,  2.29526473])"
775,776,"array([-7.50274729,  2.28460953])"
776,777,"array([-7.50965334,  2.23816752])"
777,778,"array([-7.49083672,  2.24143658])"
778,779,"array([-7.49427143,  2.18143401])"
779,780,"array([-7.44377612,  2.21391937])"
780,781,"array([-7.4516337 ,  2.19440687])"
781,782,"array([-7.52121552,  2.1375185 ])"
782,783,"array([-7.34836171,  2.22445555])"
783,784,"array([-7.27475012,  2.21218347])"
784,785,"array([-7.40757129,  2.1059783 ])"
785,786,"array([-7.41238794,  2.18759207])"
786,787,"array([-7.36279246,  2.14897074])"
787,788,"array([-7.3097482 ,  2.21917785])"
788,789,"array([-7.32453714,  2.15076977])"
789,790,"array([-7.41808552,  2.17595164])"
790,791,"array([-7.43427476,  2.14465769])"
791,792,"array([-7.38757319,  2.17437345])"
792,793,"array([-7.20630799,  2.3265579 ])"
793,794,"array([-7.33146991,  2.19173563])"
794,795,"array([-7.21470984,  2.35009401])"
795,796,"array([-7.35002194,  2.20856921])"
796,797,"array([-7.37900336,  2.16006119])"
797,798,"array([-7.41494311,  2.15707112])"
798,799,"array([-7.37943374,  2.12588437])"
799,800,"array([-7.38529811,  2.09788206])"
800,801,"array([-7.41321871,  2.13089616])"
801,802,"array([-7.47542901,  2.1930846 ])"
802,803,"array([-7.41255694,  2.06830671])"
803,804,"array([-7.43909422,  2.07571308])"
804,805,"array([-7.63890817,  2.45355518])"
805,806,"array([-7.56154293,  2.29549834])"
806,807,"array([-7.49773775,  2.22769306])"
807,808,"array([-7.48377894,  2.51915136])"
808,809,"array([-7.33195274,  2.26877078])"
809,810,"array([-7.36345023,  2.47551305])"
810,811,"array([-7.45627464,  2.44749813])"
811,812,"array([-7.27193194,  2.48760334])"
812,813,"array([-7.3377276 ,  2.30908706])"
813,814,"array([-7.2614641 ,  2.51520697])"
814,815,"array([-7.38232135,  2.54101259])"
815,816,"array([-7.44412325,  2.51475561])"
816,817,"array([-7.40635402,  2.50129027])"
817,818,"array([-7.28034877,  2.45033783])"
818,819,"array([-7.26411968,  2.53212781])"
819,820,"array([-7.30598948,  2.57358677])"
820,821,"array([-7.25699417,  2.40700788])"
821,822,"array([-7.21655023,  2.48756982])"
822,823,"array([-7.53563169,  2.53767945])"
823,824,"array([-7.47971026,  2.55118336])"
824,825,"array([-7.26628131,  2.49746003])"
825,826,"array([-7.25930816,  2.36673317])"
826,827,"array([-7.32329536,  2.46532975])"
827,828,"array([-7.28784146,  2.6527591 ])"
828,829,"array([-7.30036852,  2.49380638])"
829,830,"array([-7.1742562 ,  2.34981417])"
830,831,"array([-7.31522965,  2.3269728 ])"
831,832,"array([-7.59990658,  2.43615236])"
832,833,"array([-7.31263103,  2.25925748])"
833,834,"array([-7.31895838,  2.22784454])"
834,835,"array([-7.24341024,  2.43505955])"
835,836,"array([-7.45189163,  2.34797086])"
836,837,"array([-7.59033429,  2.33365898])"
837,838,"array([-7.52888376,  2.34264723])"
838,839,"array([-7.5914313 ,  2.38836014])"
839,840,"array([-7.28359926,  2.53584359])"
840,841,"array([-7.2971204 ,  2.60828069])"
841,842,"array([-7.23784167,  2.61881305])"
842,843,"array([-7.30378535,  2.63477368])"
843,844,"array([-7.41898935,  2.52233385])"
844,845,"array([-7.30915914,  2.65201056])"
845,846,"array([-7.28589369,  2.51853732])"
846,847,"array([-7.49972874,  2.56296967])"
847,848,"array([-7.51054793,  2.52397588])"
848,849,"array([-7.49610349,  2.53375643])"
849,850,"array([-7.53025606,  2.22374771])"
850,851,"array([-7.20356735,  2.2836452 ])"
851,852,"array([-7.1370296 ,  2.25294749])"
852,853,"array([-7.35078329,  2.55165701])"
853,854,"array([-7.40898046,  2.57595104])"
854,855,"array([-7.38664064,  2.56436883])"
855,856,"array([-7.34567747,  2.63857677])"
856,857,"array([-7.32746163,  2.63262266])"
857,858,"array([-7.37938979,  2.63065255])"
858,859,"array([-7.33716105,  2.28121789])"
859,860,"array([-7.2019732 ,  2.35558676])"
860,861,"array([-7.24477041,  2.36205358])"
861,862,"array([-7.64893519,  2.41973626])"
862,863,"array([-7.43636789,  2.12604268])"
863,864,"array([-7.35380944,  2.56922531])"
864,865,"array([-7.22553592,  2.18543371])"
865,866,"array([-7.19591859,  2.33809409])"
866,867,"array([-7.62315012,  2.26362067])"
867,868,"array([-7.44592806,  2.56588813])"
868,869,"array([-7.45139947,  2.58290176])"
869,870,"array([-7.46024301,  2.5369344 ])"
870,871,"array([-7.45564457,  2.60050881])"
871,872,"array([-7.21634878,  2.5152622 ])"
872,873,"array([-7.62904623,  2.41231685])"
873,874,"array([-7.56752065,  2.36745357])"
874,875,"array([-7.56773088,  2.41987186])"
875,876,"array([-7.64121592,  2.3925731 ])"
876,877,"array([-7.60395519,  2.37178536])"
877,878,"array([-7.59219853,  2.35226271])"
878,879,"array([-7.56030515,  2.32921437])"
879,880,"array([-7.62942888,  2.31406419])"
880,881,"array([-7.51115063,  2.45586102])"
881,882,"array([-7.48130007,  2.391882  ])"
882,883,"array([-7.20458632,  2.41589088])"
883,884,"array([-7.32720821,  2.28564804])"
884,885,"array([-7.28568965,  2.20482463])"
885,886,"array([-7.29731469,  2.21642063])"
886,887,"array([-7.29902256,  2.2038481 ])"
887,888,"array([-7.28683304,  2.2209268 ])"
888,889,"array([-7.26063221,  2.21947159])"
889,890,"array([-7.25346942,  2.26071726])"
890,891,"array([-7.24179202,  2.27935807])"
891,892,"array([-7.27354947,  2.26229884])"
892,893,"array([-7.30093744,  2.23005478])"
893,894,"array([-7.2268505,  2.2943028])"
894,895,"array([-7.27959358,  2.23738774])"
895,896,"array([-7.23087595,  2.28247026])"
896,897,"array([-7.62547637,  2.43628163])"
897,898,"array([-7.20220174,  2.37635256])"
898,899,"array([-7.17206798,  2.37904722])"
899,900,"array([-7.19303907,  2.4421875 ])"
900,901,"array([-7.51383828,  2.1643687 ])"
901,902,"array([-7.18627561,  2.36312422])"
902,903,"array([-7.13267491,  2.36308593])"
903,904,"array([-7.23515876,  2.22994032])"
904,905,"array([-7.22079001,  2.30546875])"
905,906,"array([-7.09241602,  2.27152323])"
906,907,"array([-7.14732202,  2.3548899 ])"
907,908,"array([-7.2651856 ,  2.30487751])"
908,909,"array([-7.1098801 ,  2.44050273])"
909,910,"array([-7.12666444,  2.40569518])"
910,911,"array([-7.10909671,  2.41335255])"
911,912,"array([-7.17876797,  2.33640426])"
912,913,"array([-7.26772925,  2.57522589])"
913,914,"array([-7.29172667,  2.54761384])"
914,915,"array([-7.50793963,  2.21330514])"
915,916,"array([-7.52338673,  2.18334274])"
916,917,"array([-7.53153009,  2.19925582])"
917,918,"array([-7.50783997,  2.0718115 ])"
918,919,"array([-7.41836257,  2.55354886])"
919,920,"array([-7.24794855,  2.24780488])"
920,921,"array([-7.39016271,  2.52553299])"
921,922,"array([-7.48751871,  2.47600556])"
922,923,"array([-7.32151672,  2.57004023])"
923,924,"array([-7.16552153,  2.4167492 ])"
924,925,"array([-7.16570315,  2.52900928])"
925,926,"array([-7.34629413,  2.15451567])"
926,927,"array([-7.34435873,  2.17232631])"
927,928,"array([-7.39022483,  2.6019819 ])"
928,929,"array([-7.37564678,  2.57220311])"
929,930,"array([-7.39069338,  2.55048785])"
930,931,"array([-7.23433498,  2.5778723 ])"
931,932,"array([-7.24137093,  2.42205141])"
932,933,"array([-7.43680411,  2.60557784])"
933,934,"array([-7.41621087,  2.60810222])"
934,935,"array([-7.52574764,  2.46971219])"
935,936,"array([-7.23586219,  2.19839537])"
936,937,"array([-7.26367162,  2.19628129])"
937,938,"array([-7.25067342,  2.20239013])"
938,939,"array([-7.52522777,  2.48982149])"
939,940,"array([-7.18812696,  2.21112798])"
940,941,"array([-7.15588848,  2.22109872])"
941,942,"array([-7.2159502 ,  2.29091278])"
942,943,"array([-7.169149  ,  2.23611386])"
943,944,"array([-7.15925586,  2.2505777 ])"
944,945,"array([-7.22187214,  2.25250093])"
945,946,"array([-7.19170179,  2.2473061 ])"
946,947,"array([-7.1210372 ,  2.49031916])"
947,948,"array([-7.06274996,  2.47610005])"
948,949,"array([-7.06114951,  2.45524483])"
949,950,"array([-7.3413365 ,  2.56460789])"
950,951,"array([-7.26934183,  2.60201209])"
951,952,"array([-7.28372635,  2.57548312])"
952,953,"array([-7.27439413,  2.52818379])"
953,954,"array([-7.30871152,  2.53565131])"
954,955,"array([-7.15907852,  2.4588147 ])"
955,956,"array([-7.56873765,  2.38680584])"
956,957,"array([-7.50200359,  2.48135029])"
957,958,"array([-7.27290904,  2.24431345])"
958,959,"array([-7.57260669,  2.35305881])"
959,960,"array([-7.1817303,  2.4238495])"
960,961,"array([-7.17647621,  2.25563824])"
961,962,"array([-7.314308  ,  2.54781508])"
962,963,"array([-7.16732987,  2.42924719])"
963,964,"array([-7.55649271,  2.28019979])"
964,965,"array([-7.35723067,  2.23596742])"
965,966,"array([-7.56988225,  2.3097634 ])"
966,967,"array([-7.14073067,  2.53461153])"
967,968,"array([-7.19647489,  2.53566694])"
968,969,"array([-7.1281813 ,  2.51742317])"
969,970,"array([-7.12404312,  2.54503568])"
970,971,"array([-7.14006138,  2.55940084])"
971,972,"array([-7.55890482,  2.54909082])"
972,973,"array([-7.5679385 ,  2.53290511])"
973,974,"array([-7.18991562,  2.3259057 ])"
974,975,"array([-7.36410768,  2.52087635])"
975,976,"array([-7.23602052,  2.24216041])"
976,977,"array([-7.2286573 ,  2.12928276])"
977,978,"array([-7.24403759,  2.18129213])"
978,979,"array([-7.28318441,  2.62464045])"
979,980,"array([-7.23142537,  2.53111363])"
980,981,"array([-7.22272061,  2.23841309])"
981,982,"array([-7.20773047,  2.24093621])"
982,983,"array([-7.25508292,  2.30213842])"
983,984,"array([-7.19080522,  2.56682238])"
984,985,"array([-7.17692348,  2.4533912 ])"
985,986,"array([-7.20279525,  2.20533084])"
986,987,"array([-7.55465191,  2.3821831 ])"
987,988,"array([-7.16528333,  2.36471137])"
988,989,"array([-7.16060354,  2.35129941])"
989,990,"array([-7.22280609,  2.45921905])"
990,991,"array([-7.19116751,  2.13908246])"
991,992,"array([-7.21458622,  2.21851942])"
992,993,"array([-7.26763016,  2.18046548])"
993,994,"array([-7.41829258,  2.64044807])"
994,995,"array([-7.47182567,  2.5615787 ])"
995,996,"array([-7.49736799,  2.51474748])"
996,997,"array([-7.33589367,  2.68012472])"
997,998,"array([-7.38352575,  2.66885627])"
998,999,"array([-7.2783795 ,  2.55962555])"
999,1000,"array([-7.38972438,  2.64499366])"
1000,1001,"array([-7.33908404,  2.54757989])"
1001,1002,"array([-7.48910469,  2.49037188])"
1002,1003,"array([-7.18787203,  2.23419828])"
1003,1004,"array([-7.1065504 ,  2.39166159])"
1004,1005,"array([-7.14196298,  2.38506355])"
1005,1006,"array([-7.45378631,  2.14905083])"
1006,1007,"array([-7.46382892,  2.46277371])"
1007,1008,"array([-7.43311312,  2.62479181])"
1008,1009,"array([-7.27217464,  2.45977526])"
1009,1010,"array([-7.39674471,  2.47161296])"
1010,1011,"array([-7.20615773,  2.45122898])"
1011,1012,"array([-7.1285724 ,  2.45562829])"
1012,1013,"array([-7.14304448,  2.43646935])"
1013,1014,"array([-7.12486695,  2.38962218])"
1014,1015,"array([-7.2164107 ,  2.60125109])"
1015,1016,"array([-7.18352437,  2.51281543])"
1016,1017,"array([-7.15715623,  2.58366249])"
1017,1018,"array([-7.18002206,  2.61864309])"
1018,1019,"array([-7.17138255,  2.56900906])"
1019,1020,"array([-7.53800706,  2.56430618])"
1020,1021,"array([-7.55607374,  2.61251898])"
1021,1022,"array([-7.50972912,  2.62362245])"
1022,1023,"array([-7.45168683,  2.61738961])"
1023,1024,"array([-7.52577344,  2.58074109])"
1024,1025,"array([-7.57254191,  2.5701761 ])"
1025,1026,"array([-7.51717907,  2.56700719])"
1026,1027,"array([-7.56044667,  2.58500662])"
1027,1028,"array([-7.09904817,  2.49271356])"
1028,1029,"array([-7.07688516,  2.40905516])"
1029,1030,"array([-7.14222097,  2.47183723])"
1030,1031,"array([-7.15983013,  2.49624212])"
1031,1032,"array([-7.18446019,  2.38788233])"
1032,1033,"array([-7.30543824,  2.18239553])"
1033,1034,"array([-7.48467788,  2.44874532])"
1034,1035,"array([-7.49340115,  2.58023224])"
1035,1036,"array([-7.53124037,  2.61412589])"
1036,1037,"array([-7.54040176,  2.50143248])"
1037,1038,"array([-7.47532396,  2.5775826 ])"
1038,1039,"array([-7.49131432,  2.61230586])"
1039,1040,"array([-7.49661155,  2.67463372])"
1040,1041,"array([-7.47076637,  2.59439205])"
1041,1042,"array([-7.52037764,  2.66766752])"
1042,1043,"array([-7.50452676,  2.6027939 ])"
1043,1044,"array([-7.57887277,  2.61439606])"
1044,1045,"array([-7.53852222,  2.59350011])"
1045,1046,"array([-7.54925236,  2.23053836])"
1046,1047,"array([-7.61986298,  2.38673156])"
1047,1048,"array([-7.24901947,  2.66134296])"
1048,1049,"array([-7.35766035,  2.66434984])"
1049,1050,"array([-7.21295651,  2.38551017])"
1050,1051,"array([-7.23961337,  2.16047042])"
1051,1052,"array([-7.52943776,  2.72470562])"
1052,1053,"array([-7.16307383,  2.51329243])"
1053,1054,"array([-7.12260201,  2.34438822])"
1054,1055,"array([-7.54814995,  2.42411783])"
1055,1056,"array([-7.34970671,  2.71249918])"
1056,1057,"array([-7.32887643,  2.65939861])"
1057,1058,"array([-7.18202708,  2.53057928])"
1058,1059,"array([-7.41883541,  2.58904909])"
1059,1060,"array([-7.33237035,  2.60639062])"
1060,1061,"array([-7.33321909,  2.59161966])"
1061,1062,"array([-7.31698973,  2.58815399])"
1062,1063,"array([-7.28446034,  2.17731997])"
1063,1064,"array([-7.21548229,  2.07132445])"
1064,1065,"array([-7.07257126,  2.30510272])"
1065,1066,"array([-7.11322011,  2.32805193])"
1066,1067,"array([-7.18641762,  2.37660491])"
1067,1068,"array([-7.19621826,  2.51826269])"
1068,1069,"array([-7.15628189,  2.38104348])"
1069,1070,"array([-7.15101996,  2.37048354])"
1070,1071,"array([-7.15054352,  2.41579487])"
1071,1072,"array([-7.12227921,  2.60167909])"
1072,1073,"array([-7.26469985,  2.63771609])"
1073,1074,"array([-7.3616617 ,  2.08013676])"
1074,1075,"array([-7.25105964,  2.12161185])"
1075,1076,"array([-7.3097193 ,  2.06440505])"
1076,1077,"array([-7.10914046,  2.52316367])"
1077,1078,"array([-7.12927567,  2.42454237])"
1078,1079,"array([-7.07749999,  2.49510261])"
1079,1080,"array([-7.15240214,  2.61546553])"
1080,1081,"array([-7.16818799,  2.64071924])"
1081,1082,"array([-7.19104843,  2.64659199])"
1082,1083,"array([-7.20880573,  2.65825185])"
1083,1084,"array([-7.18243826,  2.59157742])"
1084,1085,"array([-7.3139603 ,  2.09605623])"
1085,1086,"array([-7.54442342,  2.21033067])"
1086,1087,"array([-7.61197835,  2.4636564 ])"
1087,1088,"array([-7.60422501,  2.53312624])"
1088,1089,"array([-7.6146667,  2.5150768])"
1089,1090,"array([-7.4026772 ,  2.62266508])"
1090,1091,"array([-7.37815142,  2.72400868])"
1091,1092,"array([-7.59855545,  2.2480292 ])"
1092,1093,"array([-7.58197009,  2.17685913])"
1093,1094,"array([-7.65417873,  2.33842159])"
1094,1095,"array([-7.64601559,  2.28800332])"
1095,1096,"array([-7.28519036,  2.69590392])"
1096,1097,"array([-7.52583843,  2.51360085])"
1097,1098,"array([-7.50502264,  2.58560532])"
1098,1099,"array([-7.03225544,  2.32013459])"
1099,1100,"array([-7.19954877,  2.17473641])"
1100,1101,"array([-7.61319892,  2.59651242])"
1101,1102,"array([-7.10404601,  2.47111463])"
1102,1103,"array([-7.04581383,  2.54036711])"
1103,1104,"array([-7.20931664,  2.7069634 ])"
1104,1105,"array([-7.10801593,  2.36196305])"
1105,1106,"array([-7.53422859,  2.10153359])"
1106,1107,"array([-7.55597903,  2.64441701])"
1107,1108,"array([-7.28042811,  2.10948751])"
1108,1109,"array([-7.58819103,  2.29645145])"
1109,1110,"array([-7.58674348,  2.31492692])"
1110,1111,"array([-7.57504861,  2.26772126])"
1111,1112,"array([-7.47417606,  2.62099144])"
1112,1113,"array([-7.27747766,  2.1534519 ])"
1113,1114,"array([-7.52687119,  2.64158995])"
1114,1115,"array([-7.6819198,  2.3636025])"
1115,1116,"array([-7.29883008,  2.1509462 ])"
1116,1117,"array([-7.16974603,  2.16761212])"
1117,1118,"array([-7.07363323,  2.36505832])"
1118,1119,"array([-7.45316414,  2.66920469])"
1119,1120,"array([-7.41833411,  2.67300975])"
1120,1121,"array([-7.17321938,  2.67201282])"
1121,1122,"array([-7.06240112,  2.43276547])"
1122,1123,"array([-7.29175532,  2.72139661])"
1123,1124,"array([-7.13928417,  2.15738769])"
1124,1125,"array([-7.39650945,  2.76247785])"
1125,1126,"array([-7.31071729,  2.6760632 ])"
1126,1127,"array([-7.16664745,  2.54957511])"
1127,1128,"array([-7.48145725,  2.71582275])"
1128,1129,"array([-7.07361144,  2.57135999])"
1129,1130,"array([-7.23348424,  2.73213716])"
1130,1131,"array([-7.09096757,  2.67845849])"
1131,1132,"array([-7.70558207,  2.48729102])"
1132,1133,"array([-7.26707456,  2.7814492 ])"
