# source, target, _graphml_edge_id, name
0,96,,
0,163,,
0,4,,
0,328,,
0,119,,
0,252,,
0,203,,
0,301,,
0,174,,
0,111,,
0,136,,
0,177,,
0,213,,
0,246,,
0,311,,
0,25,,
0,58,,
0,91,,
0,60,,
0,94,,
1,288,,
1,65,,
1,227,,
1,36,,
1,294,,
1,262,,
1,210,,
1,340,,
1,310,,
1,164,,
1,101,,
1,286,,
1,319,,
3,225,,
3,259,,
3,179,,
3,134,,
3,266,,
3,17,,
3,195,,
3,123,,
4,96,,
4,354,,
4,163,,
4,328,,
4,119,,
4,60,,
4,203,,
4,301,,
4,111,,
4,177,,
4,146,,
4,213,,
4,342,,
4,311,,
4,25,,
4,136,,
4,91,,
4,252,,
4,94,,
5,293,,
5,267,,
5,61,,
5,338,,
5,275,,
5,247,,
5,250,,
5,314,,
6,330,,
6,251,,
6,309,,
7,304,,
7,64,,
7,242,,
7,34,,
8,328,,
8,301,,
8,177,,
8,146,,
8,58,,
8,91,,
8,60,,
8,94,,
9,133,,
9,134,,
9,136,,
9,137,,
9,139,,
9,141,,
9,142,,
9,15,,
9,274,,
9,148,,
9,282,,
9,33,,
9,290,,
9,35,,
9,38,,
9,44,,
9,191,,
9,192,,
9,69,,
9,353,,
9,73,,
9,126,,
9,83,,
9,341,,
9,215,,
9,350,,
9,223,,
9,97,,
9,226,,
9,229,,
9,359,,
9,233,,
9,116,,
9,117,,
9,254,,
10,264,,
10,303,,
10,304,,
10,49,,
10,279,,
10,186,,
10,271,,
11,21,,
12,233,,
13,304,,
13,337,,
13,34,,
13,117,,
13,63,,
15,260,,
15,134,,
15,266,,
15,139,,
15,141,,
15,274,,
15,148,,
15,34,,
15,44,,
15,137,,
15,192,,
15,69,,
15,73,,
15,83,,
15,350,,
15,97,,
15,359,,
15,233,,
15,237,,
15,125,,
15,254,,
16,305,,
16,332,,
16,167,,
17,259,,
17,179,,
17,195,,
17,266,,
17,123,,
17,134,,
18,39,,
18,148,,
18,69,,
18,359,,
19,216,,
19,331,,
19,134,,
21,298,,
21,249,,
21,306,,
21,157,,
22,32,,
22,92,,
23,288,,
23,130,,
23,99,,
23,68,,
23,101,,
23,131,,
23,76,,
23,206,,
23,175,,
23,164,,
23,29,,
23,323,,
23,90,,
23,245,,
23,214,,
23,340,,
23,346,,
23,188,,
23,221,,
23,158,,
23,181,,
24,87,,
25,96,,
25,354,,
25,328,,
25,119,,
25,203,,
25,60,,
25,111,,
25,320,,
25,177,,
25,146,,
25,83,,
25,213,,
25,311,,
25,58,,
25,91,,
25,252,,
25,253,,
25,94,,
26,200,,
26,30,,
26,359,,
28,250,,
28,154,,
28,61,,
28,302,,
28,311,,
29,128,,
29,181,,
29,99,,
29,101,,
29,294,,
29,232,,
29,151,,
29,288,,
29,175,,
29,53,,
29,214,,
29,90,,
29,346,,
29,277,,
30,359,,
31,65,,
31,36,,
31,310,,
31,171,,
31,206,,
31,210,,
31,340,,
31,54,,
31,164,,
31,124,,
31,319,,
32,355,,
32,69,,
32,359,,
32,297,,
32,126,,
32,336,,
32,83,,
32,148,,
32,149,,
32,350,,
32,191,,
32,254,,
32,229,,
33,318,,
33,226,,
33,69,,
33,359,,
33,126,,
33,44,,
33,258,,
33,79,,
33,336,,
33,147,,
33,148,,
33,85,,
33,137,,
33,116,,
33,255,,
33,297,,
33,350,,
33,191,,
34,260,,
34,134,,
34,137,,
34,148,,
34,281,,
34,159,,
34,41,,
34,44,,
34,304,,
34,186,,
34,63,,
34,192,,
34,325,,
34,73,,
34,334,,
34,83,,
34,212,,
34,346,,
34,350,,
34,243,,
34,117,,
35,192,,
35,226,,
35,69,,
35,359,,
35,138,,
35,139,,
35,44,,
35,126,,
35,240,,
35,83,,
35,148,,
35,350,,
35,137,,
35,254,,
36,128,,
36,340,,
36,124,,
37,64,,
37,100,,
37,315,,
37,356,,
37,150,,
38,134,,
38,139,,
38,148,,
38,265,,
38,44,,
38,174,,
38,137,,
38,192,,
38,69,,
38,73,,
38,335,,
38,82,,
38,211,,
38,343,,
38,350,,
38,226,,
38,229,,
38,359,,
38,83,,
38,254,,
38,118,,
38,126,,
39,134,,
39,265,,
39,44,,
39,82,,
39,174,,
39,125,,
39,343,,
39,285,,
40,258,,
40,69,,
40,297,,
40,139,,
40,191,,
40,79,,
40,336,,
40,148,,
40,85,,
40,255,,
40,318,,
40,229,,
41,192,,
41,134,,
41,326,,
41,103,,
41,265,,
41,234,,
41,359,,
41,172,,
41,269,,
41,44,,
41,178,,
41,83,,
41,311,,
41,88,,
41,217,,
41,122,,
41,346,,
41,266,,
41,350,,
42,97,,
42,229,,
42,196,,
42,133,,
42,137,,
42,255,,
42,141,,
42,79,,
42,83,,
42,215,,
42,324,,
42,351,,
42,254,,
42,69,,
43,148,,
43,355,,
43,147,,
43,110,,
43,297,,
44,134,,
44,266,,
44,267,,
44,148,,
44,137,,
44,45,,
44,174,,
44,359,,
44,350,,
44,265,,
44,186,,
44,316,,
44,191,,
44,339,,
44,343,,
44,139,,
44,69,,
44,198,,
44,161,,
44,72,,
44,330,,
44,335,,
44,83,,
44,215,,
44,222,,
44,226,,
44,355,,
44,229,,
44,103,,
44,235,,
44,108,,
44,240,,
44,211,,
44,117,,
44,118,,
44,297,,
44,248,,
44,121,,
44,125,,
44,126,,
44,127,,
45,359,,
45,272,,
45,355,,
45,335,,
46,184,,
46,144,,
46,147,,
46,183,,
47,304,,
47,113,,
47,150,,
48,52,,
48,77,,
48,117,,
49,102,,
49,317,,
49,304,,
49,279,,
49,280,,
49,186,,
49,106,,
50,205,,
51,216,,
51,145,,
51,292,,
51,134,,
51,361,,
52,273,,
52,77,,
52,117,,
53,128,,
53,130,,
53,131,,
53,262,,
53,151,,
53,288,,
53,164,,
53,294,,
53,175,,
53,176,,
53,181,,
53,310,,
53,188,,
53,319,,
53,65,,
53,68,,
53,327,,
53,202,,
53,75,,
53,340,,
53,214,,
53,90,,
53,98,,
53,99,,
53,245,,
54,65,,
54,340,,
55,329,,
55,107,,
55,270,,
55,241,,
55,115,,
55,153,,
56,266,,
56,269,,
57,224,,
57,228,,
57,166,,
57,230,,
57,106,,
57,334,,
57,271,,
57,243,,
57,212,,
57,238,,
57,186,,
57,155,,
57,159,,
58,146,,
58,239,,
58,163,,
58,301,,
58,177,,
58,311,,
58,320,,
58,328,,
58,213,,
58,342,,
58,91,,
58,94,,
58,96,,
58,111,,
58,246,,
58,119,,
58,136,,
58,252,,
58,253,,
59,81,,
60,146,,
60,111,,
60,163,,
60,301,,
60,177,,
60,311,,
60,320,,
60,328,,
60,203,,
60,83,,
60,213,,
60,342,,
60,91,,
60,94,,
60,96,,
60,354,,
60,239,,
60,246,,
60,119,,
60,136,,
60,252,,
60,253,,
61,295,,
61,302,,
61,311,,
61,250,,
61,154,,
61,314,,
61,287,,
62,257,,
62,292,,
62,134,,
62,331,,
62,216,,
62,218,,
63,299,,
63,273,,
63,117,,
63,89,,
64,162,,
64,356,,
64,304,,
64,242,,
65,128,,
65,130,,
65,131,,
65,262,,
65,288,,
65,164,,
65,294,,
65,168,,
65,327,,
65,176,,
65,188,,
65,319,,
65,181,,
65,323,,
65,310,,
65,71,,
65,75,,
65,76,,
65,206,,
65,210,,
65,340,,
65,214,,
65,221,,
65,98,,
65,227,,
65,232,,
67,248,,
67,129,,
68,214,,
68,288,,
68,130,,
68,131,,
68,164,,
68,101,,
68,262,,
68,327,,
68,168,,
68,202,,
68,75,,
68,176,,
68,310,,
68,185,,
68,346,,
68,188,,
68,221,,
68,319,,
69,258,,
69,260,,
69,133,,
69,134,,
69,139,,
69,141,,
69,142,,
69,274,,
69,148,,
69,324,,
69,282,,
69,341,,
69,297,,
69,137,,
69,318,,
69,191,,
69,192,,
69,196,,
69,353,,
69,73,,
69,311,,
69,79,,
69,336,,
69,83,,
69,85,,
69,215,,
69,350,,
69,97,,
69,226,,
69,229,,
69,359,,
69,233,,
69,116,,
69,254,,
69,126,,
69,255,,
71,130,,
71,131,,
71,164,,
71,294,,
71,262,,
71,168,,
71,75,,
71,310,,
71,232,,
71,323,,
71,340,,
71,181,,
71,214,,
71,176,,
71,346,,
71,188,,
71,221,,
71,319,,
72,226,,
72,350,,
72,359,,
72,139,,
72,148,,
72,277,,
72,254,,
73,97,,
73,359,,
73,170,,
73,139,,
73,223,,
73,83,,
73,148,,
73,137,,
73,233,,
73,350,,
73,229,,
74,321,,
74,230,,
74,166,,
74,135,,
74,280,,
74,283,,
74,317,,
75,128,,
75,130,,
75,131,,
75,262,,
75,164,,
75,294,,
75,176,,
75,310,,
75,188,,
75,181,,
75,323,,
75,202,,
75,210,,
75,340,,
75,214,,
75,346,,
75,221,,
75,101,,
75,232,,
75,319,,
76,288,,
76,130,,
76,131,,
76,164,,
76,294,,
76,168,,
76,323,,
76,151,,
76,206,,
76,175,,
76,227,,
76,245,,
76,214,,
76,346,,
76,181,,
76,221,,
76,319,,
77,117,,
78,321,,
78,209,,
78,143,,
78,317,,
78,93,,
79,258,,
79,324,,
79,297,,
79,139,,
79,191,,
79,336,,
79,148,,
79,85,,
79,255,,
79,318,,
79,229,,
80,228,,
80,166,,
80,106,,
80,238,,
80,334,,
80,186,,
80,159,,
81,355,,
81,148,,
81,147,,
82,134,,
82,359,,
82,265,,
82,266,,
82,174,,
82,343,,
82,125,,
82,350,,
82,127,,
83,260,,
83,133,,
83,134,,
83,136,,
83,139,,
83,141,,
83,274,,
83,148,,
83,282,,
83,137,,
83,192,,
83,324,,
83,328,,
83,311,,
83,215,,
83,346,,
83,91,,
83,350,,
83,96,,
83,97,,
83,229,,
83,231,,
83,359,,
83,111,,
83,117,,
83,170,,
83,254,,
84,243,,
84,166,,
84,190,,
85,258,,
85,137,,
85,267,,
85,191,,
85,336,,
85,148,,
85,297,,
85,255,,
85,126,,
85,229,,
86,119,,
87,273,,
87,117,,
87,89,,
88,122,,
89,273,,
89,117,,
90,288,,
90,181,,
90,130,,
90,131,,
90,164,,
90,101,,
90,232,,
90,151,,
90,110,,
90,175,,
90,99,,
90,214,,
90,346,,
90,158,,
90,245,,
91,136,,
91,146,,
91,111,,
91,163,,
91,177,,
91,301,,
91,311,,
91,320,,
91,328,,
91,203,,
91,213,,
91,342,,
91,94,,
91,96,,
91,354,,
91,239,,
91,246,,
91,119,,
91,252,,
91,253,,
93,208,,
93,209,,
93,143,,
94,136,,
94,146,,
94,111,,
94,163,,
94,177,,
94,301,,
94,311,,
94,320,,
94,328,,
94,203,,
94,213,,
94,342,,
94,96,,
94,239,,
94,246,,
94,119,,
94,253,,
96,136,,
96,146,,
96,163,,
96,301,,
96,177,,
96,311,,
96,320,,
96,328,,
96,203,,
96,213,,
96,342,,
96,111,,
96,246,,
96,119,,
96,252,,
96,253,,
97,192,,
97,353,,
97,134,,
97,231,,
97,136,,
97,139,,
97,141,,
97,274,,
97,148,,
97,350,,
97,137,,
97,233,,
97,254,,
97,229,,
98,128,,
98,130,,
98,131,,
98,164,,
98,262,,
98,294,,
98,327,,
98,168,,
98,114,,
98,210,,
98,323,,
98,340,,
98,310,,
98,181,,
98,286,,
98,319,,
99,288,,
99,181,,
99,130,,
99,131,,
99,164,,
99,101,,
99,262,,
99,232,,
99,151,,
99,221,,
99,323,,
99,340,,
99,214,,
99,175,,
99,346,,
99,245,,
100,160,,
100,304,,
101,288,,
101,130,,
101,310,,
101,151,,
101,206,,
101,221,,
101,131,,
101,181,,
101,214,,
101,164,,
101,346,,
102,256,,
102,321,,
102,166,,
102,264,,
102,307,,
102,279,,
102,280,,
102,186,,
103,134,,
104,148,,
105,244,,
106,224,,
106,321,,
106,228,,
106,166,,
106,230,,
106,304,,
106,334,,
106,271,,
106,243,,
106,212,,
106,186,,
106,155,,
106,317,,
106,159,,
107,329,,
107,270,,
107,241,,
107,115,,
107,153,,
108,235,,
108,330,,
108,267,,
108,339,,
108,126,,
108,248,,
108,121,,
108,282,,
108,316,,
108,222,,
109,321,,
109,317,,
110,355,,
110,134,,
110,297,,
110,148,,
110,156,,
111,136,,
111,146,,
111,163,,
111,301,,
111,177,,
111,311,,
111,320,,
111,322,,
111,328,,
111,203,,
111,213,,
111,354,,
111,246,,
111,119,,
111,252,,
111,253,,
112,304,,
112,113,,
112,186,,
113,304,,
113,219,,
113,150,,
114,128,,
114,131,,
114,202,,
114,130,,
114,176,,
114,323,,
114,340,,
114,214,,
115,329,,
115,270,,
115,241,,
115,153,,
116,226,,
116,355,,
116,359,,
116,139,,
116,148,,
116,126,,
116,137,,
116,350,,
116,191,,
117,134,,
117,273,,
117,148,,
117,299,,
117,304,,
117,137,,
117,186,,
117,187,,
117,204,,
117,337,,
117,346,,
117,220,,
117,350,,
117,359,,
118,335,,
119,354,,
119,246,,
119,328,,
119,252,,
119,203,,
119,320,,
119,177,,
119,146,,
119,213,,
119,311,,
119,253,,
120,295,,
120,207,,
120,182,,
120,247,,
120,348,,
120,287,,
121,161,,
121,235,,
121,262,,
121,330,,
121,267,,
121,339,,
121,126,,
121,248,,
121,282,,
121,316,,
121,222,,
122,234,,
123,259,,
123,179,,
123,134,,
123,266,,
123,140,,
124,340,,
124,171,,
125,134,,
125,137,,
125,266,,
125,174,,
125,343,,
125,285,,
126,134,,
126,267,,
126,148,,
126,278,,
126,282,,
126,283,,
126,297,,
126,137,,
126,316,,
126,191,,
126,343,,
126,139,,
126,198,,
126,330,,
126,215,,
126,350,,
126,353,,
126,226,,
126,359,,
126,233,,
126,235,,
126,255,,
127,134,,
127,265,,
127,174,,
127,343,,
128,130,,
128,131,,
128,262,,
128,268,,
128,158,,
128,288,,
128,294,,
128,168,,
128,176,,
128,310,,
128,188,,
128,181,,
128,323,,
128,202,,
128,210,,
128,340,,
128,214,,
128,164,,
128,346,,
128,221,,
128,319,,
130,131,,
130,262,,
130,151,,
130,346,,
130,158,,
130,288,,
130,164,,
130,294,,
130,168,,
130,327,,
130,175,,
130,176,,
130,310,,
130,188,,
130,319,,
130,323,,
130,181,,
130,202,,
130,333,,
130,210,,
130,340,,
130,214,,
130,221,,
130,232,,
130,245,,
131,262,,
131,151,,
131,346,,
131,158,,
131,288,,
131,164,,
131,294,,
131,168,,
131,327,,
131,175,,
131,176,,
131,310,,
131,188,,
131,319,,
131,323,,
131,181,,
131,202,,
131,206,,
131,210,,
131,340,,
131,214,,
131,221,,
131,232,,
131,245,,
132,347,,
133,226,,
133,229,,
133,196,,
133,134,,
133,359,,
133,139,,
133,148,,
133,350,,
133,233,,
133,137,,
133,324,,
133,215,,
133,254,,
133,191,,
134,311,,
134,260,,
134,145,,
134,266,,
134,139,,
134,140,,
134,269,,
134,274,,
134,148,,
134,278,,
134,179,,
134,156,,
134,359,,
134,292,,
134,174,,
134,137,,
134,192,,
134,265,,
134,195,,
134,225,,
134,331,,
134,290,,
134,336,,
134,254,,
134,215,,
134,216,,
134,218,,
134,350,,
134,226,,
134,355,,
134,229,,
134,259,,
134,361,,
134,234,,
134,231,,
134,237,,
134,353,,
134,343,,
135,224,,
136,146,,
136,163,,
136,301,,
136,177,,
136,137,,
136,320,,
136,328,,
136,203,,
136,213,,
136,354,,
136,233,,
136,246,,
136,252,,
136,253,,
137,139,,
137,141,,
137,142,,
137,274,,
137,148,,
137,282,,
137,174,,
137,191,,
137,192,,
137,324,,
137,330,,
137,336,,
137,254,,
137,215,,
137,350,,
137,226,,
137,229,,
137,359,,
137,233,,
137,237,,
137,341,,
138,193,,
138,226,,
138,359,,
138,139,,
138,240,,
139,260,,
139,148,,
139,278,,
139,297,,
139,191,,
139,192,,
139,193,,
139,336,,
139,215,,
139,350,,
139,226,,
139,229,,
139,359,,
139,240,,
139,254,,
139,255,,
140,225,,
140,266,,
140,148,,
141,324,,
141,231,,
141,274,,
141,196,,
141,233,,
141,254,,
141,229,,
142,311,,
142,174,,
143,321,,
143,208,,
143,209,,
143,317,,
144,147,,
144,183,,
145,216,,
145,361,,
145,292,,
146,311,,
146,163,,
146,328,,
146,177,,
146,252,,
146,203,,
146,301,,
146,320,,
146,253,,
147,355,,
147,261,,
147,337,,
147,297,,
147,304,,
147,148,,
147,149,,
147,183,,
147,184,,
148,258,,
148,300,,
148,149,,
148,254,,
148,282,,
148,156,,
148,341,,
148,261,,
148,297,,
148,170,,
148,180,,
148,313,,
148,318,,
148,191,,
148,192,,
148,198,,
148,353,,
148,333,,
148,336,,
148,215,,
148,346,,
148,221,,
148,350,,
148,226,,
148,355,,
148,229,,
148,231,,
148,233,,
148,359,,
148,274,,
148,240,,
148,296,,
148,255,,
149,355,,
149,297,,
149,191,,
150,219,,
151,288,,
151,181,,
151,164,,
151,327,,
151,232,,
151,202,,
151,221,,
151,214,,
151,185,,
151,346,,
151,245,,
152,282,,
152,291,,
153,329,,
153,270,,
153,241,,
154,314,,
155,228,,
155,166,,
155,230,,
155,334,,
155,271,,
155,243,,
155,186,,
155,159,,
156,266,,
157,249,,
157,298,,
157,306,,
158,288,,
158,175,,
158,340,,
158,181,,
158,214,,
158,286,,
159,228,,
159,166,,
159,230,,
159,334,,
159,271,,
159,243,,
159,212,,
159,238,,
159,186,,
161,192,,
161,353,,
161,359,,
161,267,,
161,341,,
161,282,,
161,254,,
162,242,,
162,356,,
163,301,,
163,177,,
163,311,,
163,320,,
163,328,,
163,203,,
163,213,,
163,342,,
163,354,,
163,358,,
163,246,,
163,252,,
163,253,,
164,262,,
164,286,,
164,288,,
164,294,,
164,327,,
164,175,,
164,176,,
164,310,,
164,188,,
164,319,,
164,323,,
164,181,,
164,202,,
164,206,,
164,210,,
164,227,,
164,340,,
164,214,,
164,346,,
164,221,,
164,232,,
166,224,,
166,321,,
166,283,,
166,228,,
166,230,,
166,334,,
166,271,,
166,243,,
166,212,,
166,280,,
166,186,,
166,317,,
167,346,,
167,308,,
168,310,,
168,294,,
168,202,,
168,327,,
168,323,,
168,181,,
168,214,,
168,185,,
168,346,,
168,188,,
168,221,,
169,190,,
170,346,,
170,221,,
171,340,,
173,330,,
173,284,,
174,266,,
174,343,,
174,265,,
174,254,,
175,288,,
175,327,,
175,232,,
175,286,,
175,340,,
175,214,,
175,346,,
175,181,,
176,310,,
176,294,,
176,202,,
176,323,,
176,214,,
176,188,,
177,301,,
177,311,,
177,328,,
177,203,,
177,213,,
177,342,,
177,354,,
177,358,,
177,252,,
178,326,,
179,266,,
179,195,,
180,261,,
181,288,,
181,294,,
181,327,,
181,310,,
181,188,,
181,319,,
181,323,,
181,202,,
181,340,,
181,214,,
181,346,,
181,221,,
181,232,,
181,245,,
182,295,,
182,348,,
182,207,,
185,232,,
185,210,,
185,340,,
186,271,,
186,279,,
186,304,,
186,317,,
186,321,,
186,325,,
186,334,,
186,209,,
186,212,,
186,224,,
186,228,,
186,230,,
186,238,,
186,243,,
187,337,,
188,262,,
188,294,,
188,310,,
188,319,,
188,323,,
188,202,,
188,210,,
188,340,,
188,214,,
188,346,,
189,311,,
190,256,,
190,276,,
191,258,,
191,261,,
191,297,,
191,318,,
191,336,,
191,344,,
191,350,,
191,226,,
191,355,,
191,229,,
191,359,,
191,255,,
192,260,,
192,266,,
192,350,,
192,223,,
192,229,,
192,359,,
192,233,,
192,237,,
193,226,,
193,359,,
193,240,,
193,278,,
194,350,,
194,199,,
195,259,,
195,266,,
196,229,,
196,324,,
196,359,,
196,233,,
196,231,,
196,341,,
196,215,,
196,254,,
198,226,,
198,359,,
198,211,,
198,350,,
199,350,,
200,359,,
201,330,,
201,263,,
202,262,,
202,286,,
202,294,,
202,310,,
202,323,,
202,327,,
202,340,,
202,214,,
202,232,,
202,245,,
203,328,,
203,252,,
203,311,,
203,301,,
203,320,,
203,213,,
203,253,,
204,337,,
206,288,,
206,323,,
206,340,,
206,310,,
206,319,,
207,295,,
207,247,,
207,348,,
207,287,,
208,321,,
208,209,,
209,321,,
209,264,,
209,317,,
210,294,,
210,262,,
210,232,,
210,323,,
210,340,,
210,227,,
210,310,,
210,319,,
211,335,,
212,230,,
212,325,,
212,334,,
212,317,,
213,354,,
213,342,,
213,328,,
213,252,,
213,320,,
213,246,,
213,253,,
214,262,,
214,346,,
214,288,,
214,294,,
214,327,,
214,310,,
214,323,,
214,340,,
214,221,,
214,245,,
214,319,,
215,229,,
215,359,,
215,254,,
215,350,,
215,324,,
215,233,,
215,260,,
216,292,,
216,361,,
216,218,,
218,292,,
218,331,,
218,313,,
219,276,,
221,262,,
221,288,,
221,294,,
221,327,,
221,319,,
221,323,,
221,340,,
221,346,,
221,245,,
222,235,,
222,330,,
222,267,,
222,339,,
222,248,,
222,316,,
223,233,,
224,228,,
224,230,,
224,334,,
224,271,,
224,243,,
224,238,,
224,280,,
224,317,,
226,258,,
226,278,,
226,297,,
226,336,,
226,350,,
226,229,,
226,359,,
226,240,,
227,323,,
227,340,,
227,319,,
228,230,,
228,334,,
228,271,,
228,243,,
228,238,,
229,258,,
229,324,,
229,336,,
229,350,,
229,359,,
229,233,,
229,254,,
229,255,,
230,321,,
230,334,,
230,271,,
230,243,,
230,238,,
230,280,,
230,317,,
231,353,,
231,233,,
231,274,,
231,254,,
232,288,,
232,262,,
232,340,,
232,310,,
232,286,,
233,274,,
233,282,,
233,341,,
233,350,,
233,359,,
233,254,,
234,266,,
234,269,,
235,330,,
235,267,,
235,339,,
235,248,,
235,316,,
236,330,,
236,267,,
237,359,,
237,350,,
238,334,,
238,243,,
239,320,,
239,328,,
239,311,,
239,252,,
239,253,,
240,359,,
240,278,,
240,350,,
241,270,,
242,304,,
242,356,,
243,271,,
243,304,,
243,334,,
243,276,,
243,317,,
245,288,,
246,354,,
246,252,,
246,311,,
246,301,,
246,320,,
246,328,,
246,253,,
247,357,,
247,338,,
247,314,,
248,330,,
248,339,,
249,306,,
249,298,,
250,293,,
250,302,,
250,311,,
251,282,,
251,330,,
251,309,,
252,342,,
252,328,,
252,253,,
252,311,,
253,311,,
253,301,,
253,320,,
253,328,,
254,260,,
254,266,,
254,324,,
254,353,,
254,336,,
254,341,,
254,350,,
254,359,,
255,258,,
255,297,,
255,336,,
255,318,,
256,304,,
256,276,,
256,317,,
258,297,,
258,336,,
258,318,,
260,359,,
260,350,,
260,282,,
261,355,,
261,344,,
262,286,,
262,288,,
262,294,,
262,340,,
263,330,,
264,321,,
264,283,,
264,317,,
265,266,,
265,343,,
265,285,,
266,269,,
266,326,,
266,343,,
266,350,,
266,359,,
267,282,,
267,316,,
267,330,,
270,329,,
271,334,,
271,304,,
273,299,,
273,304,,
274,353,,
275,338,,
275,314,,
276,321,,
276,283,,
278,359,,
278,350,,
279,303,,
280,317,,
282,359,,
282,330,,
282,353,,
282,341,,
282,350,,
283,321,,
283,317,,
284,330,,
286,288,,
286,340,,
287,293,,
287,295,,
287,314,,
288,346,,
288,294,,
288,310,,
288,323,,
288,340,,
288,319,,
290,359,,
292,361,,
293,314,,
293,311,,
294,327,,
294,310,,
294,323,,
294,340,,
294,346,,
294,319,,
295,357,,
295,338,,
295,314,,
295,348,,
296,359,,
297,318,,
297,336,,
297,344,,
297,350,,
297,355,,
297,359,,
298,306,,
300,346,,
301,354,,
301,328,,
301,320,,
302,311,,
303,304,,
304,317,,
304,334,,
304,337,,
304,356,,
305,332,,
305,308,,
308,332,,
309,330,,
310,339,,
310,340,,
310,346,,
310,319,,
311,320,,
311,328,,
311,314,,
311,354,,
312,357,,
313,344,,
314,357,,
314,338,,
316,330,,
317,321,,
318,336,,
319,327,,
319,323,,
319,340,,
320,342,,
320,328,,
323,340,,
323,346,,
324,359,,
325,346,,
327,340,,
328,354,,
328,358,,
330,350,,
330,339,,
331,350,,
335,350,,
338,357,,
340,346,,
341,359,,
341,353,,
341,350,,
343,350,,
344,355,,
350,355,,
350,359,,
353,359,,
355,359,,()_with_int_labels
